# scripts/wind_driver.py -- APPLIED wind wrench log (world-side disturbance; gt side of the honesty boundary, scoring/audit only)
# world=apriltag entity=x500_mono_cam_0::base_link topic=/world/apriltag/wrench/persistent
# label=gate0 mean_mps=5.0 dir_from_deg=270.0 height_m=6.0 sigma_mps=0.0 tau_s=8.629200809773325 seed=7 rate_hz=20.0
# conditions_provenance=Gate-0 physics probe: synthetic steady wind, NOT a field reading (docs/wind_gate0_prereg.md)
# drag: mass_kg=2.114307692307692 mcoef_per_s=0.15 bcoef=100.0 rho=1.225
# drag_provenance=PX4 defaults + SDF mass, SITL ONLY: EKF2_MCOEF=0.15 1/s and EKF2_BCOEF_X/Y=100 kg/m^2 from src/modules/ekf2/params_drag.yaml; mass 2.114308 kg = x500_base/model.sdf (2.0 + 4*0.016076923) + mono_cam/model.sdf (0.050); rho 1.225 ISA. NOT measured on the real airframe -- do not quote a field number off these.
# columns applied_f_* are what was PUT ON THE WIRE; `published` is whether gz-transport accepted it (ADR-0090 pattern: log what was applied, not what was intended)
t_sim,grid_index,wind_n,wind_e,wind_d,steady_n,steady_e,gust_u,gust_v,v_veh_n,v_veh_e,v_rel_n,v_rel_e,v_rel_mps,a_drag_m_s2,applied_f_n,applied_f_e,applied_f_d,applied_f_world_x,applied_f_world_y,applied_f_world_z,published,publish_error
40.8120,816,0.00000,5.00000,0.00000,0.00000,5.00000,0.00000,0.00000,-0.00649,0.01035,0.00649,4.98965,4.98965,0.90094,0.00248,1.90486,0.00000,1.90486,0.00248,-0.00000,1,
40.8600,817,0.00000,5.00000,0.00000,0.00000,5.00000,0.00000,0.00000,-0.00554,0.01240,0.00554,4.98760,4.98761,0.90051,0.00211,1.90395,0.00000,1.90395,0.00211,-0.00000,1,
40.9120,818,0.00000,5.00000,0.00000,0.00000,5.00000,0.00000,0.00000,-0.00411,0.01491,0.00411,4.98509,4.98509,0.89998,0.00157,1.90283,0.00000,1.90283,0.00157,-0.00000,1,
40.9600,819,0.00000,5.00000,0.00000,0.00000,5.00000,0.00000,0.00000,-0.00328,0.01672,0.00328,4.98328,4.98328,0.89960,0.00125,1.90202,0.00000,1.90202,0.00125,-0.00000,1,
41.0120,820,0.00000,5.00000,0.00000,0.00000,5.00000,0.00000,0.00000,-0.00271,0.01822,0.00271,4.98178,4.98178,0.89928,0.00103,1.90135,0.00000,1.90135,0.00103,-0.00000,1,
41.0600,821,0.00000,5.00000,0.00000,0.00000,5.00000,0.00000,0.00000,-0.00162,0.01948,0.00162,4.98052,4.98052,0.89901,0.00062,1.90079,0.00000,1.90079,0.00062,-0.00000,1,
41.1120,822,0.00000,5.00000,0.00000,0.00000,5.00000,0.00000,0.00000,-0.00052,0.02138,0.00052,4.97862,4.97862,0.89861,0.00020,1.89994,0.00000,1.89994,0.00020,-0.00000,1,
41.1600,823,0.00000,5.00000,0.00000,0.00000,5.00000,0.00000,0.00000,0.00024,0.02283,-0.00024,4.97717,4.97717,0.89831,-0.00009,1.89929,0.00000,1.89929,-0.00009,-0.00000,1,
41.2120,824,0.00000,5.00000,0.00000,0.00000,5.00000,0.00000,0.00000,0.00056,0.02392,-0.00056,4.97608,4.97608,0.89808,-0.00021,1.89881,0.00000,1.89881,-0.00021,-0.00000,1,
41.2600,825,0.00000,5.00000,0.00000,0.00000,5.00000,0.00000,0.00000,0.00026,0.02449,-0.00026,4.97551,4.97551,0.89796,-0.00010,1.89855,0.00000,1.89855,-0.00010,-0.00000,1,
41.3120,826,0.00000,5.00000,0.00000,0.00000,5.00000,0.00000,0.00000,0.00003,0.02510,-0.00003,4.97490,4.97490,0.89783,-0.00001,1.89828,0.00000,1.89828,-0.00001,-0.00000,1,
41.3600,827,0.00000,5.00000,0.00000,0.00000,5.00000,0.00000,0.00000,-0.00045,0.02553,0.00045,4.97447,4.97447,0.89774,0.00017,1.89809,0.00000,1.89809,0.00017,-0.00000,1,
41.4920,829,0.00000,5.00000,0.00000,0.00000,5.00000,0.00000,0.00000,-0.00160,0.02606,0.00160,4.97394,4.97394,0.89762,0.00061,1.89785,0.00000,1.89785,0.00061,-0.00000,1,
41.5440,830,0.00000,5.00000,0.00000,0.00000,5.00000,0.00000,0.00000,-0.00254,0.02644,0.00254,4.97356,4.97356,0.89754,0.00097,1.89768,0.00000,1.89768,0.00097,-0.00000,1,
41.5920,831,0.00000,5.00000,0.00000,0.00000,5.00000,0.00000,0.00000,-0.00283,0.02642,0.00283,4.97358,4.97358,0.89755,0.00108,1.89769,0.00000,1.89769,0.00108,-0.00000,1,
41.6440,832,0.00000,5.00000,0.00000,0.00000,5.00000,0.00000,0.00000,-0.00330,0.02637,0.00330,4.97363,4.97363,0.89756,0.00126,1.89771,0.00000,1.89771,0.00126,-0.00000,1,
41.6920,833,0.00000,5.00000,0.00000,0.00000,5.00000,0.00000,0.00000,-0.00419,0.02647,0.00419,4.97353,4.97353,0.89754,0.00160,1.89767,0.00000,1.89767,0.00160,-0.00000,1,
41.7440,834,0.00000,5.00000,0.00000,0.00000,5.00000,0.00000,0.00000,-0.00539,0.02682,0.00539,4.97318,4.97318,0.89746,0.00206,1.89751,0.00000,1.89751,0.00206,-0.00000,1,
41.7920,835,0.00000,5.00000,0.00000,0.00000,5.00000,0.00000,0.00000,-0.00605,0.02700,0.00605,4.97300,4.97301,0.89743,0.00231,1.89744,0.00000,1.89744,0.00231,-0.00000,1,
41.8440,836,0.00000,5.00000,0.00000,0.00000,5.00000,0.00000,0.00000,-0.00664,0.02701,0.00664,4.97299,4.97300,0.89742,0.00253,1.89743,0.00000,1.89743,0.00253,-0.00000,1,
41.8920,837,0.00000,5.00000,0.00000,0.00000,5.00000,0.00000,0.00000,-0.00720,0.02767,0.00720,4.97233,4.97234,0.89729,0.00275,1.89714,0.00000,1.89714,0.00275,-0.00000,1,
41.9440,838,0.00000,5.00000,0.00000,0.00000,5.00000,0.00000,0.00000,-0.00768,0.02805,0.00768,4.97195,4.97195,0.89721,0.00293,1.89697,0.00000,1.89697,0.00293,-0.00000,1,
41.9920,839,0.00000,5.00000,0.00000,0.00000,5.00000,0.00000,0.00000,-0.00853,0.02822,0.00853,4.97178,4.97179,0.89717,0.00325,1.89689,0.00000,1.89689,0.00325,-0.00000,1,
42.0440,840,0.00000,5.00000,0.00000,0.00000,5.00000,0.00000,0.00000,-0.00906,0.02833,0.00906,4.97167,4.97168,0.89715,0.00346,1.89684,0.00000,1.89684,0.00346,-0.00000,1,
42.0920,841,0.00000,5.00000,0.00000,0.00000,5.00000,0.00000,0.00000,-0.01025,0.02817,0.01025,4.97183,4.97184,0.89718,0.00391,1.89691,0.00000,1.89691,0.00391,-0.00000,1,
42.1440,842,0.00000,5.00000,0.00000,0.00000,5.00000,0.00000,0.00000,-0.01116,0.02829,0.01116,4.97171,4.97172,0.89716,0.00426,1.89686,0.00000,1.89686,0.00426,-0.00000,1,
42.1920,843,0.00000,5.00000,0.00000,0.00000,5.00000,0.00000,0.00000,-0.01238,0.02841,0.01238,4.97159,4.97160,0.89713,0.00472,1.89681,0.00000,1.89681,0.00472,-0.00000,1,
42.2440,844,0.00000,5.00000,0.00000,0.00000,5.00000,0.00000,0.00000,-0.01314,0.02803,0.01314,4.97197,4.97199,0.89721,0.00501,1.89698,0.00000,1.89698,0.00501,-0.00000,1,
42.2920,845,0.00000,5.00000,0.00000,0.00000,5.00000,0.00000,0.00000,-0.01385,0.02778,0.01385,4.97222,4.97224,0.89727,0.00529,1.89709,0.00000,1.89709,0.00529,-0.00000,1,
42.3440,846,0.00000,5.00000,0.00000,0.00000,5.00000,0.00000,0.00000,-0.01487,0.02794,0.01487,4.97206,4.97209,0.89723,0.00567,1.89702,0.00000,1.89702,0.00567,-0.00000,1,
42.3920,847,0.00000,5.00000,0.00000,0.00000,5.00000,0.00000,0.00000,-0.01537,0.02807,0.01537,4.97193,4.97196,0.89721,0.00586,1.89696,0.00000,1.89696,0.00586,-0.00000,1,
42.4440,848,0.00000,5.00000,0.00000,0.00000,5.00000,0.00000,0.00000,-0.01591,0.02817,0.01591,4.97183,4.97186,0.89718,0.00607,1.89692,0.00000,1.89692,0.00607,-0.00000,1,
42.4920,849,0.00000,5.00000,0.00000,0.00000,5.00000,0.00000,0.00000,-0.01594,0.02783,0.01594,4.97217,4.97220,0.89726,0.00608,1.89707,0.00000,1.89707,0.00608,-0.00000,1,
42.5440,850,0.00000,5.00000,0.00000,0.00000,5.00000,0.00000,0.00000,-0.01595,0.02752,0.01595,4.97248,4.97251,0.89732,0.00609,1.89720,0.00000,1.89720,0.00609,-0.00000,1,
42.5920,851,0.00000,5.00000,0.00000,0.00000,5.00000,0.00000,0.00000,-0.01535,0.02711,0.01535,4.97289,4.97291,0.89741,0.00586,1.89738,0.00000,1.89738,0.00586,-0.00000,1,
42.6440,852,0.00000,5.00000,0.00000,0.00000,5.00000,0.00000,0.00000,-0.01468,0.02660,0.01468,4.97340,4.97342,0.89751,0.00560,1.89761,0.00000,1.89761,0.00560,-0.00000,1,
42.6920,853,0.00000,5.00000,0.00000,0.00000,5.00000,0.00000,0.00000,-0.01402,0.02585,0.01402,4.97415,4.97417,0.89767,0.00535,1.89795,0.00000,1.89795,0.00535,-0.00000,1,
42.7440,854,0.00000,5.00000,0.00000,0.00000,5.00000,0.00000,0.00000,-0.01313,0.02496,0.01313,4.97504,4.97506,0.89786,0.00501,1.89834,0.00000,1.89834,0.00501,-0.00000,1,
42.7920,855,0.00000,5.00000,0.00000,0.00000,5.00000,0.00000,0.00000,-0.01204,0.02398,0.01204,4.97602,4.97604,0.89807,0.00459,1.89878,0.00000,1.89878,0.00459,-0.00000,1,
42.8440,856,0.00000,5.00000,0.00000,0.00000,5.00000,0.00000,0.00000,-0.01072,0.02310,0.01072,4.97690,4.97691,0.89825,0.00409,1.89917,0.00000,1.89917,0.00409,-0.00000,1,
42.8920,857,0.00000,5.00000,0.00000,0.00000,5.00000,0.00000,0.00000,-0.00909,0.02191,0.00909,4.97809,4.97809,0.89850,0.00347,1.89970,0.00000,1.89970,0.00347,-0.00000,1,
42.9440,858,0.00000,5.00000,0.00000,0.00000,5.00000,0.00000,0.00000,-0.00758,0.02137,0.00758,4.97863,4.97864,0.89861,0.00289,1.89995,0.00000,1.89995,0.00289,-0.00000,1,
42.9920,859,0.00000,5.00000,0.00000,0.00000,5.00000,0.00000,0.00000,-0.00569,0.02045,0.00569,4.97955,4.97955,0.89881,0.00217,1.90035,0.00000,1.90035,0.00217,-0.00000,1,
43.0440,860,0.00000,5.00000,0.00000,0.00000,5.00000,0.00000,0.00000,-0.00465,0.01981,0.00465,4.98019,4.98020,0.89894,0.00177,1.90064,0.00000,1.90064,0.00177,-0.00000,1,
43.0920,861,0.00000,5.00000,0.00000,0.00000,5.00000,0.00000,0.00000,-0.00282,0.01896,0.00282,4.98104,4.98104,0.89912,0.00108,1.90102,0.00000,1.90102,0.00108,-0.00000,1,
43.1440,862,0.00000,5.00000,0.00000,0.00000,5.00000,0.00000,0.00000,-0.00081,0.01849,0.00081,4.98151,4.98151,0.89922,0.00031,1.90123,0.00000,1.90123,0.00031,-0.00000,1,
43.1920,863,0.00000,5.00000,0.00000,0.00000,5.00000,0.00000,0.00000,0.00071,0.01810,-0.00071,4.98190,4.98190,0.89930,-0.00027,1.90140,0.00000,1.90140,-0.00027,-0.00000,1,
43.2440,864,0.00000,5.00000,0.00000,0.00000,5.00000,0.00000,0.00000,0.00224,0.01784,-0.00224,4.98216,4.98216,0.89936,-0.00085,1.90152,0.00000,1.90152,-0.00085,-0.00000,1,
43.2920,865,0.00000,5.00000,0.00000,0.00000,5.00000,0.00000,0.00000,0.00387,0.01705,-0.00387,4.98295,4.98295,0.89953,-0.00148,1.90187,0.00000,1.90187,-0.00148,-0.00000,1,
43.3440,866,0.00000,5.00000,0.00000,0.00000,5.00000,0.00000,0.00000,0.00545,0.01694,-0.00545,4.98306,4.98306,0.89955,-0.00208,1.90192,0.00000,1.90192,-0.00208,-0.00000,1,
43.3920,867,0.00000,5.00000,0.00000,0.00000,5.00000,0.00000,0.00000,0.00694,0.01667,-0.00694,4.98333,4.98334,0.89961,-0.00265,1.90204,0.00000,1.90204,-0.00265,-0.00000,1,
43.4440,868,0.00000,5.00000,0.00000,0.00000,5.00000,0.00000,0.00000,0.00830,0.01672,-0.00830,4.98328,4.98329,0.89960,-0.00317,1.90202,0.00000,1.90202,-0.00317,-0.00000,1,
43.4920,869,0.00000,5.00000,0.00000,0.00000,5.00000,0.00000,0.00000,0.00948,0.01709,-0.00948,4.98291,4.98292,0.89952,-0.00362,1.90186,0.00000,1.90186,-0.00362,-0.00000,1,
43.5440,870,0.00000,5.00000,0.00000,0.00000,5.00000,0.00000,0.00000,0.01093,0.01716,-0.01093,4.98284,4.98285,0.89950,-0.00417,1.90182,0.00000,1.90182,-0.00417,-0.00000,1,
43.5920,871,0.00000,5.00000,0.00000,0.00000,5.00000,0.00000,0.00000,0.01205,0.01702,-0.01205,4.98298,4.98299,0.89953,-0.00460,1.90188,0.00000,1.90188,-0.00460,-0.00000,1,
43.6440,872,0.00000,5.00000,0.00000,0.00000,5.00000,0.00000,0.00000,0.01304,0.01717,-0.01304,4.98283,4.98285,0.89950,-0.00498,1.90182,0.00000,1.90182,-0.00498,-0.00000,1,
43.6920,873,0.00000,5.00000,0.00000,0.00000,5.00000,0.00000,0.00000,0.01392,0.01703,-0.01392,4.98297,4.98299,0.89953,-0.00531,1.90188,0.00000,1.90188,-0.00531,-0.00000,1,
43.7440,874,0.00000,5.00000,0.00000,0.00000,5.00000,0.00000,0.00000,0.01469,0.01642,-0.01469,4.98358,4.98360,0.89966,-0.00561,1.90216,0.00000,1.90216,-0.00561,-0.00000,1,
43.7920,875,0.00000,5.00000,0.00000,0.00000,5.00000,0.00000,0.00000,0.01533,0.01641,-0.01533,4.98359,4.98362,0.89967,-0.00585,1.90216,0.00000,1.90216,-0.00585,-0.00000,1,
43.8440,876,0.00000,5.00000,0.00000,0.00000,5.00000,0.00000,0.00000,0.01609,0.01685,-0.01609,4.98315,4.98318,0.89957,-0.00614,1.90197,0.00000,1.90197,-0.00614,-0.00000,1,
43.8920,877,0.00000,5.00000,0.00000,0.00000,5.00000,0.00000,0.00000,0.01640,0.01693,-0.01640,4.98307,4.98310,0.89956,-0.00626,1.90193,0.00000,1.90193,-0.00626,-0.00000,1,
43.9440,878,0.00000,5.00000,0.00000,0.00000,5.00000,0.00000,0.00000,0.01643,0.01720,-0.01643,4.98280,4.98283,0.89950,-0.00627,1.90181,0.00000,1.90181,-0.00627,-0.00000,1,
43.9920,879,0.00000,5.00000,0.00000,0.00000,5.00000,0.00000,0.00000,0.01662,0.01796,-0.01662,4.98204,4.98207,0.89934,-0.00634,1.90147,0.00000,1.90147,-0.00634,-0.00000,1,
44.0440,880,0.00000,5.00000,0.00000,0.00000,5.00000,0.00000,0.00000,0.01630,0.01817,-0.01630,4.98183,4.98185,0.89929,-0.00622,1.90137,0.00000,1.90137,-0.00622,-0.00000,1,
44.0920,881,0.00000,5.00000,0.00000,0.00000,5.00000,0.00000,0.00000,0.01576,0.01890,-0.01576,4.98110,4.98112,0.89914,-0.00601,1.90105,0.00000,1.90105,-0.00601,-0.00000,1,
44.1440,882,0.00000,5.00000,0.00000,0.00000,5.00000,0.00000,0.00000,0.01606,0.01947,-0.01606,4.98053,4.98055,0.89902,-0.00613,1.90079,0.00000,1.90079,-0.00613,-0.00000,1,
44.1920,883,0.00000,5.00000,0.00000,0.00000,5.00000,0.00000,0.00000,0.01600,0.01977,-0.01600,4.98023,4.98025,0.89896,-0.00611,1.90066,0.00000,1.90066,-0.00611,-0.00000,1,
44.2440,884,0.00000,5.00000,0.00000,0.00000,5.00000,0.00000,0.00000,0.01584,0.01961,-0.01584,4.98039,4.98042,0.89899,-0.00605,1.90073,0.00000,1.90073,-0.00605,-0.00000,1,
44.2920,885,0.00000,5.00000,0.00000,0.00000,5.00000,0.00000,0.00000,0.01619,0.01924,-0.01619,4.98076,4.98079,0.89907,-0.00618,1.90090,0.00000,1.90090,-0.00618,-0.00000,1,
44.3440,886,0.00000,5.00000,0.00000,0.00000,5.00000,0.00000,0.00000,0.01653,0.01907,-0.01653,4.98093,4.98096,0.89910,-0.00631,1.90097,0.00000,1.90097,-0.00631,-0.00000,1,
44.3920,887,0.00000,5.00000,0.00000,0.00000,5.00000,0.00000,0.00000,0.01698,0.01842,-0.01698,4.98158,4.98160,0.89924,-0.00648,1.90126,0.00000,1.90126,-0.00648,-0.00000,1,
44.4440,888,0.00000,5.00000,0.00000,0.00000,5.00000,0.00000,0.00000,0.01774,0.01783,-0.01774,4.98217,4.98221,0.89937,-0.00677,1.90153,0.00000,1.90153,-0.00677,-0.00000,1,
44.4920,889,0.00000,5.00000,0.00000,0.00000,5.00000,0.00000,0.00000,0.01788,0.01729,-0.01788,4.98271,4.98275,0.89948,-0.00682,1.90177,0.00000,1.90177,-0.00682,-0.00000,1,
44.5440,890,0.00000,5.00000,0.00000,0.00000,5.00000,0.00000,0.00000,0.01813,0.01665,-0.01813,4.98335,4.98339,0.89962,-0.00692,1.90206,0.00000,1.90206,-0.00692,-0.00000,1,
44.5920,891,0.00000,5.00000,0.00000,0.00000,5.00000,0.00000,0.00000,0.01828,0.01613,-0.01828,4.98387,4.98390,0.89973,-0.00698,1.90228,0.00000,1.90228,-0.00698,-0.00000,1,
44.6440,892,0.00000,5.00000,0.00000,0.00000,5.00000,0.00000,0.00000,0.01836,0.01549,-0.01836,4.98451,4.98454,0.89986,-0.00701,1.90257,0.00000,1.90257,-0.00701,-0.00000,1,
44.6920,893,0.00000,5.00000,0.00000,0.00000,5.00000,0.00000,0.00000,0.01907,0.01468,-0.01907,4.98532,4.98535,0.90003,-0.00728,1.90293,0.00000,1.90293,-0.00728,-0.00000,1,
44.7440,894,0.00000,5.00000,0.00000,0.00000,5.00000,0.00000,0.00000,0.01951,0.01340,-0.01951,4.98660,4.98664,0.90030,-0.00745,1.90351,0.00000,1.90351,-0.00745,-0.00000,1,
44.7920,895,0.00000,5.00000,0.00000,0.00000,5.00000,0.00000,0.00000,0.02029,0.01217,-0.02029,4.98783,4.98787,0.90056,-0.00774,1.90405,0.00000,1.90405,-0.00774,-0.00000,1,
44.8440,896,0.00000,5.00000,0.00000,0.00000,5.00000,0.00000,0.00000,0.02058,0.01041,-0.02058,4.98959,4.98964,0.90094,-0.00786,1.90484,0.00000,1.90484,-0.00786,-0.00000,1,
44.8920,897,0.00000,5.00000,0.00000,0.00000,5.00000,0.00000,0.00000,0.02056,0.00868,-0.02056,4.99132,4.99136,0.90130,-0.00785,1.90561,0.00000,1.90561,-0.00785,-0.00000,1,
44.9440,898,0.00000,5.00000,0.00000,0.00000,5.00000,0.00000,0.00000,0.02042,0.00688,-0.02042,4.99312,4.99317,0.90168,-0.00780,1.90642,0.00000,1.90642,-0.00780,-0.00000,1,
44.9920,899,0.00000,5.00000,0.00000,0.00000,5.00000,0.00000,0.00000,0.01990,0.00521,-0.01990,4.99479,4.99483,0.90203,-0.00760,1.90716,0.00000,1.90716,-0.00760,-0.00000,1,
45.0440,900,0.00000,5.00000,0.00000,0.00000,5.00000,0.00000,0.00000,0.01869,0.00387,-0.01869,4.99613,4.99617,0.90232,-0.00714,1.90776,0.00000,1.90776,-0.00714,-0.00000,1,
45.0920,901,0.00000,5.00000,0.00000,0.00000,5.00000,0.00000,0.00000,0.01774,0.00211,-0.01774,4.99789,4.99793,0.90269,-0.00677,1.90855,0.00000,1.90855,-0.00677,-0.00000,1,
45.1440,902,0.00000,5.00000,0.00000,0.00000,5.00000,0.00000,0.00000,0.01670,0.00025,-0.01670,4.99975,4.99978,0.90308,-0.00638,1.90937,0.00000,1.90937,-0.00638,-0.00000,1,
45.1920,903,0.00000,5.00000,0.00000,0.00000,5.00000,0.00000,0.00000,0.01505,-0.00164,-0.01505,5.00164,5.00166,0.90348,-0.00575,1.91022,0.00000,1.91022,-0.00575,-0.00000,1,
45.2440,904,0.00000,5.00000,0.00000,0.00000,5.00000,0.00000,0.00000,0.01313,-0.00269,-0.01313,5.00269,5.00271,0.90370,-0.00502,1.91069,0.00000,1.91069,-0.00502,-0.00000,1,
45.2920,905,0.00000,5.00000,0.00000,0.00000,5.00000,0.00000,0.00000,0.01143,-0.00382,-0.01143,5.00382,5.00383,0.90393,-0.00437,1.91119,0.00000,1.91119,-0.00437,-0.00000,1,
45.3440,906,0.00000,5.00000,0.00000,0.00000,5.00000,0.00000,0.00000,0.00952,-0.00513,-0.00952,5.00513,5.00514,0.90421,-0.00364,1.91178,0.00000,1.91178,-0.00364,-0.00000,1,
45.3920,907,0.00000,5.00000,0.00000,0.00000,5.00000,0.00000,0.00000,0.00821,-0.00621,-0.00821,5.00621,5.00622,0.90444,-0.00314,1.91226,0.00000,1.91226,-0.00314,-0.00000,1,
45.4440,908,0.00000,5.00000,0.00000,0.00000,5.00000,0.00000,0.00000,0.00608,-0.00725,-0.00608,5.00725,5.00726,0.90466,-0.00232,1.91273,0.00000,1.91273,-0.00232,-0.00000,1,
45.4920,909,0.00000,5.00000,0.00000,0.00000,5.00000,0.00000,0.00000,0.00422,-0.00830,-0.00422,5.00830,5.00830,0.90488,-0.00161,1.91319,0.00000,1.91319,-0.00161,-0.00000,1,
45.5440,910,0.00000,5.00000,0.00000,0.00000,5.00000,0.00000,0.00000,0.00280,-0.00945,-0.00280,5.00945,5.00946,0.90512,-0.00107,1.91371,0.00000,1.91371,-0.00107,-0.00000,1,
45.5920,911,0.00000,5.00000,0.00000,0.00000,5.00000,0.00000,0.00000,0.00090,-0.01021,-0.00090,5.01021,5.01021,0.90528,-0.00035,1.91405,0.00000,1.91405,-0.00035,-0.00000,1,
45.6440,912,0.00000,5.00000,0.00000,0.00000,5.00000,0.00000,0.00000,-0.00063,-0.01088,0.00063,5.01088,5.01088,0.90542,0.00024,1.91434,0.00000,1.91434,0.00024,-0.00000,1,
45.6920,913,0.00000,5.00000,0.00000,0.00000,5.00000,0.00000,0.00000,-0.00138,-0.01160,0.00138,5.01160,5.01160,0.90558,0.00053,1.91467,0.00000,1.91467,0.00053,-0.00000,1,
45.7440,914,0.00000,5.00000,0.00000,0.00000,5.00000,0.00000,0.00000,-0.00168,-0.01214,0.00168,5.01214,5.01214,0.90569,0.00064,1.91491,0.00000,1.91491,0.00064,-0.00000,1,
45.7920,915,0.00000,5.00000,0.00000,0.00000,5.00000,0.00000,0.00000,-0.00210,-0.01263,0.00210,5.01263,5.01263,0.90579,0.00080,1.91513,0.00000,1.91513,0.00080,-0.00000,1,
45.8440,916,0.00000,5.00000,0.00000,0.00000,5.00000,0.00000,0.00000,-0.00226,-0.01336,0.00226,5.01336,5.01336,0.90595,0.00086,1.91545,0.00000,1.91545,0.00086,-0.00000,1,
45.8920,917,0.00000,5.00000,0.00000,0.00000,5.00000,0.00000,0.00000,-0.00206,-0.01381,0.00206,5.01381,5.01381,0.90604,0.00079,1.91566,0.00000,1.91566,0.00079,-0.00000,1,
45.9440,918,0.00000,5.00000,0.00000,0.00000,5.00000,0.00000,0.00000,-0.00200,-0.01490,0.00200,5.01490,5.01490,0.90627,0.00077,1.91614,0.00000,1.91614,0.00077,-0.00000,1,
45.9920,919,0.00000,5.00000,0.00000,0.00000,5.00000,0.00000,0.00000,-0.00134,-0.01551,0.00134,5.01551,5.01551,0.90640,0.00051,1.91642,0.00000,1.91642,0.00051,-0.00000,1,
46.0440,920,0.00000,5.00000,0.00000,0.00000,5.00000,0.00000,0.00000,-0.00053,-0.01669,0.00053,5.01669,5.01669,0.90665,0.00020,1.91694,0.00000,1.91694,0.00020,-0.00000,1,
46.0920,921,0.00000,5.00000,0.00000,0.00000,5.00000,0.00000,0.00000,-0.00017,-0.01785,0.00017,5.01785,5.01785,0.90690,0.00006,1.91746,0.00000,1.91746,0.00006,-0.00000,1,
46.1440,922,0.00000,5.00000,0.00000,0.00000,5.00000,0.00000,0.00000,0.00060,-0.01900,-0.00060,5.01900,5.01900,0.90714,-0.00023,1.91797,0.00000,1.91797,-0.00023,-0.00000,1,
46.1920,923,0.00000,5.00000,0.00000,0.00000,5.00000,0.00000,0.00000,0.00122,-0.02019,-0.00122,5.02019,5.02019,0.90739,-0.00047,1.91851,0.00000,1.91851,-0.00047,-0.00000,1,
46.2440,924,0.00000,5.00000,0.00000,0.00000,5.00000,0.00000,0.00000,0.00127,-0.02083,-0.00127,5.02083,5.02083,0.90753,-0.00049,1.91879,0.00000,1.91879,-0.00049,-0.00000,1,
46.2920,925,0.00000,5.00000,0.00000,0.00000,5.00000,0.00000,0.00000,0.00115,-0.02109,-0.00115,5.02109,5.02109,0.90758,-0.00044,1.91891,0.00000,1.91891,-0.00044,-0.00000,1,
46.3440,926,0.00000,5.00000,0.00000,0.00000,5.00000,0.00000,0.00000,0.00125,-0.02160,-0.00125,5.02160,5.02160,0.90769,-0.00048,1.91914,0.00000,1.91914,-0.00048,-0.00000,1,
46.3920,927,0.00000,5.00000,0.00000,0.00000,5.00000,0.00000,0.00000,0.00161,-0.02209,-0.00161,5.02209,5.02209,0.90779,-0.00061,1.91936,0.00000,1.91936,-0.00061,-0.00000,1,
46.4440,928,0.00000,5.00000,0.00000,0.00000,5.00000,0.00000,0.00000,0.00193,-0.02200,-0.00193,5.02200,5.02201,0.90778,-0.00074,1.91932,0.00000,1.91932,-0.00074,-0.00000,1,
46.4920,929,0.00000,5.00000,0.00000,0.00000,5.00000,0.00000,0.00000,0.00282,-0.02182,-0.00282,5.02182,5.02182,0.90774,-0.00108,1.91924,0.00000,1.91924,-0.00108,-0.00000,1,
46.5440,930,0.00000,5.00000,0.00000,0.00000,5.00000,0.00000,0.00000,0.00403,-0.02108,-0.00403,5.02108,5.02108,0.90758,-0.00154,1.91890,0.00000,1.91890,-0.00154,-0.00000,1,
46.5920,931,0.00000,5.00000,0.00000,0.00000,5.00000,0.00000,0.00000,0.00520,-0.02056,-0.00520,5.02056,5.02056,0.90747,-0.00199,1.91867,0.00000,1.91867,-0.00199,-0.00000,1,
46.6440,932,0.00000,5.00000,0.00000,0.00000,5.00000,0.00000,0.00000,0.00640,-0.01957,-0.00640,5.01957,5.01958,0.90726,-0.00244,1.91823,0.00000,1.91823,-0.00244,-0.00000,1,
46.6920,933,0.00000,5.00000,0.00000,0.00000,5.00000,0.00000,0.00000,0.00766,-0.01890,-0.00766,5.01890,5.01890,0.90712,-0.00293,1.91793,0.00000,1.91793,-0.00293,-0.00000,1,
46.7440,934,0.00000,5.00000,0.00000,0.00000,5.00000,0.00000,0.00000,0.00856,-0.01813,-0.00856,5.01813,5.01814,0.90696,-0.00327,1.91759,0.00000,1.91759,-0.00327,-0.00000,1,
46.7920,935,0.00000,5.00000,0.00000,0.00000,5.00000,0.00000,0.00000,0.00906,-0.01754,-0.00906,5.01754,5.01755,0.90683,-0.00346,1.91732,0.00000,1.91732,-0.00346,-0.00000,1,
46.8440,936,0.00000,5.00000,0.00000,0.00000,5.00000,0.00000,0.00000,0.00903,-0.01716,-0.00903,5.01716,5.01717,0.90675,-0.00345,1.91715,0.00000,1.91715,-0.00345,-0.00000,1,
46.8920,937,0.00000,5.00000,0.00000,0.00000,5.00000,0.00000,0.00000,0.00907,-0.01701,-0.00907,5.01701,5.01701,0.90672,-0.00346,1.91708,0.00000,1.91708,-0.00346,-0.00000,1,
46.9440,938,0.00000,5.00000,0.00000,0.00000,5.00000,0.00000,0.00000,0.00873,-0.01678,-0.00873,5.01678,5.01679,0.90667,-0.00334,1.91698,0.00000,1.91698,-0.00334,-0.00000,1,
46.9920,939,0.00000,5.00000,0.00000,0.00000,5.00000,0.00000,0.00000,0.00854,-0.01653,-0.00854,5.01653,5.01653,0.90662,-0.00326,1.91687,0.00000,1.91687,-0.00326,-0.00000,1,
47.0440,940,0.00000,5.00000,0.00000,0.00000,5.00000,0.00000,0.00000,0.00816,-0.01627,-0.00816,5.01627,5.01627,0.90656,-0.00312,1.91675,0.00000,1.91675,-0.00312,-0.00000,1,
47.0920,941,0.00000,5.00000,0.00000,0.00000,5.00000,0.00000,0.00000,0.00785,-0.01615,-0.00785,5.01615,5.01616,0.90654,-0.00300,1.91670,0.00000,1.91670,-0.00300,-0.00000,1,
47.1440,942,0.00000,5.00000,0.00000,0.00000,5.00000,0.00000,0.00000,0.00722,-0.01588,-0.00722,5.01588,5.01589,0.90648,-0.00276,1.91658,0.00000,1.91658,-0.00276,-0.00000,1,
47.1920,943,0.00000,5.00000,0.00000,0.00000,5.00000,0.00000,0.00000,0.00638,-0.01584,-0.00638,5.01584,5.01584,0.90647,-0.00244,1.91656,0.00000,1.91656,-0.00244,-0.00000,1,
47.2440,944,0.00000,5.00000,0.00000,0.00000,5.00000,0.00000,0.00000,0.00585,-0.01614,-0.00585,5.01614,5.01615,0.90654,-0.00223,1.91670,0.00000,1.91670,-0.00223,-0.00000,1,
47.2920,945,0.00000,5.00000,0.00000,0.00000,5.00000,0.00000,0.00000,0.00522,-0.01643,-0.00522,5.01643,5.01643,0.90660,-0.00199,1.91683,0.00000,1.91683,-0.00199,-0.00000,1,
47.3440,946,0.00000,5.00000,0.00000,0.00000,5.00000,0.00000,0.00000,0.00490,-0.01692,-0.00490,5.01692,5.01692,0.90670,-0.00187,1.91705,0.00000,1.91705,-0.00187,-0.00000,1,
47.3920,947,0.00000,5.00000,0.00000,0.00000,5.00000,0.00000,0.00000,0.00468,-0.01719,-0.00468,5.01719,5.01719,0.90676,-0.00179,1.91716,0.00000,1.91716,-0.00179,-0.00000,1,
47.4440,948,0.00000,5.00000,0.00000,0.00000,5.00000,0.00000,0.00000,0.00409,-0.01652,-0.00409,5.01652,5.01652,0.90662,-0.00156,1.91687,0.00000,1.91687,-0.00156,-0.00000,1,
47.4920,949,0.00000,5.00000,0.00000,0.00000,5.00000,0.00000,0.00000,0.00341,-0.01588,-0.00341,5.01588,5.01588,0.90648,-0.00130,1.91658,0.00000,1.91658,-0.00130,-0.00000,1,
47.5440,950,0.00000,5.00000,0.00000,0.00000,5.00000,0.00000,0.00000,0.00249,-0.01521,-0.00249,5.01521,5.01522,0.90634,-0.00095,1.91628,0.00000,1.91628,-0.00095,-0.00000,1,
47.5920,951,0.00000,5.00000,0.00000,0.00000,5.00000,0.00000,0.00000,0.00158,-0.01462,-0.00158,5.01462,5.01462,0.90621,-0.00060,1.91602,0.00000,1.91602,-0.00060,-0.00000,1,
47.6440,952,0.00000,5.00000,0.00000,0.00000,5.00000,0.00000,0.00000,0.00088,-0.01342,-0.00088,5.01342,5.01342,0.90596,-0.00034,1.91548,0.00000,1.91548,-0.00034,-0.00000,1,
47.6920,953,0.00000,5.00000,0.00000,0.00000,5.00000,0.00000,0.00000,0.00005,-0.01221,-0.00005,5.01221,5.01221,0.90571,-0.00002,1.91494,0.00000,1.91494,-0.00002,-0.00000,1,
47.7440,954,0.00000,5.00000,0.00000,0.00000,5.00000,0.00000,0.00000,-0.00069,-0.01073,0.00069,5.01073,5.01073,0.90539,0.00026,1.91428,0.00000,1.91428,0.00026,-0.00000,1,
47.7920,955,0.00000,5.00000,0.00000,0.00000,5.00000,0.00000,0.00000,-0.00153,-0.00916,0.00153,5.00916,5.00916,0.90506,0.00058,1.91358,0.00000,1.91358,0.00058,-0.00000,1,
47.8440,956,0.00000,5.00000,0.00000,0.00000,5.00000,0.00000,0.00000,-0.00231,-0.00766,0.00231,5.00766,5.00766,0.90474,0.00088,1.91290,0.00000,1.91290,0.00088,-0.00000,1,
47.8920,957,0.00000,5.00000,0.00000,0.00000,5.00000,0.00000,0.00000,-0.00338,-0.00618,0.00338,5.00618,5.00618,0.90443,0.00129,1.91224,0.00000,1.91224,0.00129,-0.00000,1,
47.9440,958,0.00000,5.00000,0.00000,0.00000,5.00000,0.00000,0.00000,-0.00441,-0.00528,0.00441,5.00528,5.00528,0.90424,0.00169,1.91184,0.00000,1.91184,0.00169,-0.00000,1,
47.9920,959,0.00000,5.00000,0.00000,0.00000,5.00000,0.00000,0.00000,-0.00541,-0.00379,0.00541,5.00379,5.00379,0.90393,0.00206,1.91118,0.00000,1.91118,0.00206,-0.00000,1,
48.0440,960,0.00000,5.00000,0.00000,0.00000,5.00000,0.00000,0.00000,-0.00670,-0.00232,0.00670,5.00232,5.00233,0.90362,0.00256,1.91052,0.00000,1.91052,0.00256,-0.00000,1,
48.0920,961,0.00000,5.00000,0.00000,0.00000,5.00000,0.00000,0.00000,-0.00782,-0.00119,0.00782,5.00119,5.00120,0.90338,0.00299,1.91002,0.00000,1.91002,0.00299,-0.00000,1,
48.1440,962,0.00000,5.00000,0.00000,0.00000,5.00000,0.00000,0.00000,-0.00896,-0.00007,0.00896,5.00007,5.00007,0.90314,0.00342,1.90951,0.00000,1.90951,0.00342,-0.00000,1,
48.1920,963,0.00000,5.00000,0.00000,0.00000,5.00000,0.00000,0.00000,-0.01016,0.00081,0.01016,4.99919,4.99920,0.90296,0.00388,1.90912,0.00000,1.90912,0.00388,-0.00000,1,
48.2440,964,0.00000,5.00000,0.00000,0.00000,5.00000,0.00000,0.00000,-0.01075,0.00218,0.01075,4.99782,4.99783,0.90267,0.00411,1.90851,0.00000,1.90851,0.00411,-0.00000,1,
48.2920,965,0.00000,5.00000,0.00000,0.00000,5.00000,0.00000,0.00000,-0.01115,0.00352,0.01115,4.99648,4.99649,0.90238,0.00426,1.90791,0.00000,1.90791,0.00426,-0.00000,1,
48.3440,966,0.00000,5.00000,0.00000,0.00000,5.00000,0.00000,0.00000,-0.01148,0.00441,0.01148,4.99559,4.99560,0.90220,0.00438,1.90751,0.00000,1.90751,0.00438,-0.00000,1,
48.3920,967,0.00000,5.00000,0.00000,0.00000,5.00000,0.00000,0.00000,-0.01180,0.00605,0.01180,4.99395,4.99396,0.90185,0.00450,1.90678,0.00000,1.90678,0.00450,-0.00000,1,
48.4440,968,0.00000,5.00000,0.00000,0.00000,5.00000,0.00000,0.00000,-0.01170,0.00782,0.01170,4.99218,4.99219,0.90148,0.00447,1.90599,0.00000,1.90599,0.00447,-0.00000,1,
48.4920,969,0.00000,5.00000,0.00000,0.00000,5.00000,0.00000,0.00000,-0.01110,0.00922,0.01110,4.99078,4.99079,0.90118,0.00424,1.90537,0.00000,1.90537,0.00424,-0.00000,1,
48.5440,970,0.00000,5.00000,0.00000,0.00000,5.00000,0.00000,0.00000,-0.01068,0.01058,0.01068,4.98942,4.98943,0.90089,0.00408,1.90476,0.00000,1.90476,0.00408,-0.00000,1,
48.5920,971,0.00000,5.00000,0.00000,0.00000,5.00000,0.00000,0.00000,-0.01080,0.01130,0.01080,4.98870,4.98871,0.90074,0.00412,1.90444,0.00000,1.90444,0.00412,-0.00000,1,
48.6440,972,0.00000,5.00000,0.00000,0.00000,5.00000,0.00000,0.00000,-0.01047,0.01215,0.01047,4.98785,4.98786,0.90056,0.00400,1.90406,0.00000,1.90406,0.00400,-0.00000,1,
48.6920,973,0.00000,5.00000,0.00000,0.00000,5.00000,0.00000,0.00000,-0.00995,0.01267,0.00995,4.98733,4.98734,0.90045,0.00380,1.90383,0.00000,1.90383,0.00380,-0.00000,1,
48.7440,974,0.00000,5.00000,0.00000,0.00000,5.00000,0.00000,0.00000,-0.00972,0.01246,0.00972,4.98754,4.98755,0.90050,0.00371,1.90392,0.00000,1.90392,0.00371,-0.00000,1,
48.7920,975,0.00000,5.00000,0.00000,0.00000,5.00000,0.00000,0.00000,-0.00927,0.01249,0.00927,4.98751,4.98752,0.90049,0.00354,1.90391,0.00000,1.90391,0.00354,-0.00000,1,
48.8440,976,0.00000,5.00000,0.00000,0.00000,5.00000,0.00000,0.00000,-0.00878,0.01268,0.00878,4.98732,4.98733,0.90045,0.00335,1.90382,0.00000,1.90382,0.00335,-0.00000,1,
48.8920,977,0.00000,5.00000,0.00000,0.00000,5.00000,0.00000,0.00000,-0.00815,0.01230,0.00815,4.98770,4.98771,0.90053,0.00311,1.90399,0.00000,1.90399,0.00311,-0.00000,1,
48.9440,978,0.00000,5.00000,0.00000,0.00000,5.00000,0.00000,0.00000,-0.00756,0.01152,0.00756,4.98848,4.98849,0.90069,0.00289,1.90434,0.00000,1.90434,0.00289,-0.00000,1,
48.9920,979,0.00000,5.00000,0.00000,0.00000,5.00000,0.00000,0.00000,-0.00689,0.01042,0.00689,4.98958,4.98958,0.90093,0.00263,1.90483,0.00000,1.90483,0.00263,-0.00000,1,
49.0440,980,0.00000,5.00000,0.00000,0.00000,5.00000,0.00000,0.00000,-0.00623,0.00920,0.00623,4.99080,4.99080,0.90118,0.00238,1.90538,0.00000,1.90538,0.00238,-0.00000,1,
49.0920,981,0.00000,5.00000,0.00000,0.00000,5.00000,0.00000,0.00000,-0.00593,0.00804,0.00593,4.99196,4.99196,0.90143,0.00226,1.90589,0.00000,1.90589,0.00226,-0.00000,1,
49.1440,982,0.00000,5.00000,0.00000,0.00000,5.00000,0.00000,0.00000,-0.00558,0.00684,0.00558,4.99316,4.99316,0.90168,0.00213,1.90643,0.00000,1.90643,0.00213,-0.00000,1,
49.1920,983,0.00000,5.00000,0.00000,0.00000,5.00000,0.00000,0.00000,-0.00533,0.00538,0.00533,4.99462,4.99462,0.90199,0.00203,1.90708,0.00000,1.90708,0.00203,-0.00000,1,
49.2440,984,0.00000,5.00000,0.00000,0.00000,5.00000,0.00000,0.00000,-0.00523,0.00357,0.00523,4.99643,4.99643,0.90237,0.00200,1.90789,0.00000,1.90789,0.00200,-0.00000,1,
49.2920,985,0.00000,5.00000,0.00000,0.00000,5.00000,0.00000,0.00000,-0.00527,0.00223,0.00527,4.99777,4.99777,0.90265,0.00201,1.90849,0.00000,1.90849,0.00201,-0.00000,1,
49.3440,986,0.00000,5.00000,0.00000,0.00000,5.00000,0.00000,0.00000,-0.00530,0.00060,0.00530,4.99940,4.99940,0.90300,0.00202,1.90921,0.00000,1.90921,0.00202,-0.00000,1,
49.3920,987,0.00000,5.00000,0.00000,0.00000,5.00000,0.00000,0.00000,-0.00562,-0.00060,0.00562,5.00060,5.00061,0.90325,0.00215,1.90975,0.00000,1.90975,0.00215,-0.00000,1,
49.4440,988,0.00000,5.00000,0.00000,0.00000,5.00000,0.00000,0.00000,-0.00564,-0.00142,0.00564,5.00142,5.00143,0.90343,0.00215,1.91012,0.00000,1.91012,0.00215,-0.00000,1,
49.4920,989,0.00000,5.00000,0.00000,0.00000,5.00000,0.00000,0.00000,-0.00574,-0.00208,0.00574,5.00208,5.00208,0.90356,0.00219,1.91041,0.00000,1.91041,0.00219,-0.00000,1,
49.5440,990,0.00000,5.00000,0.00000,0.00000,5.00000,0.00000,0.00000,-0.00636,-0.00300,0.00636,5.00300,5.00301,0.90376,0.00243,1.91083,0.00000,1.91083,0.00243,-0.00000,1,
49.5920,991,0.00000,5.00000,0.00000,0.00000,5.00000,0.00000,0.00000,-0.00739,-0.00352,0.00739,5.00352,5.00352,0.90387,0.00282,1.91106,0.00000,1.91106,0.00282,-0.00000,1,
49.6440,992,0.00000,5.00000,0.00000,0.00000,5.00000,0.00000,0.00000,-0.00810,-0.00369,0.00810,5.00369,5.00370,0.90391,0.00309,1.91113,0.00000,1.91113,0.00309,-0.00000,1,
49.6920,993,0.00000,5.00000,0.00000,0.00000,5.00000,0.00000,0.00000,-0.00794,-0.00361,0.00794,5.00361,5.00361,0.90389,0.00303,1.91109,0.00000,1.91109,0.00303,-0.00000,1,
49.7440,994,0.00000,5.00000,0.00000,0.00000,5.00000,0.00000,0.00000,-0.00843,-0.00358,0.00843,5.00358,5.00359,0.90388,0.00322,1.91109,0.00000,1.91109,0.00322,-0.00000,1,
49.7920,995,0.00000,5.00000,0.00000,0.00000,5.00000,0.00000,0.00000,-0.00941,-0.00321,0.00941,5.00321,5.00322,0.90380,0.00360,1.91092,0.00000,1.91092,0.00360,-0.00000,1,
49.8440,996,0.00000,5.00000,0.00000,0.00000,5.00000,0.00000,0.00000,-0.01064,-0.00258,0.01064,5.00258,5.00259,0.90367,0.00406,1.91064,0.00000,1.91064,0.00406,-0.00000,1,
49.8920,997,0.00000,5.00000,0.00000,0.00000,5.00000,0.00000,0.00000,-0.01187,-0.00169,0.01187,5.00169,5.00171,0.90349,0.00453,1.91024,0.00000,1.91024,0.00453,-0.00000,1,
49.9440,998,0.00000,5.00000,0.00000,0.00000,5.00000,0.00000,0.00000,-0.01257,-0.00072,0.01257,5.00072,5.00073,0.90328,0.00480,1.90980,0.00000,1.90980,0.00480,-0.00000,1,
49.9920,999,0.00000,5.00000,0.00000,0.00000,5.00000,0.00000,0.00000,-0.01354,0.00012,0.01354,4.99988,4.99990,0.90310,0.00517,1.90943,0.00000,1.90943,0.00517,-0.00000,1,
50.0440,1000,0.00000,5.00000,0.00000,0.00000,5.00000,0.00000,0.00000,-0.01424,0.00106,0.01424,4.99894,4.99896,0.90291,0.00544,1.90901,0.00000,1.90901,0.00544,-0.00000,1,
50.0920,1001,0.00000,5.00000,0.00000,0.00000,5.00000,0.00000,0.00000,-0.01502,0.00207,0.01502,4.99793,4.99795,0.90269,0.00574,1.90856,0.00000,1.90856,0.00574,-0.00000,1,
50.1440,1002,0.00000,5.00000,0.00000,0.00000,5.00000,0.00000,0.00000,-0.01532,0.00320,0.01532,4.99680,4.99682,0.90245,0.00585,1.90806,0.00000,1.90806,0.00585,-0.00000,1,
50.1920,1003,0.00000,5.00000,0.00000,0.00000,5.00000,0.00000,0.00000,-0.01562,0.00375,0.01562,4.99625,4.99628,0.90234,0.00596,1.90781,0.00000,1.90781,0.00596,-0.00000,1,
50.2440,1004,0.00000,5.00000,0.00000,0.00000,5.00000,0.00000,0.00000,-0.01578,0.00401,0.01578,4.99599,4.99602,0.90228,0.00603,1.90770,0.00000,1.90770,0.00603,-0.00000,1,
50.2920,1005,0.00000,5.00000,0.00000,0.00000,5.00000,0.00000,0.00000,-0.01628,0.00452,0.01628,4.99548,4.99550,0.90218,0.00621,1.90747,0.00000,1.90747,0.00621,-0.00000,1,
50.3440,1006,0.00000,5.00000,0.00000,0.00000,5.00000,0.00000,0.00000,-0.01624,0.00536,0.01624,4.99464,4.99467,0.90200,0.00620,1.90709,0.00000,1.90709,0.00620,-0.00000,1,
50.3920,1007,0.00000,5.00000,0.00000,0.00000,5.00000,0.00000,0.00000,-0.01652,0.00596,0.01652,4.99404,4.99407,0.90187,0.00631,1.90682,0.00000,1.90682,0.00631,-0.00000,1,
50.4440,1008,0.00000,5.00000,0.00000,0.00000,5.00000,0.00000,0.00000,-0.01671,0.00611,0.01671,4.99389,4.99392,0.90184,0.00638,1.90676,0.00000,1.90676,0.00638,-0.00000,1,
50.4920,1009,0.00000,5.00000,0.00000,0.00000,5.00000,0.00000,0.00000,-0.01723,0.00648,0.01723,4.99352,4.99355,0.90176,0.00658,1.90659,0.00000,1.90659,0.00658,-0.00000,1,
50.5440,1010,0.00000,5.00000,0.00000,0.00000,5.00000,0.00000,0.00000,-0.01743,0.00706,0.01743,4.99294,4.99297,0.90164,0.00666,1.90633,0.00000,1.90633,0.00666,-0.00000,1,
50.5920,1011,0.00000,5.00000,0.00000,0.00000,5.00000,0.00000,0.00000,-0.01754,0.00757,0.01754,4.99243,4.99246,0.90153,0.00669,1.90611,0.00000,1.90611,0.00669,-0.00000,1,
50.6440,1012,0.00000,5.00000,0.00000,0.00000,5.00000,0.00000,0.00000,-0.01777,0.00837,0.01777,4.99163,4.99166,0.90136,0.00678,1.90575,0.00000,1.90575,0.00678,-0.00000,1,
50.6920,1013,0.00000,5.00000,0.00000,0.00000,5.00000,0.00000,0.00000,-0.01803,0.00862,0.01803,4.99138,4.99142,0.90131,0.00688,1.90564,0.00000,1.90564,0.00688,-0.00000,1,
50.7440,1014,0.00000,5.00000,0.00000,0.00000,5.00000,0.00000,0.00000,-0.01863,0.00901,0.01863,4.99099,4.99103,0.90123,0.00711,1.90546,0.00000,1.90546,0.00711,-0.00000,1,
50.7920,1015,0.00000,5.00000,0.00000,0.00000,5.00000,0.00000,0.00000,-0.01885,0.00939,0.01885,4.99061,4.99064,0.90115,0.00720,1.90529,0.00000,1.90529,0.00720,-0.00000,1,
50.8440,1016,0.00000,5.00000,0.00000,0.00000,5.00000,0.00000,0.00000,-0.01881,0.00998,0.01881,4.99002,4.99005,0.90102,0.00718,1.90503,0.00000,1.90503,0.00718,-0.00000,1,
50.8920,1017,0.00000,5.00000,0.00000,0.00000,5.00000,0.00000,0.00000,-0.01831,0.01019,0.01831,4.98981,4.98984,0.90098,0.00699,1.90494,0.00000,1.90494,0.00699,-0.00000,1,
50.9440,1018,0.00000,5.00000,0.00000,0.00000,5.00000,0.00000,0.00000,-0.01757,0.01079,0.01757,4.98921,4.98924,0.90085,0.00671,1.90467,0.00000,1.90467,0.00671,-0.00000,1,
50.9920,1019,0.00000,5.00000,0.00000,0.00000,5.00000,0.00000,0.00000,-0.01741,0.01095,0.01741,4.98905,4.98908,0.90082,0.00665,1.90460,0.00000,1.90460,0.00665,-0.00000,1,
51.0440,1020,0.00000,5.00000,0.00000,0.00000,5.00000,0.00000,0.00000,-0.01727,0.01123,0.01727,4.98877,4.98880,0.90076,0.00659,1.90447,0.00000,1.90447,0.00659,-0.00000,1,
51.0920,1021,0.00000,5.00000,0.00000,0.00000,5.00000,0.00000,0.00000,-0.01685,0.01102,0.01685,4.98898,4.98900,0.90080,0.00643,1.90456,0.00000,1.90456,0.00643,-0.00000,1,
51.1440,1022,0.00000,5.00000,0.00000,0.00000,5.00000,0.00000,0.00000,-0.01652,0.01048,0.01652,4.98952,4.98955,0.90092,0.00631,1.90481,0.00000,1.90481,0.00631,-0.00000,1,
51.1920,1023,0.00000,5.00000,0.00000,0.00000,5.00000,0.00000,0.00000,-0.01602,0.01003,0.01602,4.98997,4.98999,0.90101,0.00612,1.90501,0.00000,1.90501,0.00612,-0.00000,1,
51.2440,1024,0.00000,5.00000,0.00000,0.00000,5.00000,0.00000,0.00000,-0.01524,0.00946,0.01524,4.99054,4.99056,0.90113,0.00582,1.90526,0.00000,1.90526,0.00582,-0.00000,1,
51.2920,1025,0.00000,5.00000,0.00000,0.00000,5.00000,0.00000,0.00000,-0.01390,0.00831,0.01390,4.99169,4.99171,0.90137,0.00531,1.90577,0.00000,1.90577,0.00531,-0.00000,1,
51.3440,1026,0.00000,5.00000,0.00000,0.00000,5.00000,0.00000,0.00000,-0.01286,0.00779,0.01286,4.99221,4.99223,0.90148,0.00491,1.90601,0.00000,1.90601,0.00491,-0.00000,1,
51.3920,1027,0.00000,5.00000,0.00000,0.00000,5.00000,0.00000,0.00000,-0.01189,0.00694,0.01189,4.99306,4.99307,0.90166,0.00454,1.90639,0.00000,1.90639,0.00454,-0.00000,1,
51.4440,1028,0.00000,5.00000,0.00000,0.00000,5.00000,0.00000,0.00000,-0.01026,0.00630,0.01026,4.99370,4.99371,0.90180,0.00392,1.90667,0.00000,1.90667,0.00392,-0.00000,1,
51.4920,1029,0.00000,5.00000,0.00000,0.00000,5.00000,0.00000,0.00000,-0.00897,0.00586,0.00897,4.99414,4.99415,0.90189,0.00343,1.90687,0.00000,1.90687,0.00343,-0.00000,1,
51.5440,1030,0.00000,5.00000,0.00000,0.00000,5.00000,0.00000,0.00000,-0.00736,0.00575,0.00736,4.99425,4.99426,0.90191,0.00281,1.90692,0.00000,1.90692,0.00281,-0.00000,1,
51.5920,1031,0.00000,5.00000,0.00000,0.00000,5.00000,0.00000,0.00000,-0.00619,0.00582,0.00619,4.99418,4.99418,0.90190,0.00236,1.90689,0.00000,1.90689,0.00236,-0.00000,1,
51.6440,1032,0.00000,5.00000,0.00000,0.00000,5.00000,0.00000,0.00000,-0.00518,0.00575,0.00518,4.99425,4.99425,0.90191,0.00198,1.90691,0.00000,1.90691,0.00198,-0.00000,1,
51.6920,1033,0.00000,5.00000,0.00000,0.00000,5.00000,0.00000,0.00000,-0.00408,0.00521,0.00408,4.99479,4.99480,0.90203,0.00156,1.90716,0.00000,1.90716,0.00156,-0.00000,1,
51.7440,1034,0.00000,5.00000,0.00000,0.00000,5.00000,0.00000,0.00000,-0.00308,0.00461,0.00308,4.99539,4.99539,0.90215,0.00118,1.90742,0.00000,1.90742,0.00118,-0.00000,1,
51.7920,1035,0.00000,5.00000,0.00000,0.00000,5.00000,0.00000,0.00000,-0.00237,0.00389,0.00237,4.99611,4.99612,0.90230,0.00090,1.90775,0.00000,1.90775,0.00090,-0.00000,1,
51.8440,1036,0.00000,5.00000,0.00000,0.00000,5.00000,0.00000,0.00000,-0.00107,0.00318,0.00107,4.99682,4.99682,0.90245,0.00041,1.90806,0.00000,1.90806,0.00041,-0.00000,1,
51.8920,1037,0.00000,5.00000,0.00000,0.00000,5.00000,0.00000,0.00000,-0.00004,0.00244,0.00004,4.99756,4.99756,0.90261,0.00001,1.90839,0.00000,1.90839,0.00001,-0.00000,1,
51.9440,1038,0.00000,5.00000,0.00000,0.00000,5.00000,0.00000,0.00000,0.00065,0.00198,-0.00065,4.99802,4.99802,0.90271,-0.00025,1.90860,0.00000,1.90860,-0.00025,-0.00000,1,
51.9920,1039,0.00000,5.00000,0.00000,0.00000,5.00000,0.00000,0.00000,0.00169,0.00146,-0.00169,4.99854,4.99854,0.90282,-0.00065,1.90883,0.00000,1.90883,-0.00065,-0.00000,1,
52.0440,1040,0.00000,5.00000,0.00000,0.00000,5.00000,0.00000,0.00000,0.00289,0.00059,-0.00289,4.99941,4.99941,0.90300,-0.00111,1.90922,0.00000,1.90922,-0.00111,-0.00000,1,
52.0920,1041,0.00000,5.00000,0.00000,0.00000,5.00000,0.00000,0.00000,0.00390,0.00029,-0.00390,4.99971,4.99972,0.90307,-0.00149,1.90936,0.00000,1.90936,-0.00149,-0.00000,1,
52.1440,1042,0.00000,5.00000,0.00000,0.00000,5.00000,0.00000,0.00000,0.00462,-0.00043,-0.00462,5.00043,5.00044,0.90322,-0.00176,1.90968,0.00000,1.90968,-0.00176,-0.00000,1,
52.1920,1043,0.00000,5.00000,0.00000,0.00000,5.00000,0.00000,0.00000,0.00532,-0.00088,-0.00532,5.00088,5.00088,0.90331,-0.00203,1.90988,0.00000,1.90988,-0.00203,-0.00000,1,
52.2440,1044,0.00000,5.00000,0.00000,0.00000,5.00000,0.00000,0.00000,0.00585,-0.00103,-0.00585,5.00103,5.00104,0.90334,-0.00224,1.90995,0.00000,1.90995,-0.00224,-0.00000,1,
52.2920,1045,0.00000,5.00000,0.00000,0.00000,5.00000,0.00000,0.00000,0.00678,-0.00120,-0.00678,5.00120,5.00121,0.90338,-0.00259,1.91002,0.00000,1.91002,-0.00259,-0.00000,1,
52.3440,1046,0.00000,5.00000,0.00000,0.00000,5.00000,0.00000,0.00000,0.00817,-0.00156,-0.00817,5.00156,5.00156,0.90346,-0.00312,1.91018,0.00000,1.91018,-0.00312,-0.00000,1,
52.3920,1047,0.00000,5.00000,0.00000,0.00000,5.00000,0.00000,0.00000,0.00958,-0.00130,-0.00958,5.00130,5.00131,0.90340,-0.00366,1.91007,0.00000,1.91007,-0.00366,-0.00000,1,
52.4440,1048,0.00000,5.00000,0.00000,0.00000,5.00000,0.00000,0.00000,0.01051,-0.00138,-0.01051,5.00138,5.00139,0.90342,-0.00402,1.91010,0.00000,1.91010,-0.00402,-0.00000,1,
52.4920,1049,0.00000,5.00000,0.00000,0.00000,5.00000,0.00000,0.00000,0.01227,-0.00100,-0.01227,5.00100,5.00101,0.90334,-0.00469,1.90993,0.00000,1.90993,-0.00469,-0.00000,1,
52.5440,1050,0.00000,5.00000,0.00000,0.00000,5.00000,0.00000,0.00000,0.01376,-0.00081,-0.01376,5.00081,5.00083,0.90330,-0.00526,1.90985,0.00000,1.90985,-0.00526,-0.00000,1,
52.5920,1051,0.00000,5.00000,0.00000,0.00000,5.00000,0.00000,0.00000,0.01464,-0.00038,-0.01464,5.00038,5.00040,0.90321,-0.00559,1.90966,0.00000,1.90966,-0.00559,-0.00000,1,
52.6440,1052,0.00000,5.00000,0.00000,0.00000,5.00000,0.00000,0.00000,0.01558,-0.00027,-0.01558,5.00027,5.00029,0.90319,-0.00595,1.90961,0.00000,1.90961,-0.00595,-0.00000,1,
52.6920,1053,0.00000,5.00000,0.00000,0.00000,5.00000,0.00000,0.00000,0.01639,0.00046,-0.01639,4.99954,4.99956,0.90303,-0.00626,1.90928,0.00000,1.90928,-0.00626,-0.00000,1,
52.7440,1054,0.00000,5.00000,0.00000,0.00000,5.00000,0.00000,0.00000,0.01687,0.00121,-0.01687,4.99879,4.99882,0.90288,-0.00644,1.90895,0.00000,1.90895,-0.00644,-0.00000,1,
52.7920,1055,0.00000,5.00000,0.00000,0.00000,5.00000,0.00000,0.00000,0.01738,0.00156,-0.01738,4.99844,4.99847,0.90280,-0.00664,1.90879,0.00000,1.90879,-0.00664,-0.00000,1,
52.8440,1056,0.00000,5.00000,0.00000,0.00000,5.00000,0.00000,0.00000,0.01818,0.00150,-0.01818,4.99850,4.99854,0.90282,-0.00694,1.90882,0.00000,1.90882,-0.00694,-0.00000,1,
52.8920,1057,0.00000,5.00000,0.00000,0.00000,5.00000,0.00000,0.00000,0.01852,0.00186,-0.01852,4.99814,4.99818,0.90274,-0.00707,1.90866,0.00000,1.90866,-0.00707,-0.00000,1,
52.9440,1058,0.00000,5.00000,0.00000,0.00000,5.00000,0.00000,0.00000,0.01854,0.00164,-0.01854,4.99836,4.99839,0.90279,-0.00708,1.90875,0.00000,1.90875,-0.00708,-0.00000,1,
52.9920,1059,0.00000,5.00000,0.00000,0.00000,5.00000,0.00000,0.00000,0.01859,0.00134,-0.01859,4.99866,4.99869,0.90285,-0.00710,1.90889,0.00000,1.90889,-0.00710,-0.00000,1,
53.0440,1060,0.00000,5.00000,0.00000,0.00000,5.00000,0.00000,0.00000,0.01843,0.00075,-0.01843,4.99925,4.99928,0.90297,-0.00704,1.90915,0.00000,1.90915,-0.00704,-0.00000,1,
53.0920,1061,0.00000,5.00000,0.00000,0.00000,5.00000,0.00000,0.00000,0.01783,0.00008,-0.01783,4.99992,4.99995,0.90311,-0.00681,1.90945,0.00000,1.90945,-0.00681,-0.00000,1,
53.1440,1062,0.00000,5.00000,0.00000,0.00000,5.00000,0.00000,0.00000,0.01709,-0.00105,-0.01709,5.00105,5.00108,0.90335,-0.00653,1.90996,0.00000,1.90996,-0.00653,-0.00000,1,
53.1920,1063,0.00000,5.00000,0.00000,0.00000,5.00000,0.00000,0.00000,0.01607,-0.00195,-0.01607,5.00195,5.00197,0.90354,-0.00614,1.91036,0.00000,1.91036,-0.00614,-0.00000,1,
53.2440,1064,0.00000,5.00000,0.00000,0.00000,5.00000,0.00000,0.00000,0.01503,-0.00302,-0.01503,5.00302,5.00304,0.90377,-0.00574,1.91084,0.00000,1.91084,-0.00574,-0.00000,1,
53.2920,1065,0.00000,5.00000,0.00000,0.00000,5.00000,0.00000,0.00000,0.01353,-0.00416,-0.01353,5.00416,5.00417,0.90401,-0.00517,1.91134,0.00000,1.91134,-0.00517,-0.00000,1,
53.3440,1066,0.00000,5.00000,0.00000,0.00000,5.00000,0.00000,0.00000,0.01179,-0.00547,-0.01179,5.00547,5.00549,0.90428,-0.00450,1.91193,0.00000,1.91193,-0.00450,-0.00000,1,
53.3920,1067,0.00000,5.00000,0.00000,0.00000,5.00000,0.00000,0.00000,0.01094,-0.00678,-0.01094,5.00678,5.00680,0.90456,-0.00418,1.91252,0.00000,1.91252,-0.00418,-0.00000,1,
53.4440,1068,0.00000,5.00000,0.00000,0.00000,5.00000,0.00000,0.00000,0.00945,-0.00816,-0.00945,5.00816,5.00817,0.90485,-0.00361,1.91313,0.00000,1.91313,-0.00361,-0.00000,1,
53.4920,1069,0.00000,5.00000,0.00000,0.00000,5.00000,0.00000,0.00000,0.00823,-0.00972,-0.00823,5.00972,5.00972,0.90518,-0.00314,1.91383,0.00000,1.91383,-0.00314,-0.00000,1,
53.5440,1070,0.00000,5.00000,0.00000,0.00000,5.00000,0.00000,0.00000,0.00706,-0.01152,-0.00706,5.01152,5.01153,0.90556,-0.00270,1.91463,0.00000,1.91463,-0.00270,-0.00000,1,
53.5920,1071,0.00000,5.00000,0.00000,0.00000,5.00000,0.00000,0.00000,0.00568,-0.01294,-0.00568,5.01294,5.01294,0.90586,-0.00217,1.91527,0.00000,1.91527,-0.00217,-0.00000,1,
53.6440,1072,0.00000,5.00000,0.00000,0.00000,5.00000,0.00000,0.00000,0.00399,-0.01446,-0.00399,5.01446,5.01446,0.90618,-0.00152,1.91594,0.00000,1.91594,-0.00152,-0.00000,1,
53.6920,1073,0.00000,5.00000,0.00000,0.00000,5.00000,0.00000,0.00000,0.00209,-0.01543,-0.00209,5.01543,5.01543,0.90639,-0.00080,1.91638,0.00000,1.91638,-0.00080,-0.00000,1,
53.7440,1074,0.00000,5.00000,0.00000,0.00000,5.00000,0.00000,0.00000,0.00056,-0.01677,-0.00056,5.01677,5.01677,0.90667,-0.00021,1.91698,0.00000,1.91698,-0.00021,-0.00000,1,
53.7920,1075,0.00000,5.00000,0.00000,0.00000,5.00000,0.00000,0.00000,-0.00144,-0.01797,0.00144,5.01797,5.01797,0.90692,0.00055,1.91751,0.00000,1.91751,0.00055,-0.00000,1,
53.8440,1076,0.00000,5.00000,0.00000,0.00000,5.00000,0.00000,0.00000,-0.00355,-0.01901,0.00355,5.01901,5.01901,0.90714,0.00136,1.91798,0.00000,1.91798,0.00136,-0.00000,1,
53.8920,1077,0.00000,5.00000,0.00000,0.00000,5.00000,0.00000,0.00000,-0.00556,-0.01994,0.00556,5.01994,5.01994,0.90734,0.00213,1.91840,0.00000,1.91840,0.00213,-0.00000,1,
53.9440,1078,0.00000,5.00000,0.00000,0.00000,5.00000,0.00000,0.00000,-0.00698,-0.02071,0.00698,5.02071,5.02072,0.90750,0.00267,1.91874,0.00000,1.91874,0.00267,-0.00000,1,
53.9920,1079,0.00000,5.00000,0.00000,0.00000,5.00000,0.00000,0.00000,-0.00852,-0.02130,0.00852,5.02130,5.02131,0.90763,0.00326,1.91900,0.00000,1.91900,0.00326,-0.00000,1,
54.0440,1080,0.00000,5.00000,0.00000,0.00000,5.00000,0.00000,0.00000,-0.00997,-0.02179,0.00997,5.02179,5.02180,0.90773,0.00381,1.91922,0.00000,1.91922,0.00381,-0.00000,1,
54.0920,1081,0.00000,5.00000,0.00000,0.00000,5.00000,0.00000,0.00000,-0.01088,-0.02229,0.01088,5.02229,5.02230,0.90784,0.00416,1.91945,0.00000,1.91945,0.00416,-0.00000,1,
54.1440,1082,0.00000,5.00000,0.00000,0.00000,5.00000,0.00000,0.00000,-0.01151,-0.02275,0.01151,5.02275,5.02276,0.90794,0.00440,1.91965,0.00000,1.91965,0.00440,-0.00000,1,
54.1920,1083,0.00000,5.00000,0.00000,0.00000,5.00000,0.00000,0.00000,-0.01187,-0.02298,0.01187,5.02298,5.02299,0.90799,0.00454,1.91975,0.00000,1.91975,0.00454,-0.00000,1,
54.2440,1084,0.00000,5.00000,0.00000,0.00000,5.00000,0.00000,0.00000,-0.01226,-0.02315,0.01226,5.02315,5.02317,0.90802,0.00469,1.91983,0.00000,1.91983,0.00469,-0.00000,1,
54.2920,1085,0.00000,5.00000,0.00000,0.00000,5.00000,0.00000,0.00000,-0.01254,-0.02355,0.01254,5.02355,5.02356,0.90811,0.00479,1.92001,0.00000,1.92001,0.00479,-0.00000,1,
54.3440,1086,0.00000,5.00000,0.00000,0.00000,5.00000,0.00000,0.00000,-0.01262,-0.02388,0.01262,5.02388,5.02390,0.90818,0.00482,1.92016,0.00000,1.92016,0.00482,-0.00000,1,
54.3920,1087,0.00000,5.00000,0.00000,0.00000,5.00000,0.00000,0.00000,-0.01263,-0.02427,0.01263,5.02427,5.02429,0.90826,0.00483,1.92033,0.00000,1.92033,0.00483,-0.00000,1,
54.4440,1088,0.00000,5.00000,0.00000,0.00000,5.00000,0.00000,0.00000,-0.01237,-0.02442,0.01237,5.02442,5.02443,0.90829,0.00473,1.92040,0.00000,1.92040,0.00473,-0.00000,1,
54.4920,1089,0.00000,5.00000,0.00000,0.00000,5.00000,0.00000,0.00000,-0.01191,-0.02383,0.01191,5.02383,5.02385,0.90817,0.00455,1.92014,0.00000,1.92014,0.00455,-0.00000,1,
54.5440,1090,0.00000,5.00000,0.00000,0.00000,5.00000,0.00000,0.00000,-0.01144,-0.02320,0.01144,5.02320,5.02321,0.90803,0.00437,1.91985,0.00000,1.91985,0.00437,-0.00000,1,
54.5920,1091,0.00000,5.00000,0.00000,0.00000,5.00000,0.00000,0.00000,-0.01151,-0.02286,0.01151,5.02286,5.02287,0.90796,0.00440,1.91970,0.00000,1.91970,0.00440,-0.00000,1,
54.6440,1092,0.00000,5.00000,0.00000,0.00000,5.00000,0.00000,0.00000,-0.01157,-0.02251,0.01157,5.02251,5.02253,0.90789,0.00442,1.91955,0.00000,1.91955,0.00442,-0.00000,1,
54.6920,1093,0.00000,5.00000,0.00000,0.00000,5.00000,0.00000,0.00000,-0.01145,-0.02195,0.01145,5.02195,5.02196,0.90777,0.00438,1.91930,0.00000,1.91930,0.00438,-0.00000,1,
54.7440,1094,0.00000,5.00000,0.00000,0.00000,5.00000,0.00000,0.00000,-0.01097,-0.02136,0.01097,5.02136,5.02137,0.90764,0.00419,1.91903,0.00000,1.91903,0.00419,-0.00000,1,
54.7920,1095,0.00000,5.00000,0.00000,0.00000,5.00000,0.00000,0.00000,-0.01066,-0.02045,0.01066,5.02045,5.02046,0.90745,0.00407,1.91862,0.00000,1.91862,0.00407,-0.00000,1,
54.8440,1096,0.00000,5.00000,0.00000,0.00000,5.00000,0.00000,0.00000,-0.01002,-0.01906,0.01002,5.01906,5.01907,0.90716,0.00383,1.91800,0.00000,1.91800,0.00383,-0.00000,1,
54.8920,1097,0.00000,5.00000,0.00000,0.00000,5.00000,0.00000,0.00000,-0.00913,-0.01840,0.00913,5.01840,5.01841,0.90702,0.00349,1.91771,0.00000,1.91771,0.00349,-0.00000,1,
54.9440,1098,0.00000,5.00000,0.00000,0.00000,5.00000,0.00000,0.00000,-0.00870,-0.01733,0.00870,5.01733,5.01733,0.90679,0.00332,1.91723,0.00000,1.91723,0.00332,-0.00000,1,
54.9920,1099,0.00000,5.00000,0.00000,0.00000,5.00000,0.00000,0.00000,-0.00815,-0.01676,0.00815,5.01676,5.01677,0.90667,0.00312,1.91698,0.00000,1.91698,0.00312,-0.00000,1,
55.0440,1100,0.00000,5.00000,0.00000,0.00000,5.00000,0.00000,0.00000,-0.00760,-0.01632,0.00760,5.01632,5.01633,0.90658,0.00291,1.91678,0.00000,1.91678,0.00291,-0.00000,1,
55.0920,1101,0.00000,5.00000,0.00000,0.00000,5.00000,0.00000,0.00000,-0.00654,-0.01584,0.00654,5.01584,5.01584,0.90647,0.00250,1.91656,0.00000,1.91656,0.00250,-0.00000,1,
55.1440,1102,0.00000,5.00000,0.00000,0.00000,5.00000,0.00000,0.00000,-0.00544,-0.01569,0.00544,5.01569,5.01569,0.90644,0.00208,1.91650,0.00000,1.91650,0.00208,-0.00000,1,
55.1920,1103,0.00000,5.00000,0.00000,0.00000,5.00000,0.00000,0.00000,-0.00455,-0.01518,0.00455,5.01518,5.01518,0.90633,0.00174,1.91627,0.00000,1.91627,0.00174,-0.00000,1,
55.2440,1104,0.00000,5.00000,0.00000,0.00000,5.00000,0.00000,0.00000,-0.00404,-0.01475,0.00404,5.01475,5.01475,0.90624,0.00154,1.91607,0.00000,1.91607,0.00154,-0.00000,1,
55.2920,1105,0.00000,5.00000,0.00000,0.00000,5.00000,0.00000,0.00000,-0.00421,-0.01411,0.00421,5.01411,5.01411,0.90611,0.00161,1.91579,0.00000,1.91579,0.00161,-0.00000,1,
55.3440,1106,0.00000,5.00000,0.00000,0.00000,5.00000,0.00000,0.00000,-0.00449,-0.01342,0.00449,5.01342,5.01343,0.90596,0.00172,1.91548,0.00000,1.91548,0.00172,-0.00000,1,
55.3920,1107,0.00000,5.00000,0.00000,0.00000,5.00000,0.00000,0.00000,-0.00567,-0.01305,0.00567,5.01305,5.01306,0.90588,0.00217,1.91532,0.00000,1.91532,0.00217,-0.00000,1,
55.4440,1108,0.00000,5.00000,0.00000,0.00000,5.00000,0.00000,0.00000,-0.00693,-0.01243,0.00693,5.01243,5.01244,0.90575,0.00265,1.91504,0.00000,1.91504,0.00265,-0.00000,1,
55.4920,1109,0.00000,5.00000,0.00000,0.00000,5.00000,0.00000,0.00000,-0.00889,-0.01158,0.00889,5.01158,5.01159,0.90557,0.00340,1.91466,0.00000,1.91466,0.00340,-0.00000,1,
55.5440,1110,0.00000,5.00000,0.00000,0.00000,5.00000,0.00000,0.00000,-0.01029,-0.01090,0.01029,5.01090,5.01091,0.90543,0.00393,1.91435,0.00000,1.91435,0.00393,-0.00000,1,
55.5920,1111,0.00000,5.00000,0.00000,0.00000,5.00000,0.00000,0.00000,-0.01147,-0.01039,0.01147,5.01039,5.01041,0.90532,0.00438,1.91413,0.00000,1.91413,0.00438,-0.00000,1,
55.6440,1112,0.00000,5.00000,0.00000,0.00000,5.00000,0.00000,0.00000,-0.01241,-0.00936,0.01241,5.00936,5.00937,0.90511,0.00474,1.91367,0.00000,1.91367,0.00474,-0.00000,1,
55.6920,1113,0.00000,5.00000,0.00000,0.00000,5.00000,0.00000,0.00000,-0.01309,-0.00869,0.01309,5.00869,5.00871,0.90496,0.00500,1.91337,0.00000,1.91337,0.00500,-0.00000,1,
55.7440,1114,0.00000,5.00000,0.00000,0.00000,5.00000,0.00000,0.00000,-0.01395,-0.00802,0.01395,5.00802,5.00804,0.90482,0.00533,1.91307,0.00000,1.91307,0.00533,-0.00000,1,
55.7920,1115,0.00000,5.00000,0.00000,0.00000,5.00000,0.00000,0.00000,-0.01406,-0.00730,0.01406,5.00730,5.00732,0.90467,0.00537,1.91275,0.00000,1.91275,0.00537,-0.00000,1,
55.8440,1116,0.00000,5.00000,0.00000,0.00000,5.00000,0.00000,0.00000,-0.01439,-0.00654,0.01439,5.00654,5.00656,0.90451,0.00550,1.91241,0.00000,1.91241,0.00550,-0.00000,1,
55.8920,1117,0.00000,5.00000,0.00000,0.00000,5.00000,0.00000,0.00000,-0.01397,-0.00626,0.01397,5.00626,5.00628,0.90445,0.00534,1.91228,0.00000,1.91228,0.00534,-0.00000,1,
55.9440,1118,0.00000,5.00000,0.00000,0.00000,5.00000,0.00000,0.00000,-0.01337,-0.00606,0.01337,5.00606,5.00608,0.90441,0.00511,1.91219,0.00000,1.91219,0.00511,-0.00000,1,
55.9920,1119,0.00000,5.00000,0.00000,0.00000,5.00000,0.00000,0.00000,-0.01205,-0.00642,0.01205,5.00642,5.00644,0.90448,0.00460,1.91235,0.00000,1.91235,0.00460,-0.00000,1,
56.0440,1120,0.00000,5.00000,0.00000,0.00000,5.00000,0.00000,0.00000,-0.01046,-0.00598,0.01046,5.00598,5.00599,0.90439,0.00400,1.91216,0.00000,1.91216,0.00400,-0.00000,1,
56.0920,1121,0.00000,5.00000,0.00000,0.00000,5.00000,0.00000,0.00000,-0.00883,-0.00610,0.00883,5.00610,5.00611,0.90442,0.00337,1.91221,0.00000,1.91221,0.00337,-0.00000,1,
56.1440,1122,0.00000,5.00000,0.00000,0.00000,5.00000,0.00000,0.00000,-0.00803,-0.00570,0.00803,5.00570,5.00571,0.90433,0.00307,1.91203,0.00000,1.91203,0.00307,-0.00000,1,
56.1920,1123,0.00000,5.00000,0.00000,0.00000,5.00000,0.00000,0.00000,-0.00703,-0.00565,0.00703,5.00565,5.00565,0.90432,0.00268,1.91201,0.00000,1.91201,0.00268,-0.00000,1,
56.2440,1124,0.00000,5.00000,0.00000,0.00000,5.00000,0.00000,0.00000,-0.00622,-0.00559,0.00622,5.00559,5.00559,0.90431,0.00238,1.91198,0.00000,1.91198,0.00238,-0.00000,1,
56.2920,1125,0.00000,5.00000,0.00000,0.00000,5.00000,0.00000,0.00000,-0.00465,-0.00559,0.00465,5.00559,5.00559,0.90431,0.00178,1.91198,0.00000,1.91198,0.00178,-0.00000,1,
56.3440,1126,0.00000,5.00000,0.00000,0.00000,5.00000,0.00000,0.00000,-0.00311,-0.00519,0.00311,5.00519,5.00520,0.90422,0.00119,1.91180,0.00000,1.91180,0.00119,-0.00000,1,
56.3920,1127,0.00000,5.00000,0.00000,0.00000,5.00000,0.00000,0.00000,-0.00194,-0.00566,0.00194,5.00566,5.00566,0.90432,0.00074,1.91201,0.00000,1.91201,0.00074,-0.00000,1,
56.4440,1128,0.00000,5.00000,0.00000,0.00000,5.00000,0.00000,0.00000,-0.00076,-0.00569,0.00076,5.00569,5.00569,0.90433,0.00029,1.91203,0.00000,1.91203,0.00029,-0.00000,1,
56.4920,1129,0.00000,5.00000,0.00000,0.00000,5.00000,0.00000,0.00000,0.00035,-0.00629,-0.00035,5.00629,5.00629,0.90445,-0.00013,1.91229,0.00000,1.91229,-0.00013,-0.00000,1,
56.5440,1130,0.00000,5.00000,0.00000,0.00000,5.00000,0.00000,0.00000,0.00178,-0.00663,-0.00178,5.00663,5.00663,0.90453,-0.00068,1.91244,0.00000,1.91244,-0.00068,-0.00000,1,
56.5920,1131,0.00000,5.00000,0.00000,0.00000,5.00000,0.00000,0.00000,0.00265,-0.00733,-0.00265,5.00733,5.00733,0.90467,-0.00101,1.91276,0.00000,1.91276,-0.00101,-0.00000,1,
56.6440,1132,0.00000,5.00000,0.00000,0.00000,5.00000,0.00000,0.00000,0.00342,-0.00828,-0.00342,5.00828,5.00828,0.90488,-0.00131,1.91318,0.00000,1.91318,-0.00131,-0.00000,1,
56.6920,1133,0.00000,5.00000,0.00000,0.00000,5.00000,0.00000,0.00000,0.00454,-0.00942,-0.00454,5.00942,5.00942,0.90512,-0.00173,1.91369,0.00000,1.91369,-0.00173,-0.00000,1,
56.7440,1134,0.00000,5.00000,0.00000,0.00000,5.00000,0.00000,0.00000,0.00641,-0.01073,-0.00641,5.01073,5.01073,0.90539,-0.00245,1.91428,0.00000,1.91428,-0.00245,-0.00000,1,
56.7920,1135,0.00000,5.00000,0.00000,0.00000,5.00000,0.00000,0.00000,0.00807,-0.01207,-0.00807,5.01207,5.01208,0.90568,-0.00308,1.91488,0.00000,1.91488,-0.00308,-0.00000,1,
56.8440,1136,0.00000,5.00000,0.00000,0.00000,5.00000,0.00000,0.00000,0.00983,-0.01413,-0.00983,5.01413,5.01414,0.90611,-0.00376,1.91580,0.00000,1.91580,-0.00376,-0.00000,1,
56.8920,1137,0.00000,5.00000,0.00000,0.00000,5.00000,0.00000,0.00000,0.01135,-0.01583,-0.01135,5.01583,5.01585,0.90647,-0.00434,1.91656,0.00000,1.91656,-0.00434,-0.00000,1,
56.9440,1138,0.00000,5.00000,0.00000,0.00000,5.00000,0.00000,0.00000,0.01257,-0.01782,-0.01257,5.01782,5.01784,0.90690,-0.00480,1.91745,0.00000,1.91745,-0.00480,-0.00000,1,
56.9920,1139,0.00000,5.00000,0.00000,0.00000,5.00000,0.00000,0.00000,0.01357,-0.01967,-0.01357,5.01967,5.01969,0.90729,-0.00519,1.91828,0.00000,1.91828,-0.00519,-0.00000,1,
57.0440,1140,0.00000,5.00000,0.00000,0.00000,5.00000,0.00000,0.00000,0.01445,-0.02110,-0.01445,5.02110,5.02112,0.90759,-0.00552,1.91891,0.00000,1.91891,-0.00552,-0.00000,1,
57.0920,1141,0.00000,5.00000,0.00000,0.00000,5.00000,0.00000,0.00000,0.01550,-0.02212,-0.01550,5.02212,5.02215,0.90781,-0.00592,1.91937,0.00000,1.91937,-0.00592,-0.00000,1,
57.1440,1142,0.00000,5.00000,0.00000,0.00000,5.00000,0.00000,0.00000,0.01677,-0.02356,-0.01677,5.02356,5.02359,0.90811,-0.00641,1.92002,0.00000,1.92002,-0.00641,-0.00000,1,
57.1920,1143,0.00000,5.00000,0.00000,0.00000,5.00000,0.00000,0.00000,0.01807,-0.02460,-0.01807,5.02460,5.02463,0.90833,-0.00691,1.92048,0.00000,1.92048,-0.00691,-0.00000,1,
57.2440,1144,0.00000,5.00000,0.00000,0.00000,5.00000,0.00000,0.00000,0.01936,-0.02470,-0.01936,5.02470,5.02474,0.90836,-0.00740,1.92053,0.00000,1.92053,-0.00740,-0.00000,1,
57.2920,1145,0.00000,5.00000,0.00000,0.00000,5.00000,0.00000,0.00000,0.02027,-0.02486,-0.02027,5.02486,5.02490,0.90839,-0.00775,1.92060,0.00000,1.92060,-0.00775,-0.00000,1,
57.3440,1146,0.00000,5.00000,0.00000,0.00000,5.00000,0.00000,0.00000,0.02048,-0.02475,-0.02048,5.02475,5.02479,0.90837,-0.00783,1.92055,0.00000,1.92055,-0.00783,-0.00000,1,
57.3920,1147,0.00000,5.00000,0.00000,0.00000,5.00000,0.00000,0.00000,0.02025,-0.02422,-0.02025,5.02422,5.02426,0.90825,-0.00774,1.92031,0.00000,1.92031,-0.00774,-0.00000,1,
57.4440,1148,0.00000,5.00000,0.00000,0.00000,5.00000,0.00000,0.00000,0.02010,-0.02360,-0.02010,5.02360,5.02364,0.90812,-0.00768,1.92003,0.00000,1.92003,-0.00768,-0.00000,1,
57.4920,1149,0.00000,5.00000,0.00000,0.00000,5.00000,0.00000,0.00000,0.01985,-0.02233,-0.01985,5.02233,5.02237,0.90785,-0.00759,1.91947,0.00000,1.91947,-0.00759,-0.00000,1,
57.5440,1150,0.00000,5.00000,0.00000,0.00000,5.00000,0.00000,0.00000,0.02008,-0.02029,-0.02008,5.02029,5.02033,0.90742,-0.00767,1.91855,0.00000,1.91855,-0.00767,-0.00000,1,
57.5920,1151,0.00000,5.00000,0.00000,0.00000,5.00000,0.00000,0.00000,0.01950,-0.01868,-0.01950,5.01868,5.01872,0.90708,-0.00745,1.91783,0.00000,1.91783,-0.00745,-0.00000,1,
57.6440,1152,0.00000,5.00000,0.00000,0.00000,5.00000,0.00000,0.00000,0.01906,-0.01675,-0.01906,5.01675,5.01678,0.90667,-0.00728,1.91697,0.00000,1.91697,-0.00728,-0.00000,1,
57.6920,1153,0.00000,5.00000,0.00000,0.00000,5.00000,0.00000,0.00000,0.01854,-0.01497,-0.01854,5.01497,5.01500,0.90630,-0.00708,1.91617,0.00000,1.91617,-0.00708,-0.00000,1,
57.7440,1154,0.00000,5.00000,0.00000,0.00000,5.00000,0.00000,0.00000,0.01850,-0.01264,-0.01850,5.01264,5.01267,0.90580,-0.00707,1.91513,0.00000,1.91513,-0.00707,-0.00000,1,
57.7920,1155,0.00000,5.00000,0.00000,0.00000,5.00000,0.00000,0.00000,0.01870,-0.01035,-0.01870,5.01035,5.01039,0.90532,-0.00714,1.91411,0.00000,1.91411,-0.00714,-0.00000,1,
57.8440,1156,0.00000,5.00000,0.00000,0.00000,5.00000,0.00000,0.00000,0.01856,-0.00849,-0.01856,5.00849,5.00852,0.90493,-0.00709,1.91328,0.00000,1.91328,-0.00709,-0.00000,1,
57.8920,1157,0.00000,5.00000,0.00000,0.00000,5.00000,0.00000,0.00000,0.01854,-0.00648,-0.01854,5.00648,5.00651,0.90450,-0.00708,1.91238,0.00000,1.91238,-0.00708,-0.00000,1,
57.9440,1158,0.00000,5.00000,0.00000,0.00000,5.00000,0.00000,0.00000,0.01904,-0.00478,-0.01904,5.00478,5.00481,0.90414,-0.00727,1.91162,0.00000,1.91162,-0.00727,-0.00000,1,
57.9920,1159,0.00000,5.00000,0.00000,0.00000,5.00000,0.00000,0.00000,0.01977,-0.00310,-0.01977,5.00310,5.00313,0.90379,-0.00755,1.91087,0.00000,1.91087,-0.00755,-0.00000,1,
58.0440,1160,0.00000,5.00000,0.00000,0.00000,5.00000,0.00000,0.00000,0.02005,-0.00125,-0.02005,5.00125,5.00129,0.90340,-0.00766,1.91005,0.00000,1.91005,-0.00766,-0.00000,1,
58.0920,1161,0.00000,5.00000,0.00000,0.00000,5.00000,0.00000,0.00000,0.02116,-0.00001,-0.02116,5.00001,5.00006,0.90314,-0.00808,1.90949,0.00000,1.90949,-0.00808,-0.00000,1,
58.1440,1162,0.00000,5.00000,0.00000,0.00000,5.00000,0.00000,0.00000,0.02180,0.00145,-0.02180,4.99855,4.99860,0.90283,-0.00832,1.90884,0.00000,1.90884,-0.00832,-0.00000,1,
58.1920,1163,0.00000,5.00000,0.00000,0.00000,5.00000,0.00000,0.00000,0.02218,0.00258,-0.02218,4.99742,4.99746,0.90259,-0.00847,1.90833,0.00000,1.90833,-0.00847,-0.00000,1,
58.2440,1164,0.00000,5.00000,0.00000,0.00000,5.00000,0.00000,0.00000,0.02240,0.00400,-0.02240,4.99600,4.99605,0.90229,-0.00855,1.90770,0.00000,1.90770,-0.00855,-0.00000,1,
58.2920,1165,0.00000,5.00000,0.00000,0.00000,5.00000,0.00000,0.00000,0.02219,0.00546,-0.02219,4.99454,4.99459,0.90198,-0.00847,1.90705,0.00000,1.90705,-0.00847,-0.00000,1,
58.3440,1166,0.00000,5.00000,0.00000,0.00000,5.00000,0.00000,0.00000,0.02174,0.00685,-0.02174,4.99315,4.99320,0.90169,-0.00830,1.90643,0.00000,1.90643,-0.00830,-0.00000,1,
58.3920,1167,0.00000,5.00000,0.00000,0.00000,5.00000,0.00000,0.00000,0.02152,0.00821,-0.02152,4.99179,4.99184,0.90140,-0.00822,1.90582,0.00000,1.90582,-0.00822,-0.00000,1,
58.4440,1168,0.00000,5.00000,0.00000,0.00000,5.00000,0.00000,0.00000,0.02133,0.00939,-0.02133,4.99061,4.99066,0.90115,-0.00814,1.90530,0.00000,1.90530,-0.00814,-0.00000,1,
58.4920,1169,0.00000,5.00000,0.00000,0.00000,5.00000,0.00000,0.00000,0.02122,0.01002,-0.02122,4.98998,4.99002,0.90102,-0.00810,1.90501,0.00000,1.90501,-0.00810,-0.00000,1,
58.5440,1170,0.00000,5.00000,0.00000,0.00000,5.00000,0.00000,0.00000,0.02107,0.01112,-0.02107,4.98888,4.98893,0.90079,-0.00804,1.90452,0.00000,1.90452,-0.00804,-0.00000,1,
58.5920,1171,0.00000,5.00000,0.00000,0.00000,5.00000,0.00000,0.00000,0.02054,0.01212,-0.02054,4.98788,4.98792,0.90057,-0.00784,1.90407,0.00000,1.90407,-0.00784,-0.00000,1,
58.6440,1172,0.00000,5.00000,0.00000,0.00000,5.00000,0.00000,0.00000,0.02006,0.01303,-0.02006,4.98697,4.98701,0.90038,-0.00766,1.90367,0.00000,1.90367,-0.00766,-0.00000,1,
58.6920,1173,0.00000,5.00000,0.00000,0.00000,5.00000,0.00000,0.00000,0.01941,0.01349,-0.01941,4.98651,4.98655,0.90028,-0.00741,1.90346,0.00000,1.90346,-0.00741,-0.00000,1,
58.7440,1174,0.00000,5.00000,0.00000,0.00000,5.00000,0.00000,0.00000,0.01901,0.01381,-0.01901,4.98619,4.98623,0.90022,-0.00726,1.90332,0.00000,1.90332,-0.00726,-0.00000,1,
58.7920,1175,0.00000,5.00000,0.00000,0.00000,5.00000,0.00000,0.00000,0.01852,0.01397,-0.01852,4.98603,4.98606,0.90018,-0.00707,1.90325,0.00000,1.90325,-0.00707,-0.00000,1,
58.8440,1176,0.00000,5.00000,0.00000,0.00000,5.00000,0.00000,0.00000,0.01786,0.01462,-0.01786,4.98538,4.98542,0.90005,-0.00682,1.90296,0.00000,1.90296,-0.00682,-0.00000,1,
58.8920,1177,0.00000,5.00000,0.00000,0.00000,5.00000,0.00000,0.00000,0.01747,0.01460,-0.01747,4.98540,4.98543,0.90005,-0.00667,1.90297,0.00000,1.90297,-0.00667,-0.00000,1,
58.9440,1178,0.00000,5.00000,0.00000,0.00000,5.00000,0.00000,0.00000,0.01653,0.01505,-0.01653,4.98495,4.98498,0.89995,-0.00631,1.90277,0.00000,1.90277,-0.00631,-0.00000,1,
58.9920,1179,0.00000,5.00000,0.00000,0.00000,5.00000,0.00000,0.00000,0.01575,0.01480,-0.01575,4.98520,4.98522,0.90000,-0.00601,1.90288,0.00000,1.90288,-0.00601,-0.00000,1,
59.0440,1180,0.00000,5.00000,0.00000,0.00000,5.00000,0.00000,0.00000,0.01483,0.01479,-0.01483,4.98521,4.98523,0.90001,-0.00566,1.90288,0.00000,1.90288,-0.00566,-0.00000,1,
59.0920,1181,0.00000,5.00000,0.00000,0.00000,5.00000,0.00000,0.00000,0.01428,0.01491,-0.01428,4.98509,4.98511,0.89998,-0.00545,1.90283,0.00000,1.90283,-0.00545,-0.00000,1,
59.1440,1182,0.00000,5.00000,0.00000,0.00000,5.00000,0.00000,0.00000,0.01379,0.01486,-0.01379,4.98514,4.98516,0.89999,-0.00526,1.90285,0.00000,1.90285,-0.00526,-0.00000,1,
59.1920,1183,0.00000,5.00000,0.00000,0.00000,5.00000,0.00000,0.00000,0.01278,0.01514,-0.01278,4.98486,4.98488,0.89993,-0.00488,1.90273,0.00000,1.90273,-0.00488,-0.00000,1,
59.2440,1184,0.00000,5.00000,0.00000,0.00000,5.00000,0.00000,0.00000,0.01167,0.01558,-0.01167,4.98442,4.98443,0.89984,-0.00445,1.90253,0.00000,1.90253,-0.00445,-0.00000,1,
59.2920,1185,0.00000,5.00000,0.00000,0.00000,5.00000,0.00000,0.00000,0.01085,0.01603,-0.01085,4.98397,4.98399,0.89974,-0.00414,1.90233,0.00000,1.90233,-0.00414,-0.00000,1,
59.3440,1186,0.00000,5.00000,0.00000,0.00000,5.00000,0.00000,0.00000,0.00986,0.01656,-0.00986,4.98344,4.98345,0.89963,-0.00376,1.90209,0.00000,1.90209,-0.00376,-0.00000,1,
59.3920,1187,0.00000,5.00000,0.00000,0.00000,5.00000,0.00000,0.00000,0.00945,0.01685,-0.00945,4.98315,4.98316,0.89957,-0.00361,1.90196,0.00000,1.90196,-0.00361,-0.00000,1,
59.4440,1188,0.00000,5.00000,0.00000,0.00000,5.00000,0.00000,0.00000,0.00882,0.01803,-0.00882,4.98197,4.98198,0.89932,-0.00337,1.90143,0.00000,1.90143,-0.00337,-0.00000,1,
59.4920,1189,0.00000,5.00000,0.00000,0.00000,5.00000,0.00000,0.00000,0.00785,0.01912,-0.00785,4.98088,4.98088,0.89909,-0.00300,1.90095,0.00000,1.90095,-0.00300,-0.00000,1,
59.5440,1190,0.00000,5.00000,0.00000,0.00000,5.00000,0.00000,0.00000,0.00711,0.01988,-0.00711,4.98012,4.98012,0.89893,-0.00271,1.90061,0.00000,1.90061,-0.00271,-0.00000,1,
59.5920,1191,0.00000,5.00000,0.00000,0.00000,5.00000,0.00000,0.00000,0.00644,0.02072,-0.00644,4.97928,4.97928,0.89875,-0.00246,1.90023,0.00000,1.90023,-0.00246,-0.00000,1,
59.6440,1192,0.00000,5.00000,0.00000,0.00000,5.00000,0.00000,0.00000,0.00621,0.02143,-0.00621,4.97857,4.97858,0.89860,-0.00237,1.89992,0.00000,1.89992,-0.00237,-0.00000,1,
59.6920,1193,0.00000,5.00000,0.00000,0.00000,5.00000,0.00000,0.00000,0.00558,0.02233,-0.00558,4.97767,4.97767,0.89841,-0.00213,1.89952,0.00000,1.89952,-0.00213,-0.00000,1,
59.7440,1194,0.00000,5.00000,0.00000,0.00000,5.00000,0.00000,0.00000,0.00537,0.02326,-0.00537,4.97674,4.97674,0.89822,-0.00205,1.89910,0.00000,1.89910,-0.00205,-0.00000,1,
59.7920,1195,0.00000,5.00000,0.00000,0.00000,5.00000,0.00000,0.00000,0.00527,0.02369,-0.00527,4.97631,4.97632,0.89813,-0.00201,1.89891,0.00000,1.89891,-0.00201,-0.00000,1,
59.8440,1196,0.00000,5.00000,0.00000,0.00000,5.00000,0.00000,0.00000,0.00497,0.02400,-0.00497,4.97600,4.97601,0.89806,-0.00190,1.89877,0.00000,1.89877,-0.00190,-0.00000,1,
59.8920,1197,0.00000,5.00000,0.00000,0.00000,5.00000,0.00000,0.00000,0.00475,0.02392,-0.00475,4.97608,4.97609,0.89808,-0.00181,1.89881,0.00000,1.89881,-0.00181,-0.00000,1,
59.9440,1198,0.00000,5.00000,0.00000,0.00000,5.00000,0.00000,0.00000,0.00461,0.02368,-0.00461,4.97632,4.97633,0.89813,-0.00176,1.89892,0.00000,1.89892,-0.00176,-0.00000,1,
59.9920,1199,0.00000,5.00000,0.00000,0.00000,5.00000,0.00000,0.00000,0.00450,0.02311,-0.00450,4.97689,4.97689,0.89825,-0.00172,1.89917,0.00000,1.89917,-0.00172,-0.00000,1,
60.0440,1200,0.00000,5.00000,0.00000,0.00000,5.00000,0.00000,0.00000,0.00439,0.02238,-0.00439,4.97762,4.97763,0.89840,-0.00167,1.89950,0.00000,1.89950,-0.00167,-0.00000,1,
60.0920,1201,0.00000,5.00000,0.00000,0.00000,5.00000,0.00000,0.00000,0.00394,0.02105,-0.00394,4.97895,4.97895,0.89868,-0.00150,1.90009,0.00000,1.90009,-0.00150,-0.00000,1,
60.1440,1202,0.00000,5.00000,0.00000,0.00000,5.00000,0.00000,0.00000,0.00345,0.01985,-0.00345,4.98015,4.98015,0.89893,-0.00132,1.90062,0.00000,1.90062,-0.00132,-0.00000,1,
60.1920,1203,0.00000,5.00000,0.00000,0.00000,5.00000,0.00000,0.00000,0.00282,0.01885,-0.00282,4.98115,4.98115,0.89914,-0.00108,1.90107,0.00000,1.90107,-0.00108,-0.00000,1,
60.2440,1204,0.00000,5.00000,0.00000,0.00000,5.00000,0.00000,0.00000,0.00219,0.01779,-0.00219,4.98221,4.98221,0.89937,-0.00084,1.90154,0.00000,1.90154,-0.00084,-0.00000,1,
60.2920,1205,0.00000,5.00000,0.00000,0.00000,5.00000,0.00000,0.00000,0.00115,0.01663,-0.00115,4.98337,4.98337,0.89961,-0.00044,1.90206,0.00000,1.90206,-0.00044,-0.00000,1,
60.3440,1206,0.00000,5.00000,0.00000,0.00000,5.00000,0.00000,0.00000,-0.00001,0.01540,0.00001,4.98460,4.98460,0.89987,0.00000,1.90261,0.00000,1.90261,0.00000,-0.00000,1,
60.3920,1207,0.00000,5.00000,0.00000,0.00000,5.00000,0.00000,0.00000,-0.00109,0.01397,0.00109,4.98603,4.98603,0.90017,0.00042,1.90325,0.00000,1.90325,0.00042,-0.00000,1,
60.4440,1208,0.00000,5.00000,0.00000,0.00000,5.00000,0.00000,0.00000,-0.00219,0.01264,0.00219,4.98736,4.98736,0.90046,0.00084,1.90384,0.00000,1.90384,0.00084,-0.00000,1,
60.4920,1209,0.00000,5.00000,0.00000,0.00000,5.00000,0.00000,0.00000,-0.00325,0.01115,0.00325,4.98885,4.98885,0.90077,0.00124,1.90450,0.00000,1.90450,0.00124,-0.00000,1,
60.5440,1210,0.00000,5.00000,0.00000,0.00000,5.00000,0.00000,0.00000,-0.00462,0.00996,0.00462,4.99004,4.99005,0.90102,0.00176,1.90504,0.00000,1.90504,0.00176,-0.00000,1,
60.5920,1211,0.00000,5.00000,0.00000,0.00000,5.00000,0.00000,0.00000,-0.00595,0.00864,0.00595,4.99136,4.99137,0.90130,0.00227,1.90563,0.00000,1.90563,0.00227,-0.00000,1,
60.6440,1212,0.00000,5.00000,0.00000,0.00000,5.00000,0.00000,0.00000,-0.00696,0.00735,0.00696,4.99265,4.99265,0.90157,0.00266,1.90620,0.00000,1.90620,0.00266,-0.00000,1,
60.6920,1213,0.00000,5.00000,0.00000,0.00000,5.00000,0.00000,0.00000,-0.00703,0.00661,0.00703,4.99339,4.99340,0.90173,0.00268,1.90653,0.00000,1.90653,0.00268,-0.00000,1,
60.7440,1214,0.00000,5.00000,0.00000,0.00000,5.00000,0.00000,0.00000,-0.00755,0.00528,0.00755,4.99472,4.99473,0.90201,0.00288,1.90713,0.00000,1.90713,0.00288,-0.00000,1,
60.7920,1215,0.00000,5.00000,0.00000,0.00000,5.00000,0.00000,0.00000,-0.00869,0.00368,0.00869,4.99632,4.99632,0.90235,0.00332,1.90784,0.00000,1.90784,0.00332,-0.00000,1,
60.8440,1216,0.00000,5.00000,0.00000,0.00000,5.00000,0.00000,0.00000,-0.00893,0.00226,0.00893,4.99774,4.99775,0.90265,0.00341,1.90847,0.00000,1.90847,0.00341,-0.00000,1,
60.8920,1217,0.00000,5.00000,0.00000,0.00000,5.00000,0.00000,0.00000,-0.00932,0.00107,0.00932,4.99893,4.99894,0.90290,0.00356,1.90901,0.00000,1.90901,0.00356,-0.00000,1,
60.9440,1218,0.00000,5.00000,0.00000,0.00000,5.00000,0.00000,0.00000,-0.00967,-0.00034,0.00967,5.00034,5.00035,0.90320,0.00369,1.90964,0.00000,1.90964,0.00369,-0.00000,1,
60.9920,1219,0.00000,5.00000,0.00000,0.00000,5.00000,0.00000,0.00000,-0.01052,-0.00160,0.01052,5.00160,5.00161,0.90346,0.00402,1.91020,0.00000,1.91020,0.00402,-0.00000,1,
61.0440,1220,0.00000,5.00000,0.00000,0.00000,5.00000,0.00000,0.00000,-0.01187,-0.00264,0.01187,5.00264,5.00265,0.90369,0.00453,1.91066,0.00000,1.91066,0.00453,-0.00000,1,
61.0920,1221,0.00000,5.00000,0.00000,0.00000,5.00000,0.00000,0.00000,-0.01331,-0.00335,0.01331,5.00335,5.00337,0.90384,0.00509,1.91098,0.00000,1.91098,0.00509,-0.00000,1,
61.1440,1222,0.00000,5.00000,0.00000,0.00000,5.00000,0.00000,0.00000,-0.01398,-0.00394,0.01398,5.00394,5.00396,0.90396,0.00534,1.91124,0.00000,1.91124,0.00534,-0.00000,1,
61.1920,1223,0.00000,5.00000,0.00000,0.00000,5.00000,0.00000,0.00000,-0.01417,-0.00437,0.01417,5.00437,5.00439,0.90405,0.00541,1.91144,0.00000,1.91144,0.00541,-0.00000,1,
61.2440,1224,0.00000,5.00000,0.00000,0.00000,5.00000,0.00000,0.00000,-0.01453,-0.00502,0.01453,5.00502,5.00505,0.90419,0.00555,1.91173,0.00000,1.91173,0.00555,-0.00000,1,
61.2920,1225,0.00000,5.00000,0.00000,0.00000,5.00000,0.00000,0.00000,-0.01513,-0.00540,0.01513,5.00540,5.00542,0.90427,0.00578,1.91190,0.00000,1.91190,0.00578,-0.00000,1,
61.3440,1226,0.00000,5.00000,0.00000,0.00000,5.00000,0.00000,0.00000,-0.01585,-0.00593,0.01585,5.00593,5.00596,0.90438,0.00605,1.91214,0.00000,1.91214,0.00605,-0.00000,1,
61.3920,1227,0.00000,5.00000,0.00000,0.00000,5.00000,0.00000,0.00000,-0.01651,-0.00662,0.01651,5.00662,5.00665,0.90453,0.00631,1.91244,0.00000,1.91244,0.00631,-0.00000,1,
61.4440,1228,0.00000,5.00000,0.00000,0.00000,5.00000,0.00000,0.00000,-0.01685,-0.00708,0.01685,5.00708,5.00711,0.90463,0.00644,1.91265,0.00000,1.91265,0.00644,-0.00000,1,
61.4920,1229,0.00000,5.00000,0.00000,0.00000,5.00000,0.00000,0.00000,-0.01725,-0.00724,0.01725,5.00724,5.00727,0.90466,0.00659,1.91272,0.00000,1.91272,0.00659,-0.00000,1,
61.5440,1230,0.00000,5.00000,0.00000,0.00000,5.00000,0.00000,0.00000,-0.01764,-0.00716,0.01764,5.00716,5.00719,0.90464,0.00674,1.91268,0.00000,1.91268,0.00674,-0.00000,1,
61.5920,1231,0.00000,5.00000,0.00000,0.00000,5.00000,0.00000,0.00000,-0.01835,-0.00695,0.01835,5.00695,5.00698,0.90460,0.00701,1.91259,0.00000,1.91259,0.00701,-0.00000,1,
61.6440,1232,0.00000,5.00000,0.00000,0.00000,5.00000,0.00000,0.00000,-0.01899,-0.00648,0.01899,5.00648,5.00652,0.90450,0.00725,1.91238,0.00000,1.91238,0.00725,-0.00000,1,
61.6920,1233,0.00000,5.00000,0.00000,0.00000,5.00000,0.00000,0.00000,-0.01946,-0.00557,0.01946,5.00557,5.00560,0.90431,0.00743,1.91197,0.00000,1.91197,0.00743,-0.00000,1,
61.7440,1234,0.00000,5.00000,0.00000,0.00000,5.00000,0.00000,0.00000,-0.01945,-0.00435,0.01945,5.00435,5.00439,0.90405,0.00743,1.91143,0.00000,1.91143,0.00743,-0.00000,1,
61.7920,1235,0.00000,5.00000,0.00000,0.00000,5.00000,0.00000,0.00000,-0.01884,-0.00317,0.01884,5.00317,5.00320,0.90380,0.00720,1.91090,0.00000,1.91090,0.00720,-0.00000,1,
61.8440,1236,0.00000,5.00000,0.00000,0.00000,5.00000,0.00000,0.00000,-0.01806,-0.00188,0.01806,5.00188,5.00192,0.90353,0.00690,1.91033,0.00000,1.91033,0.00690,-0.00000,1,
61.8920,1237,0.00000,5.00000,0.00000,0.00000,5.00000,0.00000,0.00000,-0.01714,-0.00044,0.01714,5.00044,5.00047,0.90322,0.00655,1.90968,0.00000,1.90968,0.00655,-0.00000,1,
61.9440,1238,0.00000,5.00000,0.00000,0.00000,5.00000,0.00000,0.00000,-0.01620,0.00097,0.01620,4.99903,4.99905,0.90292,0.00619,1.90905,0.00000,1.90905,0.00619,-0.00000,1,
61.9920,1239,0.00000,5.00000,0.00000,0.00000,5.00000,0.00000,0.00000,-0.01545,0.00278,0.01545,4.99722,4.99725,0.90254,0.00590,1.90824,0.00000,1.90824,0.00590,-0.00000,1,
62.0440,1240,0.00000,5.00000,0.00000,0.00000,5.00000,0.00000,0.00000,-0.01498,0.00443,0.01498,4.99557,4.99560,0.90220,0.00572,1.90751,0.00000,1.90751,0.00572,-0.00000,1,
62.0920,1241,0.00000,5.00000,0.00000,0.00000,5.00000,0.00000,0.00000,-0.01402,0.00617,0.01402,4.99383,4.99385,0.90183,0.00535,1.90673,0.00000,1.90673,0.00535,-0.00000,1,
62.1440,1242,0.00000,5.00000,0.00000,0.00000,5.00000,0.00000,0.00000,-0.01318,0.00744,0.01318,4.99256,4.99258,0.90156,0.00503,1.90616,0.00000,1.90616,0.00503,-0.00000,1,
62.1920,1243,0.00000,5.00000,0.00000,0.00000,5.00000,0.00000,0.00000,-0.01156,0.00865,0.01156,4.99135,4.99136,0.90130,0.00442,1.90562,0.00000,1.90562,0.00442,-0.00000,1,
62.2440,1244,0.00000,5.00000,0.00000,0.00000,5.00000,0.00000,0.00000,-0.01011,0.01015,0.01011,4.98985,4.98986,0.90098,0.00386,1.90495,0.00000,1.90495,0.00386,-0.00000,1,
62.2920,1245,0.00000,5.00000,0.00000,0.00000,5.00000,0.00000,0.00000,-0.00888,0.01085,0.00888,4.98915,4.98916,0.90084,0.00339,1.90464,0.00000,1.90464,0.00339,-0.00000,1,
62.3440,1246,0.00000,5.00000,0.00000,0.00000,5.00000,0.00000,0.00000,-0.00733,0.01188,0.00733,4.98812,4.98812,0.90062,0.00280,1.90418,0.00000,1.90418,0.00280,-0.00000,1,
62.3920,1247,0.00000,5.00000,0.00000,0.00000,5.00000,0.00000,0.00000,-0.00538,0.01277,0.00538,4.98723,4.98723,0.90043,0.00205,1.90378,0.00000,1.90378,0.00205,-0.00000,1,
62.4440,1248,0.00000,5.00000,0.00000,0.00000,5.00000,0.00000,0.00000,-0.00373,0.01347,0.00373,4.98653,4.98653,0.90028,0.00142,1.90347,0.00000,1.90347,0.00142,-0.00000,1,
62.4920,1249,0.00000,5.00000,0.00000,0.00000,5.00000,0.00000,0.00000,-0.00274,0.01470,0.00274,4.98530,4.98530,0.90002,0.00105,1.90292,0.00000,1.90292,0.00105,-0.00000,1,
62.5440,1250,0.00000,5.00000,0.00000,0.00000,5.00000,0.00000,0.00000,-0.00172,0.01529,0.00172,4.98471,4.98471,0.89990,0.00066,1.90266,0.00000,1.90266,0.00066,-0.00000,1,
62.5920,1251,0.00000,5.00000,0.00000,0.00000,5.00000,0.00000,0.00000,-0.00096,0.01640,0.00096,4.98360,4.98360,0.89966,0.00037,1.90216,0.00000,1.90216,0.00037,-0.00000,1,
62.6440,1252,0.00000,5.00000,0.00000,0.00000,5.00000,0.00000,0.00000,-0.00045,0.01725,0.00045,4.98275,4.98275,0.89948,0.00017,1.90178,0.00000,1.90178,0.00017,-0.00000,1,
62.6920,1253,0.00000,5.00000,0.00000,0.00000,5.00000,0.00000,0.00000,-0.00010,0.01831,0.00010,4.98169,4.98169,0.89926,0.00004,1.90131,0.00000,1.90131,0.00004,-0.00000,1,
62.7440,1254,0.00000,5.00000,0.00000,0.00000,5.00000,0.00000,0.00000,-0.00006,0.01917,0.00006,4.98083,4.98083,0.89908,0.00002,1.90093,0.00000,1.90093,0.00002,-0.00000,1,
62.7920,1255,0.00000,5.00000,0.00000,0.00000,5.00000,0.00000,0.00000,-0.00023,0.01960,0.00023,4.98040,4.98040,0.89899,0.00009,1.90074,0.00000,1.90074,0.00009,-0.00000,1,
62.8440,1256,0.00000,5.00000,0.00000,0.00000,5.00000,0.00000,0.00000,-0.00047,0.01997,0.00047,4.98003,4.98003,0.89891,0.00018,1.90057,0.00000,1.90057,0.00018,-0.00000,1,
62.8920,1257,0.00000,5.00000,0.00000,0.00000,5.00000,0.00000,0.00000,-0.00025,0.01972,0.00025,4.98028,4.98028,0.89896,0.00010,1.90068,0.00000,1.90068,0.00010,-0.00000,1,
62.9440,1258,0.00000,5.00000,0.00000,0.00000,5.00000,0.00000,0.00000,-0.00019,0.01952,0.00019,4.98048,4.98048,0.89900,0.00007,1.90077,0.00000,1.90077,0.00007,-0.00000,1,
62.9920,1259,0.00000,5.00000,0.00000,0.00000,5.00000,0.00000,0.00000,0.00007,0.01933,-0.00007,4.98067,4.98067,0.89904,-0.00003,1.90086,0.00000,1.90086,-0.00003,-0.00000,1,
63.0440,1260,0.00000,5.00000,0.00000,0.00000,5.00000,0.00000,0.00000,0.00080,0.01872,-0.00080,4.98128,4.98128,0.89917,-0.00030,1.90113,0.00000,1.90113,-0.00030,-0.00000,1,
63.0920,1261,0.00000,5.00000,0.00000,0.00000,5.00000,0.00000,0.00000,0.00131,0.01837,-0.00131,4.98163,4.98163,0.89925,-0.00050,1.90128,0.00000,1.90128,-0.00050,-0.00000,1,
63.1440,1262,0.00000,5.00000,0.00000,0.00000,5.00000,0.00000,0.00000,0.00161,0.01810,-0.00161,4.98190,4.98190,0.89930,-0.00061,1.90140,0.00000,1.90140,-0.00061,-0.00000,1,
63.1920,1263,0.00000,5.00000,0.00000,0.00000,5.00000,0.00000,0.00000,0.00192,0.01772,-0.00192,4.98228,4.98229,0.89938,-0.00073,1.90158,0.00000,1.90158,-0.00073,-0.00000,1,
63.2440,1264,0.00000,5.00000,0.00000,0.00000,5.00000,0.00000,0.00000,0.00248,0.01745,-0.00248,4.98255,4.98255,0.89944,-0.00095,1.90170,0.00000,1.90170,-0.00095,-0.00000,1,
63.2920,1265,0.00000,5.00000,0.00000,0.00000,5.00000,0.00000,0.00000,0.00308,0.01766,-0.00308,4.98234,4.98234,0.89940,-0.00117,1.90160,0.00000,1.90160,-0.00117,-0.00000,1,
63.3440,1266,0.00000,5.00000,0.00000,0.00000,5.00000,0.00000,0.00000,0.00341,0.01755,-0.00341,4.98245,4.98246,0.89942,-0.00130,1.90165,0.00000,1.90165,-0.00130,-0.00000,1,
63.3920,1267,0.00000,5.00000,0.00000,0.00000,5.00000,0.00000,0.00000,0.00353,0.01737,-0.00353,4.98263,4.98263,0.89946,-0.00135,1.90173,0.00000,1.90173,-0.00135,-0.00000,1,
63.4440,1268,0.00000,5.00000,0.00000,0.00000,5.00000,0.00000,0.00000,0.00355,0.01755,-0.00355,4.98245,4.98245,0.89942,-0.00135,1.90165,0.00000,1.90165,-0.00135,-0.00000,1,
63.4920,1269,0.00000,5.00000,0.00000,0.00000,5.00000,0.00000,0.00000,0.00316,0.01742,-0.00316,4.98258,4.98258,0.89945,-0.00120,1.90171,0.00000,1.90171,-0.00120,-0.00000,1,
63.5440,1270,0.00000,5.00000,0.00000,0.00000,5.00000,0.00000,0.00000,0.00223,0.01719,-0.00223,4.98281,4.98281,0.89950,-0.00085,1.90181,0.00000,1.90181,-0.00085,-0.00000,1,
63.5920,1271,0.00000,5.00000,0.00000,0.00000,5.00000,0.00000,0.00000,0.00146,0.01697,-0.00146,4.98303,4.98303,0.89954,-0.00056,1.90191,0.00000,1.90191,-0.00056,-0.00000,1,
63.6440,1272,0.00000,5.00000,0.00000,0.00000,5.00000,0.00000,0.00000,0.00002,0.01663,-0.00002,4.98337,4.98337,0.89961,-0.00001,1.90206,0.00000,1.90206,-0.00001,-0.00000,1,
63.6920,1273,0.00000,5.00000,0.00000,0.00000,5.00000,0.00000,0.00000,-0.00140,0.01631,0.00140,4.98369,4.98369,0.89968,0.00053,1.90220,0.00000,1.90220,0.00053,-0.00000,1,
63.7440,1274,0.00000,5.00000,0.00000,0.00000,5.00000,0.00000,0.00000,-0.00300,0.01600,0.00300,4.98400,4.98400,0.89975,0.00115,1.90234,0.00000,1.90234,0.00115,-0.00000,1,
63.7920,1275,0.00000,5.00000,0.00000,0.00000,5.00000,0.00000,0.00000,-0.00498,0.01587,0.00498,4.98413,4.98413,0.89977,0.00190,1.90240,0.00000,1.90240,0.00190,-0.00000,1,
63.8440,1276,0.00000,5.00000,0.00000,0.00000,5.00000,0.00000,0.00000,-0.00705,0.01609,0.00705,4.98391,4.98391,0.89973,0.00269,1.90230,0.00000,1.90230,0.00269,-0.00000,1,
63.8920,1277,0.00000,5.00000,0.00000,0.00000,5.00000,0.00000,0.00000,-0.00866,0.01620,0.00866,4.98380,4.98381,0.89971,0.00330,1.90225,0.00000,1.90225,0.00330,-0.00000,1,
63.9440,1278,0.00000,5.00000,0.00000,0.00000,5.00000,0.00000,0.00000,-0.01080,0.01620,0.01080,4.98380,4.98381,0.89971,0.00412,1.90225,0.00000,1.90225,0.00412,-0.00000,1,
63.9920,1279,0.00000,5.00000,0.00000,0.00000,5.00000,0.00000,0.00000,-0.01298,0.01596,0.01298,4.98404,4.98405,0.89976,0.00495,1.90236,0.00000,1.90236,0.00495,-0.00000,1,
64.0440,1280,0.00000,5.00000,0.00000,0.00000,5.00000,0.00000,0.00000,-0.01499,0.01578,0.01499,4.98422,4.98424,0.89980,0.00572,1.90244,0.00000,1.90244,0.00572,-0.00000,1,
64.0920,1281,0.00000,5.00000,0.00000,0.00000,5.00000,0.00000,0.00000,-0.01736,0.01581,0.01736,4.98419,4.98422,0.89979,0.00663,1.90243,0.00000,1.90243,0.00663,-0.00000,1,
64.1440,1282,0.00000,5.00000,0.00000,0.00000,5.00000,0.00000,0.00000,-0.01951,0.01547,0.01951,4.98453,4.98457,0.89987,0.00745,1.90258,0.00000,1.90258,0.00745,-0.00000,1,
64.1920,1283,0.00000,5.00000,0.00000,0.00000,5.00000,0.00000,0.00000,-0.02161,0.01517,0.02161,4.98483,4.98488,0.89993,0.00825,1.90271,0.00000,1.90271,0.00825,-0.00000,1,
64.2440,1284,0.00000,5.00000,0.00000,0.00000,5.00000,0.00000,0.00000,-0.02345,0.01438,0.02345,4.98562,4.98568,0.90010,0.00895,1.90307,0.00000,1.90307,0.00895,-0.00000,1,
64.2920,1285,0.00000,5.00000,0.00000,0.00000,5.00000,0.00000,0.00000,-0.02516,0.01377,0.02516,4.98623,4.98630,0.90023,0.00960,1.90334,0.00000,1.90334,0.00960,-0.00000,1,
64.3440,1286,0.00000,5.00000,0.00000,0.00000,5.00000,0.00000,0.00000,-0.02641,0.01302,0.02641,4.98698,4.98705,0.90039,0.01008,1.90368,0.00000,1.90368,0.01008,-0.00000,1,
64.3920,1287,0.00000,5.00000,0.00000,0.00000,5.00000,0.00000,0.00000,-0.02771,0.01188,0.02771,4.98812,4.98820,0.90063,0.01058,1.90419,0.00000,1.90419,0.01058,-0.00000,1,
64.4440,1288,0.00000,5.00000,0.00000,0.00000,5.00000,0.00000,0.00000,-0.02867,0.01117,0.02867,4.98883,4.98891,0.90078,0.01094,1.90450,0.00000,1.90450,0.01094,-0.00000,1,
64.4920,1289,0.00000,5.00000,0.00000,0.00000,5.00000,0.00000,0.00000,-0.02926,0.01022,0.02926,4.98978,4.98986,0.90098,0.01117,1.90493,0.00000,1.90493,0.01117,-0.00000,1,
64.5440,1290,0.00000,5.00000,0.00000,0.00000,5.00000,0.00000,0.00000,-0.02920,0.00929,0.02920,4.99071,4.99079,0.90118,0.01115,1.90534,0.00000,1.90534,0.01115,-0.00000,1,
64.5920,1291,0.00000,5.00000,0.00000,0.00000,5.00000,0.00000,0.00000,-0.02893,0.00875,0.02893,4.99125,4.99134,0.90130,0.01104,1.90558,0.00000,1.90558,0.01104,-0.00000,1,
64.6440,1292,0.00000,5.00000,0.00000,0.00000,5.00000,0.00000,0.00000,-0.02856,0.00785,0.02856,4.99215,4.99223,0.90148,0.01091,1.90598,0.00000,1.90598,0.01091,-0.00000,1,
64.6920,1293,0.00000,5.00000,0.00000,0.00000,5.00000,0.00000,0.00000,-0.02812,0.00714,0.02812,4.99286,4.99294,0.90163,0.01074,1.90630,0.00000,1.90630,0.01074,-0.00000,1,
64.7440,1294,0.00000,5.00000,0.00000,0.00000,5.00000,0.00000,0.00000,-0.02775,0.00666,0.02775,4.99334,4.99341,0.90173,0.01060,1.90651,0.00000,1.90651,0.01060,-0.00000,1,
64.7920,1295,0.00000,5.00000,0.00000,0.00000,5.00000,0.00000,0.00000,-0.02741,0.00635,0.02741,4.99365,4.99373,0.90180,0.01046,1.90665,0.00000,1.90665,0.01046,-0.00000,1,
64.8440,1296,0.00000,5.00000,0.00000,0.00000,5.00000,0.00000,0.00000,-0.02677,0.00602,0.02677,4.99398,4.99406,0.90187,0.01022,1.90680,0.00000,1.90680,0.01022,-0.00000,1,
64.8920,1297,0.00000,5.00000,0.00000,0.00000,5.00000,0.00000,0.00000,-0.02609,0.00549,0.02609,4.99451,4.99458,0.90198,0.00996,1.90704,0.00000,1.90704,0.00996,-0.00000,1,
64.9440,1298,0.00000,5.00000,0.00000,0.00000,5.00000,0.00000,0.00000,-0.02523,0.00540,0.02523,4.99460,4.99466,0.90200,0.00963,1.90708,0.00000,1.90708,0.00963,-0.00000,1,
64.9920,1299,0.00000,5.00000,0.00000,0.00000,5.00000,0.00000,0.00000,-0.02452,0.00511,0.02452,4.99489,4.99495,0.90206,0.00936,1.90721,0.00000,1.90721,0.00936,-0.00000,1,
65.0440,1300,0.00000,5.00000,0.00000,0.00000,5.00000,0.00000,0.00000,-0.02265,0.00474,0.02265,4.99526,4.99531,0.90214,0.00865,1.90737,0.00000,1.90737,0.00865,-0.00000,1,
65.0920,1301,0.00000,5.00000,0.00000,0.00000,5.00000,0.00000,0.00000,-0.02117,0.00424,0.02117,4.99576,4.99580,0.90224,0.00808,1.90759,0.00000,1.90759,0.00808,-0.00000,1,
65.1440,1302,0.00000,5.00000,0.00000,0.00000,5.00000,0.00000,0.00000,-0.01908,0.00383,0.01908,4.99617,4.99620,0.90232,0.00728,1.90778,0.00000,1.90778,0.00728,-0.00000,1,
65.1920,1303,0.00000,5.00000,0.00000,0.00000,5.00000,0.00000,0.00000,-0.01694,0.00315,0.01694,4.99685,4.99687,0.90246,0.00647,1.90808,0.00000,1.90808,0.00647,-0.00000,1,
65.2440,1304,0.00000,5.00000,0.00000,0.00000,5.00000,0.00000,0.00000,-0.01499,0.00252,0.01499,4.99748,4.99750,0.90260,0.00572,1.90836,0.00000,1.90836,0.00572,-0.00000,1,
65.2920,1305,0.00000,5.00000,0.00000,0.00000,5.00000,0.00000,0.00000,-0.01228,0.00174,0.01228,4.99826,4.99827,0.90276,0.00469,1.90871,0.00000,1.90871,0.00469,-0.00000,1,
65.3440,1306,0.00000,5.00000,0.00000,0.00000,5.00000,0.00000,0.00000,-0.01041,0.00118,0.01041,4.99882,4.99883,0.90288,0.00397,1.90896,0.00000,1.90896,0.00397,-0.00000,1,
65.3920,1307,0.00000,5.00000,0.00000,0.00000,5.00000,0.00000,0.00000,-0.00810,0.00010,0.00810,4.99990,4.99991,0.90311,0.00309,1.90944,0.00000,1.90944,0.00309,-0.00000,1,
65.4440,1308,0.00000,5.00000,0.00000,0.00000,5.00000,0.00000,0.00000,-0.00587,-0.00072,0.00587,5.00072,5.00072,0.90328,0.00224,1.90981,0.00000,1.90981,0.00224,-0.00000,1,
65.4920,1309,0.00000,5.00000,0.00000,0.00000,5.00000,0.00000,0.00000,-0.00344,-0.00172,0.00344,5.00172,5.00172,0.90349,0.00131,1.91025,0.00000,1.91025,0.00131,-0.00000,1,
65.5440,1310,0.00000,5.00000,0.00000,0.00000,5.00000,0.00000,0.00000,-0.00071,-0.00231,0.00071,5.00231,5.00231,0.90361,0.00027,1.91052,0.00000,1.91052,0.00027,-0.00000,1,
65.5920,1311,0.00000,5.00000,0.00000,0.00000,5.00000,0.00000,0.00000,0.00213,-0.00308,-0.00213,5.00308,5.00309,0.90378,-0.00081,1.91086,0.00000,1.91086,-0.00081,-0.00000,1,
65.6440,1312,0.00000,5.00000,0.00000,0.00000,5.00000,0.00000,0.00000,0.00525,-0.00375,-0.00525,5.00375,5.00375,0.90392,-0.00200,1.91116,0.00000,1.91116,-0.00200,-0.00000,1,
65.6920,1313,0.00000,5.00000,0.00000,0.00000,5.00000,0.00000,0.00000,0.00841,-0.00424,-0.00841,5.00424,5.00425,0.90402,-0.00321,1.91138,0.00000,1.91138,-0.00321,-0.00000,1,
65.7440,1314,0.00000,5.00000,0.00000,0.00000,5.00000,0.00000,0.00000,0.01160,-0.00442,-0.01160,5.00442,5.00444,0.90406,-0.00443,1.91146,0.00000,1.91146,-0.00443,-0.00000,1,
65.7920,1315,0.00000,5.00000,0.00000,0.00000,5.00000,0.00000,0.00000,0.01459,-0.00442,-0.01459,5.00442,5.00444,0.90406,-0.00557,1.91146,0.00000,1.91146,-0.00557,-0.00000,1,
65.8440,1316,0.00000,5.00000,0.00000,0.00000,5.00000,0.00000,0.00000,0.01758,-0.00347,-0.01758,5.00347,5.00351,0.90387,-0.00671,1.91104,0.00000,1.91104,-0.00671,-0.00000,1,
65.8920,1317,0.00000,5.00000,0.00000,0.00000,5.00000,0.00000,0.00000,0.02113,-0.00291,-0.02113,5.00291,5.00296,0.90375,-0.00807,1.91079,0.00000,1.91079,-0.00807,-0.00000,1,
65.9440,1318,0.00000,5.00000,0.00000,0.00000,5.00000,0.00000,0.00000,0.02387,-0.00241,-0.02387,5.00241,5.00247,0.90365,-0.00912,1.91057,0.00000,1.91057,-0.00912,-0.00000,1,
65.9920,1319,0.00000,5.00000,0.00000,0.00000,5.00000,0.00000,0.00000,0.02682,-0.00227,-0.02682,5.00227,5.00234,0.90362,-0.01024,1.91050,0.00000,1.91050,-0.01024,-0.00000,1,
66.0440,1320,0.00000,5.00000,0.00000,0.00000,5.00000,0.00000,0.00000,0.02894,-0.00212,-0.02894,5.00212,5.00221,0.90359,-0.01105,1.91044,0.00000,1.91044,-0.01105,-0.00000,1,
66.0920,1321,0.00000,5.00000,0.00000,0.00000,5.00000,0.00000,0.00000,0.03063,-0.00178,-0.03063,5.00178,5.00187,0.90352,-0.01170,1.91028,0.00000,1.91028,-0.01170,-0.00000,1,
66.1440,1322,0.00000,5.00000,0.00000,0.00000,5.00000,0.00000,0.00000,0.03175,-0.00156,-0.03175,5.00156,5.00166,0.90348,-0.01213,1.91019,0.00000,1.91019,-0.01213,-0.00000,1,
66.1920,1323,0.00000,5.00000,0.00000,0.00000,5.00000,0.00000,0.00000,0.03254,-0.00126,-0.03254,5.00126,5.00136,0.90341,-0.01243,1.91005,0.00000,1.91005,-0.01243,-0.00000,1,
66.2440,1324,0.00000,5.00000,0.00000,0.00000,5.00000,0.00000,0.00000,0.03242,-0.00040,-0.03242,5.00040,5.00051,0.90323,-0.01238,1.90967,0.00000,1.90967,-0.01238,-0.00000,1,
66.2920,1325,0.00000,5.00000,0.00000,0.00000,5.00000,0.00000,0.00000,0.03223,0.00024,-0.03223,4.99976,4.99986,0.90310,-0.01231,1.90938,0.00000,1.90938,-0.01231,-0.00000,1,
66.3440,1326,0.00000,5.00000,0.00000,0.00000,5.00000,0.00000,0.00000,0.03211,0.00080,-0.03211,4.99920,4.99931,0.90298,-0.01226,1.90914,0.00000,1.90914,-0.01226,-0.00000,1,
66.3920,1327,0.00000,5.00000,0.00000,0.00000,5.00000,0.00000,0.00000,0.03110,0.00227,-0.03110,4.99773,4.99783,0.90267,-0.01188,1.90848,0.00000,1.90848,-0.01188,-0.00000,1,
66.4440,1328,0.00000,5.00000,0.00000,0.00000,5.00000,0.00000,0.00000,0.02976,0.00361,-0.02976,4.99639,4.99648,0.90238,-0.01136,1.90788,0.00000,1.90788,-0.01136,-0.00000,1,
66.4920,1329,0.00000,5.00000,0.00000,0.00000,5.00000,0.00000,0.00000,0.02839,0.00472,-0.02839,4.99528,4.99536,0.90215,-0.01084,1.90738,0.00000,1.90738,-0.01084,-0.00000,1,
66.5440,1330,0.00000,5.00000,0.00000,0.00000,5.00000,0.00000,0.00000,0.02687,0.00583,-0.02687,4.99417,4.99424,0.90191,-0.01026,1.90689,0.00000,1.90689,-0.01026,-0.00000,1,
66.5920,1331,0.00000,5.00000,0.00000,0.00000,5.00000,0.00000,0.00000,0.02447,0.00808,-0.02447,4.99192,4.99198,0.90143,-0.00934,1.90588,0.00000,1.90588,-0.00934,-0.00000,1,
66.6440,1332,0.00000,5.00000,0.00000,0.00000,5.00000,0.00000,0.00000,0.02259,0.00957,-0.02259,4.99043,4.99048,0.90112,-0.00862,1.90522,0.00000,1.90522,-0.00862,-0.00000,1,
66.6920,1333,0.00000,5.00000,0.00000,0.00000,5.00000,0.00000,0.00000,0.02078,0.01139,-0.02078,4.98861,4.98866,0.90073,-0.00793,1.90440,0.00000,1.90440,-0.00793,-0.00000,1,
66.7440,1334,0.00000,5.00000,0.00000,0.00000,5.00000,0.00000,0.00000,0.01849,0.01265,-0.01849,4.98735,4.98738,0.90046,-0.00706,1.90384,0.00000,1.90384,-0.00706,-0.00000,1,
66.7920,1335,0.00000,5.00000,0.00000,0.00000,5.00000,0.00000,0.00000,0.01609,0.01378,-0.01609,4.98622,4.98624,0.90022,-0.00614,1.90333,0.00000,1.90333,-0.00614,-0.00000,1,
66.8440,1336,0.00000,5.00000,0.00000,0.00000,5.00000,0.00000,0.00000,0.01379,0.01468,-0.01379,4.98532,4.98534,0.90003,-0.00526,1.90293,0.00000,1.90293,-0.00526,-0.00000,1,
66.8920,1337,0.00000,5.00000,0.00000,0.00000,5.00000,0.00000,0.00000,0.01182,0.01560,-0.01182,4.98440,4.98441,0.89983,-0.00451,1.90252,0.00000,1.90252,-0.00451,-0.00000,1,
66.9440,1338,0.00000,5.00000,0.00000,0.00000,5.00000,0.00000,0.00000,0.00969,0.01593,-0.00969,4.98407,4.98408,0.89976,-0.00370,1.90237,0.00000,1.90237,-0.00370,-0.00000,1,
66.9920,1339,0.00000,5.00000,0.00000,0.00000,5.00000,0.00000,0.00000,0.00739,0.01633,-0.00739,4.98367,4.98367,0.89968,-0.00282,1.90219,0.00000,1.90219,-0.00282,-0.00000,1,
67.0440,1340,0.00000,5.00000,0.00000,0.00000,5.00000,0.00000,0.00000,0.00543,0.01653,-0.00543,4.98347,4.98347,0.89963,-0.00207,1.90210,0.00000,1.90210,-0.00207,-0.00000,1,
67.0920,1341,0.00000,5.00000,0.00000,0.00000,5.00000,0.00000,0.00000,0.00373,0.01614,-0.00373,4.98386,4.98386,0.89972,-0.00142,1.90228,0.00000,1.90228,-0.00142,-0.00000,1,
67.1440,1342,0.00000,5.00000,0.00000,0.00000,5.00000,0.00000,0.00000,0.00213,0.01576,-0.00213,4.98424,4.98424,0.89980,-0.00081,1.90245,0.00000,1.90245,-0.00081,-0.00000,1,
67.1920,1343,0.00000,5.00000,0.00000,0.00000,5.00000,0.00000,0.00000,0.00067,0.01538,-0.00067,4.98462,4.98462,0.89988,-0.00026,1.90262,0.00000,1.90262,-0.00026,-0.00000,1,
67.2440,1344,0.00000,5.00000,0.00000,0.00000,5.00000,0.00000,0.00000,-0.00099,0.01492,0.00099,4.98508,4.98508,0.89998,0.00038,1.90282,0.00000,1.90282,0.00038,-0.00000,1,
67.2920,1345,0.00000,5.00000,0.00000,0.00000,5.00000,0.00000,0.00000,-0.00298,0.01394,0.00298,4.98606,4.98606,0.90018,0.00114,1.90326,0.00000,1.90326,0.00114,-0.00000,1,
67.3440,1346,0.00000,5.00000,0.00000,0.00000,5.00000,0.00000,0.00000,-0.00475,0.01285,0.00475,4.98715,4.98715,0.90041,0.00181,1.90375,0.00000,1.90375,0.00181,-0.00000,1,
67.3920,1347,0.00000,5.00000,0.00000,0.00000,5.00000,0.00000,0.00000,-0.00607,0.01156,0.00607,4.98844,4.98845,0.90068,0.00232,1.90432,0.00000,1.90432,0.00232,-0.00000,1,
67.4440,1348,0.00000,5.00000,0.00000,0.00000,5.00000,0.00000,0.00000,-0.00746,0.01037,0.00746,4.98963,4.98964,0.90094,0.00285,1.90485,0.00000,1.90485,0.00285,-0.00000,1,
67.4920,1349,0.00000,5.00000,0.00000,0.00000,5.00000,0.00000,0.00000,-0.00877,0.00850,0.00877,4.99150,4.99150,0.90133,0.00335,1.90569,0.00000,1.90569,0.00335,-0.00000,1,
67.5440,1350,0.00000,5.00000,0.00000,0.00000,5.00000,0.00000,0.00000,-0.00989,0.00695,0.00989,4.99305,4.99306,0.90166,0.00378,1.90638,0.00000,1.90638,0.00378,-0.00000,1,
67.5920,1351,0.00000,5.00000,0.00000,0.00000,5.00000,0.00000,0.00000,-0.01057,0.00581,0.01057,4.99419,4.99421,0.90190,0.00404,1.90689,0.00000,1.90689,0.00404,-0.00000,1,
67.6440,1352,0.00000,5.00000,0.00000,0.00000,5.00000,0.00000,0.00000,-0.01125,0.00452,0.01125,4.99548,4.99549,0.90217,0.00430,1.90747,0.00000,1.90747,0.00430,-0.00000,1,
67.6920,1353,0.00000,5.00000,0.00000,0.00000,5.00000,0.00000,0.00000,-0.01193,0.00278,0.01193,4.99722,4.99724,0.90254,0.00456,1.90824,0.00000,1.90824,0.00456,-0.00000,1,
67.7440,1354,0.00000,5.00000,0.00000,0.00000,5.00000,0.00000,0.00000,-0.01302,0.00153,0.01302,4.99847,4.99848,0.90280,0.00497,1.90880,0.00000,1.90880,0.00497,-0.00000,1,
67.7920,1355,0.00000,5.00000,0.00000,0.00000,5.00000,0.00000,0.00000,-0.01312,-0.00026,0.01312,5.00026,5.00027,0.90318,0.00501,1.90960,0.00000,1.90960,0.00501,-0.00000,1,
67.8440,1356,0.00000,5.00000,0.00000,0.00000,5.00000,0.00000,0.00000,-0.01282,-0.00159,0.01282,5.00159,5.00160,0.90346,0.00490,1.91019,0.00000,1.91019,0.00490,-0.00000,1,
67.8920,1357,0.00000,5.00000,0.00000,0.00000,5.00000,0.00000,0.00000,-0.01251,-0.00320,0.01251,5.00320,5.00321,0.90380,0.00478,1.91091,0.00000,1.91091,0.00478,-0.00000,1,
67.9440,1358,0.00000,5.00000,0.00000,0.00000,5.00000,0.00000,0.00000,-0.01213,-0.00533,0.01213,5.00533,5.00535,0.90425,0.00463,1.91187,0.00000,1.91187,0.00463,-0.00000,1,
67.9920,1359,0.00000,5.00000,0.00000,0.00000,5.00000,0.00000,0.00000,-0.01192,-0.00714,0.01192,5.00714,5.00716,0.90464,0.00455,1.91268,0.00000,1.91268,0.00455,-0.00000,1,
68.0440,1360,0.00000,5.00000,0.00000,0.00000,5.00000,0.00000,0.00000,-0.01137,-0.00914,0.01137,5.00914,5.00915,0.90506,0.00434,1.91357,0.00000,1.91357,0.00434,-0.00000,1,
68.0920,1361,0.00000,5.00000,0.00000,0.00000,5.00000,0.00000,0.00000,-0.01091,-0.01137,0.01091,5.01137,5.01138,0.90553,0.00417,1.91456,0.00000,1.91456,0.00417,-0.00000,1,
68.1440,1362,0.00000,5.00000,0.00000,0.00000,5.00000,0.00000,0.00000,-0.01017,-0.01372,0.01017,5.01372,5.01373,0.90603,0.00389,1.91561,0.00000,1.91561,0.00389,-0.00000,1,
68.1920,1363,0.00000,5.00000,0.00000,0.00000,5.00000,0.00000,0.00000,-0.00890,-0.01569,0.00890,5.01569,5.01569,0.90644,0.00340,1.91649,0.00000,1.91649,0.00340,-0.00000,1,
68.2440,1364,0.00000,5.00000,0.00000,0.00000,5.00000,0.00000,0.00000,-0.00779,-0.01823,0.00779,5.01823,5.01824,0.90698,0.00298,1.91763,0.00000,1.91763,0.00298,-0.00000,1,
68.2920,1365,0.00000,5.00000,0.00000,0.00000,5.00000,0.00000,0.00000,-0.00639,-0.02075,0.00639,5.02075,5.02075,0.90751,0.00244,1.91876,0.00000,1.91876,0.00244,-0.00000,1,
68.3440,1366,0.00000,5.00000,0.00000,0.00000,5.00000,0.00000,0.00000,-0.00521,-0.02347,0.00521,5.02347,5.02347,0.90809,0.00199,1.91997,0.00000,1.91997,0.00199,-0.00000,1,
68.3920,1367,0.00000,5.00000,0.00000,0.00000,5.00000,0.00000,0.00000,-0.00393,-0.02589,0.00393,5.02589,5.02589,0.90860,0.00150,1.92106,0.00000,1.92106,0.00150,-0.00000,1,
68.4440,1368,0.00000,5.00000,0.00000,0.00000,5.00000,0.00000,0.00000,-0.00270,-0.02804,0.00270,5.02804,5.02804,0.90905,0.00103,1.92202,0.00000,1.92202,0.00103,-0.00000,1,
68.4920,1369,0.00000,5.00000,0.00000,0.00000,5.00000,0.00000,0.00000,-0.00148,-0.03005,0.00148,5.03005,5.03005,0.90948,0.00057,1.92292,0.00000,1.92292,0.00057,-0.00000,1,
68.5440,1370,0.00000,5.00000,0.00000,0.00000,5.00000,0.00000,0.00000,-0.00022,-0.03181,0.00022,5.03181,5.03181,0.90985,0.00009,1.92370,0.00000,1.92370,0.00009,-0.00000,1,
68.5920,1371,0.00000,5.00000,0.00000,0.00000,5.00000,0.00000,0.00000,0.00145,-0.03290,-0.00145,5.03290,5.03290,0.91008,-0.00055,1.92419,0.00000,1.92419,-0.00055,-0.00000,1,
68.6440,1372,0.00000,5.00000,0.00000,0.00000,5.00000,0.00000,0.00000,0.00367,-0.03393,-0.00367,5.03393,5.03393,0.91030,-0.00140,1.92465,0.00000,1.92465,-0.00140,-0.00000,1,
68.6920,1373,0.00000,5.00000,0.00000,0.00000,5.00000,0.00000,0.00000,0.00564,-0.03438,-0.00564,5.03438,5.03438,0.91040,-0.00216,1.92486,0.00000,1.92486,-0.00216,-0.00000,1,
68.7440,1374,0.00000,5.00000,0.00000,0.00000,5.00000,0.00000,0.00000,0.00777,-0.03493,-0.00777,5.03493,5.03494,0.91051,-0.00297,1.92510,0.00000,1.92510,-0.00297,-0.00000,1,
68.7920,1375,0.00000,5.00000,0.00000,0.00000,5.00000,0.00000,0.00000,0.00941,-0.03555,-0.00941,5.03555,5.03556,0.91064,-0.00360,1.92538,0.00000,1.92538,-0.00360,-0.00000,1,
68.8440,1376,0.00000,5.00000,0.00000,0.00000,5.00000,0.00000,0.00000,0.01095,-0.03602,-0.01095,5.03602,5.03603,0.91074,-0.00419,1.92559,0.00000,1.92559,-0.00419,-0.00000,1,
68.8920,1377,0.00000,5.00000,0.00000,0.00000,5.00000,0.00000,0.00000,0.01262,-0.03596,-0.01262,5.03596,5.03598,0.91073,-0.00483,1.92556,0.00000,1.92556,-0.00483,-0.00000,1,
68.9440,1378,0.00000,5.00000,0.00000,0.00000,5.00000,0.00000,0.00000,0.01397,-0.03594,-0.01397,5.03594,5.03595,0.91073,-0.00534,1.92555,0.00000,1.92555,-0.00534,-0.00000,1,
68.9920,1379,0.00000,5.00000,0.00000,0.00000,5.00000,0.00000,0.00000,0.01503,-0.03554,-0.01503,5.03554,5.03556,0.91064,-0.00575,1.92537,0.00000,1.92537,-0.00575,-0.00000,1,
69.0440,1380,0.00000,5.00000,0.00000,0.00000,5.00000,0.00000,0.00000,0.01601,-0.03464,-0.01601,5.03464,5.03467,0.91046,-0.00612,1.92497,0.00000,1.92497,-0.00612,-0.00000,1,
69.0920,1381,0.00000,5.00000,0.00000,0.00000,5.00000,0.00000,0.00000,0.01693,-0.03343,-0.01693,5.03343,5.03346,0.91020,-0.00647,1.92443,0.00000,1.92443,-0.00647,-0.00000,1,
69.1440,1382,0.00000,5.00000,0.00000,0.00000,5.00000,0.00000,0.00000,0.01735,-0.03212,-0.01735,5.03212,5.03215,0.90992,-0.00663,1.92384,0.00000,1.92384,-0.00663,-0.00000,1,
69.1920,1383,0.00000,5.00000,0.00000,0.00000,5.00000,0.00000,0.00000,0.01753,-0.03095,-0.01753,5.03095,5.03098,0.90968,-0.00670,1.92332,0.00000,1.92332,-0.00670,-0.00000,1,
69.2440,1384,0.00000,5.00000,0.00000,0.00000,5.00000,0.00000,0.00000,0.01749,-0.02974,-0.01749,5.02974,5.02977,0.90942,-0.00669,1.92278,0.00000,1.92278,-0.00669,-0.00000,1,
69.2920,1385,0.00000,5.00000,0.00000,0.00000,5.00000,0.00000,0.00000,0.01747,-0.02887,-0.01747,5.02887,5.02890,0.90924,-0.00668,1.92239,0.00000,1.92239,-0.00668,-0.00000,1,
69.3440,1386,0.00000,5.00000,0.00000,0.00000,5.00000,0.00000,0.00000,0.01776,-0.02787,-0.01776,5.02787,5.02790,0.90902,-0.00679,1.92194,0.00000,1.92194,-0.00679,-0.00000,1,
69.3920,1387,0.00000,5.00000,0.00000,0.00000,5.00000,0.00000,0.00000,0.01790,-0.02675,-0.01790,5.02675,5.02678,0.90879,-0.00684,1.92144,0.00000,1.92144,-0.00684,-0.00000,1,
69.4440,1388,0.00000,5.00000,0.00000,0.00000,5.00000,0.00000,0.00000,0.01817,-0.02576,-0.01817,5.02576,5.02579,0.90858,-0.00695,1.92100,0.00000,1.92100,-0.00695,-0.00000,1,
69.4920,1389,0.00000,5.00000,0.00000,0.00000,5.00000,0.00000,0.00000,0.01838,-0.02447,-0.01838,5.02447,5.02450,0.90830,-0.00702,1.92042,0.00000,1.92042,-0.00702,-0.00000,1,
69.5440,1390,0.00000,5.00000,0.00000,0.00000,5.00000,0.00000,0.00000,0.01960,-0.02362,-0.01960,5.02362,5.02366,0.90813,-0.00749,1.92004,0.00000,1.92004,-0.00749,-0.00000,1,
69.5920,1391,0.00000,5.00000,0.00000,0.00000,5.00000,0.00000,0.00000,0.02064,-0.02241,-0.02064,5.02241,5.02245,0.90787,-0.00789,1.91950,0.00000,1.91950,-0.00789,-0.00000,1,
69.6440,1392,0.00000,5.00000,0.00000,0.00000,5.00000,0.00000,0.00000,0.02132,-0.02114,-0.02132,5.02114,5.02119,0.90760,-0.00815,1.91894,0.00000,1.91894,-0.00815,-0.00000,1,
69.6920,1393,0.00000,5.00000,0.00000,0.00000,5.00000,0.00000,0.00000,0.02215,-0.01986,-0.02215,5.01986,5.01991,0.90733,-0.00846,1.91836,0.00000,1.91836,-0.00846,-0.00000,1,
69.7440,1394,0.00000,5.00000,0.00000,0.00000,5.00000,0.00000,0.00000,0.02305,-0.01857,-0.02305,5.01857,5.01862,0.90706,-0.00881,1.91779,0.00000,1.91779,-0.00881,-0.00000,1,
69.7920,1395,0.00000,5.00000,0.00000,0.00000,5.00000,0.00000,0.00000,0.02404,-0.01749,-0.02404,5.01749,5.01755,0.90683,-0.00919,1.91730,0.00000,1.91730,-0.00919,-0.00000,1,
69.8440,1396,0.00000,5.00000,0.00000,0.00000,5.00000,0.00000,0.00000,0.02530,-0.01644,-0.02530,5.01644,5.01651,0.90661,-0.00967,1.91684,0.00000,1.91684,-0.00967,-0.00000,1,
69.8920,1397,0.00000,5.00000,0.00000,0.00000,5.00000,0.00000,0.00000,0.02642,-0.01491,-0.02642,5.01491,5.01498,0.90629,-0.01009,1.91615,0.00000,1.91615,-0.01009,-0.00000,1,
69.9440,1398,0.00000,5.00000,0.00000,0.00000,5.00000,0.00000,0.00000,0.02740,-0.01344,-0.02740,5.01344,5.01352,0.90598,-0.01047,1.91550,0.00000,1.91550,-0.01047,-0.00000,1,
69.9920,1399,0.00000,5.00000,0.00000,0.00000,5.00000,0.00000,0.00000,0.02895,-0.01178,-0.02895,5.01178,5.01186,0.90563,-0.01106,1.91475,0.00000,1.91475,-0.01106,-0.00000,1,
70.0440,1400,0.00000,5.00000,0.00000,0.00000,5.00000,0.00000,0.00000,0.03052,-0.01039,-0.03052,5.01039,5.01049,0.90534,-0.01166,1.91413,0.00000,1.91413,-0.01166,-0.00000,1,
70.0920,1401,0.00000,5.00000,0.00000,0.00000,5.00000,0.00000,0.00000,0.03221,-0.00918,-0.03221,5.00918,5.00929,0.90509,-0.01231,1.91359,0.00000,1.91359,-0.01231,-0.00000,1,
70.1440,1402,0.00000,5.00000,0.00000,0.00000,5.00000,0.00000,0.00000,0.03291,-0.00775,-0.03291,5.00775,5.00786,0.90479,-0.01257,1.91295,0.00000,1.91295,-0.01257,-0.00000,1,
70.1920,1403,0.00000,5.00000,0.00000,0.00000,5.00000,0.00000,0.00000,0.03346,-0.00652,-0.03346,5.00652,5.00663,0.90453,-0.01278,1.91240,0.00000,1.91240,-0.01278,-0.00000,1,
70.2440,1404,0.00000,5.00000,0.00000,0.00000,5.00000,0.00000,0.00000,0.03366,-0.00499,-0.03366,5.00499,5.00510,0.90420,-0.01286,1.91172,0.00000,1.91172,-0.01286,-0.00000,1,
70.2920,1405,0.00000,5.00000,0.00000,0.00000,5.00000,0.00000,0.00000,0.03373,-0.00402,-0.03373,5.00402,5.00413,0.90400,-0.01288,1.91129,0.00000,1.91129,-0.01288,-0.00000,1,
70.3440,1406,0.00000,5.00000,0.00000,0.00000,5.00000,0.00000,0.00000,0.03335,-0.00301,-0.03335,5.00301,5.00312,0.90379,-0.01274,1.91084,0.00000,1.91084,-0.01274,-0.00000,1,
70.3920,1407,0.00000,5.00000,0.00000,0.00000,5.00000,0.00000,0.00000,0.03299,-0.00225,-0.03299,5.00225,5.00236,0.90362,-0.01260,1.91050,0.00000,1.91050,-0.01260,-0.00000,1,
70.4440,1408,0.00000,5.00000,0.00000,0.00000,5.00000,0.00000,0.00000,0.03251,-0.00159,-0.03251,5.00159,5.00170,0.90348,-0.01242,1.91020,0.00000,1.91020,-0.01242,-0.00000,1,
70.4920,1409,0.00000,5.00000,0.00000,0.00000,5.00000,0.00000,0.00000,0.03135,-0.00050,-0.03135,5.00050,5.00060,0.90325,-0.01197,1.90972,0.00000,1.90972,-0.01197,-0.00000,1,
70.5440,1410,0.00000,5.00000,0.00000,0.00000,5.00000,0.00000,0.00000,0.03041,0.00018,-0.03041,4.99982,4.99992,0.90311,-0.01162,1.90941,0.00000,1.90941,-0.01162,-0.00000,1,
70.5920,1411,0.00000,5.00000,0.00000,0.00000,5.00000,0.00000,0.00000,0.02909,0.00106,-0.02909,4.99894,4.99903,0.90292,-0.01111,1.90902,0.00000,1.90902,-0.01111,-0.00000,1,
70.6440,1412,0.00000,5.00000,0.00000,0.00000,5.00000,0.00000,0.00000,0.02776,0.00155,-0.02776,4.99845,4.99853,0.90281,-0.01060,1.90880,0.00000,1.90880,-0.01060,-0.00000,1,
70.6920,1413,0.00000,5.00000,0.00000,0.00000,5.00000,0.00000,0.00000,0.02666,0.00264,-0.02666,4.99736,4.99743,0.90258,-0.01018,1.90831,0.00000,1.90831,-0.01018,-0.00000,1,
70.7440,1414,0.00000,5.00000,0.00000,0.00000,5.00000,0.00000,0.00000,0.02506,0.00344,-0.02506,4.99656,4.99663,0.90241,-0.00957,1.90795,0.00000,1.90795,-0.00957,-0.00000,1,
