# scripts/wind_driver.py -- APPLIED wind wrench log (world-side disturbance; gt side of the honesty boundary, scoring/audit only)
# world=apriltag entity=x500_mono_cam_0::base_link topic=/world/apriltag/wrench/persistent
# label=gate0 mean_mps=5.0 dir_from_deg=270.0 height_m=6.0 sigma_mps=0.0 tau_s=8.629200809773325 seed=7 rate_hz=20.0
# conditions_provenance=Gate-0 physics probe: synthetic steady wind, NOT a field reading (docs/wind_gate0_prereg.md)
# drag: mass_kg=2.114307692307692 mcoef_per_s=0.15 bcoef=100.0 rho=1.225
# drag_provenance=PX4 defaults + SDF mass, SITL ONLY: EKF2_MCOEF=0.15 1/s and EKF2_BCOEF_X/Y=100 kg/m^2 from src/modules/ekf2/params_drag.yaml; mass 2.114308 kg = x500_base/model.sdf (2.0 + 4*0.016076923) + mono_cam/model.sdf (0.050); rho 1.225 ISA. NOT measured on the real airframe -- do not quote a field number off these.
# columns applied_f_* are what was PUT ON THE WIRE; `published` is whether gz-transport accepted it (ADR-0090 pattern: log what was applied, not what was intended)
t_sim,grid_index,wind_n,wind_e,wind_d,steady_n,steady_e,gust_u,gust_v,v_veh_n,v_veh_e,v_rel_n,v_rel_e,v_rel_mps,a_drag_m_s2,applied_f_n,applied_f_e,applied_f_d,applied_f_world_x,applied_f_world_y,applied_f_world_z,published,publish_error
40.4760,809,0.00000,5.00000,0.00000,0.00000,5.00000,0.00000,0.00000,0.00000,0.00000,0.00000,5.00000,5.00000,0.90312,0.00000,1.90948,0.00000,1.90948,0.00000,-0.00000,1,
40.5240,810,0.00000,5.00000,0.00000,0.00000,5.00000,0.00000,0.00000,0.00000,0.00000,0.00000,5.00000,5.00000,0.90312,0.00000,1.90948,0.00000,1.90948,0.00000,-0.00000,1,
40.5760,811,0.00000,5.00000,0.00000,0.00000,5.00000,0.00000,0.00000,0.00000,0.00000,0.00000,5.00000,5.00000,0.90312,0.00000,1.90948,0.00000,1.90948,0.00000,-0.00000,1,
40.6240,812,0.00000,5.00000,0.00000,0.00000,5.00000,0.00000,0.00000,0.00000,0.00000,0.00000,5.00000,5.00000,0.90312,0.00000,1.90948,0.00000,1.90948,0.00000,-0.00000,1,
40.7120,814,0.00000,5.00000,0.00000,0.00000,5.00000,0.00000,0.00000,0.00000,0.00000,0.00000,5.00000,5.00000,0.90312,0.00000,1.90948,0.00000,1.90948,0.00000,-0.00000,1,
40.7720,815,0.00000,5.00000,0.00000,0.00000,5.00000,0.00000,0.00000,0.00000,0.00000,0.00000,5.00000,5.00000,0.90312,0.00000,1.90948,0.00000,1.90948,0.00000,-0.00000,1,
40.7760,815,0.00000,5.00000,0.00000,0.00000,5.00000,0.00000,0.00000,0.00000,0.00000,0.00000,5.00000,5.00000,0.90312,0.00000,1.90948,0.00000,1.90948,0.00000,-0.00000,1,
40.8240,816,0.00000,5.00000,0.00000,0.00000,5.00000,0.00000,0.00000,0.00000,0.00000,0.00000,5.00000,5.00000,0.90312,0.00000,1.90948,0.00000,1.90948,0.00000,-0.00000,1,
40.8760,817,0.00000,5.00000,0.00000,0.00000,5.00000,0.00000,0.00000,0.00000,0.00000,0.00000,5.00000,5.00000,0.90312,0.00000,1.90948,0.00000,1.90948,0.00000,-0.00000,1,
40.9240,818,0.00000,5.00000,0.00000,0.00000,5.00000,0.00000,0.00000,0.00000,0.00000,0.00000,5.00000,5.00000,0.90312,0.00000,1.90948,0.00000,1.90948,0.00000,-0.00000,1,
40.9760,819,0.00000,5.00000,0.00000,0.00000,5.00000,0.00000,0.00000,0.00000,0.00000,0.00000,5.00000,5.00000,0.90312,0.00000,1.90948,0.00000,1.90948,0.00000,-0.00000,1,
41.0240,820,0.00000,5.00000,0.00000,0.00000,5.00000,0.00000,0.00000,0.00000,0.00000,0.00000,5.00000,5.00000,0.90312,0.00000,1.90948,0.00000,1.90948,0.00000,-0.00000,1,
41.0760,821,0.00000,5.00000,0.00000,0.00000,5.00000,0.00000,0.00000,0.00000,0.00000,0.00000,5.00000,5.00000,0.90312,0.00000,1.90948,0.00000,1.90948,0.00000,-0.00000,1,
41.1240,822,0.00000,5.00000,0.00000,0.00000,5.00000,0.00000,0.00000,0.00000,0.00000,0.00000,5.00000,5.00000,0.90312,0.00000,1.90948,0.00000,1.90948,0.00000,-0.00000,1,
41.1760,823,0.00000,5.00000,0.00000,0.00000,5.00000,0.00000,0.00000,0.00000,0.00000,0.00000,5.00000,5.00000,0.90312,0.00000,1.90948,0.00000,1.90948,0.00000,-0.00000,1,
41.2240,824,0.00000,5.00000,0.00000,0.00000,5.00000,0.00000,0.00000,0.00000,0.00000,0.00000,5.00000,5.00000,0.90312,0.00000,1.90948,0.00000,1.90948,0.00000,-0.00000,1,
41.2760,825,0.00000,5.00000,0.00000,0.00000,5.00000,0.00000,0.00000,0.00000,0.00000,0.00000,5.00000,5.00000,0.90312,0.00000,1.90948,0.00000,1.90948,0.00000,-0.00000,1,
41.3240,826,0.00000,5.00000,0.00000,0.00000,5.00000,0.00000,0.00000,0.00000,0.00000,0.00000,5.00000,5.00000,0.90312,0.00000,1.90948,0.00000,1.90948,0.00000,-0.00000,1,
41.3760,827,0.00000,5.00000,0.00000,0.00000,5.00000,0.00000,0.00000,0.00000,0.00000,0.00000,5.00000,5.00000,0.90312,0.00000,1.90948,0.00000,1.90948,0.00000,-0.00000,1,
41.4240,828,0.00000,5.00000,0.00000,0.00000,5.00000,0.00000,0.00000,0.00000,0.00000,0.00000,5.00000,5.00000,0.90312,0.00000,1.90948,0.00000,1.90948,0.00000,-0.00000,1,
41.4760,829,0.00000,5.00000,0.00000,0.00000,5.00000,0.00000,0.00000,0.00000,0.00000,0.00000,5.00000,5.00000,0.90312,0.00000,1.90948,0.00000,1.90948,0.00000,-0.00000,1,
41.5240,830,0.00000,5.00000,0.00000,0.00000,5.00000,0.00000,0.00000,0.00000,0.00000,0.00000,5.00000,5.00000,0.90312,0.00000,1.90948,0.00000,1.90948,0.00000,-0.00000,1,
41.5760,831,0.00000,5.00000,0.00000,0.00000,5.00000,0.00000,0.00000,0.00000,0.00000,0.00000,5.00000,5.00000,0.90312,0.00000,1.90948,0.00000,1.90948,0.00000,-0.00000,1,
41.6240,832,0.00000,5.00000,0.00000,0.00000,5.00000,0.00000,0.00000,0.00000,0.00000,0.00000,5.00000,5.00000,0.90312,0.00000,1.90948,0.00000,1.90948,0.00000,-0.00000,1,
41.6760,833,0.00000,5.00000,0.00000,0.00000,5.00000,0.00000,0.00000,0.00000,0.00000,0.00000,5.00000,5.00000,0.90312,0.00000,1.90948,0.00000,1.90948,0.00000,-0.00000,1,
41.7240,834,0.00000,5.00000,0.00000,0.00000,5.00000,0.00000,0.00000,0.00000,0.00000,0.00000,5.00000,5.00000,0.90312,0.00000,1.90948,0.00000,1.90948,0.00000,-0.00000,1,
41.7760,835,0.00000,5.00000,0.00000,0.00000,5.00000,0.00000,0.00000,0.00000,0.00000,0.00000,5.00000,5.00000,0.90312,0.00000,1.90948,0.00000,1.90948,0.00000,-0.00000,1,
41.8240,836,0.00000,5.00000,0.00000,0.00000,5.00000,0.00000,0.00000,0.00000,0.00000,0.00000,5.00000,5.00000,0.90312,0.00000,1.90948,0.00000,1.90948,0.00000,-0.00000,1,
41.8760,837,0.00000,5.00000,0.00000,0.00000,5.00000,0.00000,0.00000,0.00000,0.00000,0.00000,5.00000,5.00000,0.90312,0.00000,1.90948,0.00000,1.90948,0.00000,-0.00000,1,
41.9240,838,0.00000,5.00000,0.00000,0.00000,5.00000,0.00000,0.00000,0.00000,0.00000,0.00000,5.00000,5.00000,0.90312,0.00000,1.90948,0.00000,1.90948,0.00000,-0.00000,1,
41.9760,839,0.00000,5.00000,0.00000,0.00000,5.00000,0.00000,0.00000,0.00000,0.00000,0.00000,5.00000,5.00000,0.90312,0.00000,1.90948,0.00000,1.90948,0.00000,-0.00000,1,
42.0240,840,0.00000,5.00000,0.00000,0.00000,5.00000,0.00000,0.00000,0.00000,0.00000,0.00000,5.00000,5.00000,0.90312,0.00000,1.90948,0.00000,1.90948,0.00000,-0.00000,1,
42.0760,841,0.00000,5.00000,0.00000,0.00000,5.00000,0.00000,0.00000,0.00000,0.00000,0.00000,5.00000,5.00000,0.90312,0.00000,1.90948,0.00000,1.90948,0.00000,-0.00000,1,
42.1240,842,0.00000,5.00000,0.00000,0.00000,5.00000,0.00000,0.00000,0.00000,0.00000,0.00000,5.00000,5.00000,0.90312,0.00000,1.90948,0.00000,1.90948,0.00000,-0.00000,1,
42.1760,843,0.00000,5.00000,0.00000,0.00000,5.00000,0.00000,0.00000,0.00000,0.00000,0.00000,5.00000,5.00000,0.90312,0.00000,1.90948,0.00000,1.90948,0.00000,-0.00000,1,
42.2240,844,0.00000,5.00000,0.00000,0.00000,5.00000,0.00000,0.00000,0.00000,0.00000,0.00000,5.00000,5.00000,0.90312,0.00000,1.90948,0.00000,1.90948,0.00000,-0.00000,1,
42.2760,845,0.00000,5.00000,0.00000,0.00000,5.00000,0.00000,0.00000,0.00000,0.00000,0.00000,5.00000,5.00000,0.90312,0.00000,1.90948,0.00000,1.90948,0.00000,-0.00000,1,
42.3240,846,0.00000,5.00000,0.00000,0.00000,5.00000,0.00000,0.00000,0.00000,0.00000,0.00000,5.00000,5.00000,0.90312,0.00000,1.90948,0.00000,1.90948,0.00000,-0.00000,1,
42.3760,847,0.00000,5.00000,0.00000,0.00000,5.00000,0.00000,0.00000,0.00000,0.00000,0.00000,5.00000,5.00000,0.90312,0.00000,1.90948,0.00000,1.90948,0.00000,-0.00000,1,
42.4240,848,0.00000,5.00000,0.00000,0.00000,5.00000,0.00000,0.00000,0.00000,0.00000,0.00000,5.00000,5.00000,0.90312,0.00000,1.90948,0.00000,1.90948,0.00000,-0.00000,1,
42.4760,849,0.00000,5.00000,0.00000,0.00000,5.00000,0.00000,0.00000,0.00000,0.00000,0.00000,5.00000,5.00000,0.90312,0.00000,1.90948,0.00000,1.90948,0.00000,-0.00000,1,
42.5240,850,0.00000,5.00000,0.00000,0.00000,5.00000,0.00000,0.00000,0.00000,0.00000,0.00000,5.00000,5.00000,0.90312,0.00000,1.90948,0.00000,1.90948,0.00000,-0.00000,1,
42.5760,851,0.00000,5.00000,0.00000,0.00000,5.00000,0.00000,0.00000,0.00000,0.00000,0.00000,5.00000,5.00000,0.90312,0.00000,1.90948,0.00000,1.90948,0.00000,-0.00000,1,
42.6240,852,0.00000,5.00000,0.00000,0.00000,5.00000,0.00000,0.00000,0.00000,0.00000,0.00000,5.00000,5.00000,0.90312,0.00000,1.90948,0.00000,1.90948,0.00000,-0.00000,1,
42.6760,853,0.00000,5.00000,0.00000,0.00000,5.00000,0.00000,0.00000,0.00000,0.00000,0.00000,5.00000,5.00000,0.90312,0.00000,1.90948,0.00000,1.90948,0.00000,-0.00000,1,
42.7240,854,0.00000,5.00000,0.00000,0.00000,5.00000,0.00000,0.00000,0.00000,0.00000,0.00000,5.00000,5.00000,0.90312,0.00000,1.90948,0.00000,1.90948,0.00000,-0.00000,1,
42.7760,855,0.00000,5.00000,0.00000,0.00000,5.00000,0.00000,0.00000,0.00000,0.00000,0.00000,5.00000,5.00000,0.90312,0.00000,1.90948,0.00000,1.90948,0.00000,-0.00000,1,
42.8240,856,0.00000,5.00000,0.00000,0.00000,5.00000,0.00000,0.00000,0.00000,0.00000,0.00000,5.00000,5.00000,0.90312,0.00000,1.90948,0.00000,1.90948,0.00000,-0.00000,1,
42.8760,857,0.00000,5.00000,0.00000,0.00000,5.00000,0.00000,0.00000,0.00000,0.00000,0.00000,5.00000,5.00000,0.90312,0.00000,1.90948,0.00000,1.90948,0.00000,-0.00000,1,
42.9240,858,0.00000,5.00000,0.00000,0.00000,5.00000,0.00000,0.00000,0.00000,0.00000,0.00000,5.00000,5.00000,0.90312,0.00000,1.90948,0.00000,1.90948,0.00000,-0.00000,1,
42.9760,859,0.00000,5.00000,0.00000,0.00000,5.00000,0.00000,0.00000,0.00000,0.00000,0.00000,5.00000,5.00000,0.90312,0.00000,1.90948,0.00000,1.90948,0.00000,-0.00000,1,
43.0240,860,0.00000,5.00000,0.00000,0.00000,5.00000,0.00000,0.00000,0.00000,0.00000,0.00000,5.00000,5.00000,0.90312,0.00000,1.90948,0.00000,1.90948,0.00000,-0.00000,1,
43.0760,861,0.00000,5.00000,0.00000,0.00000,5.00000,0.00000,0.00000,0.00000,0.00000,0.00000,5.00000,5.00000,0.90312,0.00000,1.90948,0.00000,1.90948,0.00000,-0.00000,1,
43.1240,862,0.00000,5.00000,0.00000,0.00000,5.00000,0.00000,0.00000,0.00000,0.00000,0.00000,5.00000,5.00000,0.90312,0.00000,1.90948,0.00000,1.90948,0.00000,-0.00000,1,
43.1760,863,0.00000,5.00000,0.00000,0.00000,5.00000,0.00000,0.00000,0.00000,0.00000,0.00000,5.00000,5.00000,0.90312,0.00000,1.90948,0.00000,1.90948,0.00000,-0.00000,1,
43.2240,864,0.00000,5.00000,0.00000,0.00000,5.00000,0.00000,0.00000,0.00000,0.00000,0.00000,5.00000,5.00000,0.90312,0.00000,1.90948,0.00000,1.90948,0.00000,-0.00000,1,
43.2760,865,0.00000,5.00000,0.00000,0.00000,5.00000,0.00000,0.00000,0.00000,0.00000,0.00000,5.00000,5.00000,0.90312,0.00000,1.90948,0.00000,1.90948,0.00000,-0.00000,1,
43.3240,866,0.00000,5.00000,0.00000,0.00000,5.00000,0.00000,0.00000,0.00000,0.00000,0.00000,5.00000,5.00000,0.90312,0.00000,1.90948,0.00000,1.90948,0.00000,-0.00000,1,
43.3760,867,0.00000,5.00000,0.00000,0.00000,5.00000,0.00000,0.00000,0.00000,0.00000,0.00000,5.00000,5.00000,0.90312,0.00000,1.90948,0.00000,1.90948,0.00000,-0.00000,1,
43.4240,868,0.00000,5.00000,0.00000,0.00000,5.00000,0.00000,0.00000,0.00000,0.00000,0.00000,5.00000,5.00000,0.90312,0.00000,1.90948,0.00000,1.90948,0.00000,-0.00000,1,
43.4760,869,0.00000,5.00000,0.00000,0.00000,5.00000,0.00000,0.00000,0.00000,0.00000,0.00000,5.00000,5.00000,0.90312,0.00000,1.90948,0.00000,1.90948,0.00000,-0.00000,1,
43.5240,870,0.00000,5.00000,0.00000,0.00000,5.00000,0.00000,0.00000,0.00000,0.00000,0.00000,5.00000,5.00000,0.90312,0.00000,1.90948,0.00000,1.90948,0.00000,-0.00000,1,
43.5760,871,0.00000,5.00000,0.00000,0.00000,5.00000,0.00000,0.00000,0.00000,0.00000,0.00000,5.00000,5.00000,0.90312,0.00000,1.90948,0.00000,1.90948,0.00000,-0.00000,1,
43.6240,872,0.00000,5.00000,0.00000,0.00000,5.00000,0.00000,0.00000,0.00000,0.00000,0.00000,5.00000,5.00000,0.90312,0.00000,1.90948,0.00000,1.90948,0.00000,-0.00000,1,
43.6760,873,0.00000,5.00000,0.00000,0.00000,5.00000,0.00000,0.00000,0.00000,0.00000,0.00000,5.00000,5.00000,0.90312,0.00000,1.90948,0.00000,1.90948,0.00000,-0.00000,1,
43.7240,874,0.00000,5.00000,0.00000,0.00000,5.00000,0.00000,0.00000,0.00000,0.00000,0.00000,5.00000,5.00000,0.90312,0.00000,1.90948,0.00000,1.90948,0.00000,-0.00000,1,
43.7760,875,0.00000,5.00000,0.00000,0.00000,5.00000,0.00000,0.00000,0.00000,0.00000,0.00000,5.00000,5.00000,0.90312,0.00000,1.90948,0.00000,1.90948,0.00000,-0.00000,1,
43.8240,876,0.00000,5.00000,0.00000,0.00000,5.00000,0.00000,0.00000,0.00000,0.00000,0.00000,5.00000,5.00000,0.90312,0.00000,1.90948,0.00000,1.90948,0.00000,-0.00000,1,
43.8760,877,0.00000,5.00000,0.00000,0.00000,5.00000,0.00000,0.00000,0.00000,0.00000,0.00000,5.00000,5.00000,0.90312,0.00000,1.90948,0.00000,1.90948,0.00000,-0.00000,1,
43.9240,878,0.00000,5.00000,0.00000,0.00000,5.00000,0.00000,0.00000,0.00000,0.00000,0.00000,5.00000,5.00000,0.90312,0.00000,1.90948,0.00000,1.90948,0.00000,-0.00000,1,
43.9760,879,0.00000,5.00000,0.00000,0.00000,5.00000,0.00000,0.00000,0.00000,0.00000,0.00000,5.00000,5.00000,0.90312,0.00000,1.90948,0.00000,1.90948,0.00000,-0.00000,1,
44.0240,880,0.00000,5.00000,0.00000,0.00000,5.00000,0.00000,0.00000,0.00000,0.00000,0.00000,5.00000,5.00000,0.90312,0.00000,1.90948,0.00000,1.90948,0.00000,-0.00000,1,
44.0760,881,0.00000,5.00000,0.00000,0.00000,5.00000,0.00000,0.00000,0.00000,0.00000,0.00000,5.00000,5.00000,0.90312,0.00000,1.90948,0.00000,1.90948,0.00000,-0.00000,1,
44.1240,882,0.00000,5.00000,0.00000,0.00000,5.00000,0.00000,0.00000,0.00000,0.00000,0.00000,5.00000,5.00000,0.90312,0.00000,1.90948,0.00000,1.90948,0.00000,-0.00000,1,
44.1760,883,0.00000,5.00000,0.00000,0.00000,5.00000,0.00000,0.00000,0.00000,0.00000,0.00000,5.00000,5.00000,0.90312,0.00000,1.90948,0.00000,1.90948,0.00000,-0.00000,1,
44.2240,884,0.00000,5.00000,0.00000,0.00000,5.00000,0.00000,0.00000,0.00000,0.00000,0.00000,5.00000,5.00000,0.90312,0.00000,1.90948,0.00000,1.90948,0.00000,-0.00000,1,
44.2760,885,0.00000,5.00000,0.00000,0.00000,5.00000,0.00000,0.00000,0.00000,0.00000,0.00000,5.00000,5.00000,0.90312,0.00000,1.90948,0.00000,1.90948,0.00000,-0.00000,1,
44.3240,886,0.00000,5.00000,0.00000,0.00000,5.00000,0.00000,0.00000,0.00000,0.00000,0.00000,5.00000,5.00000,0.90312,0.00000,1.90948,0.00000,1.90948,0.00000,-0.00000,1,
44.3760,887,0.00000,5.00000,0.00000,0.00000,5.00000,0.00000,0.00000,0.00000,0.00000,0.00000,5.00000,5.00000,0.90312,0.00000,1.90948,0.00000,1.90948,0.00000,-0.00000,1,
44.4240,888,0.00000,5.00000,0.00000,0.00000,5.00000,0.00000,0.00000,0.00000,0.00000,0.00000,5.00000,5.00000,0.90312,0.00000,1.90948,0.00000,1.90948,0.00000,-0.00000,1,
44.4760,889,0.00000,5.00000,0.00000,0.00000,5.00000,0.00000,0.00000,0.00000,0.00000,0.00000,5.00000,5.00000,0.90312,0.00000,1.90948,0.00000,1.90948,0.00000,-0.00000,1,
44.5240,890,0.00000,5.00000,0.00000,0.00000,5.00000,0.00000,0.00000,0.00000,0.00000,0.00000,5.00000,5.00000,0.90312,0.00000,1.90948,0.00000,1.90948,0.00000,-0.00000,1,
44.5760,891,0.00000,5.00000,0.00000,0.00000,5.00000,0.00000,0.00000,0.00000,0.00000,0.00000,5.00000,5.00000,0.90312,0.00000,1.90948,0.00000,1.90948,0.00000,-0.00000,1,
44.6240,892,0.00000,5.00000,0.00000,0.00000,5.00000,0.00000,0.00000,0.00000,0.00000,0.00000,5.00000,5.00000,0.90312,0.00000,1.90948,0.00000,1.90948,0.00000,-0.00000,1,
44.6760,893,0.00000,5.00000,0.00000,0.00000,5.00000,0.00000,0.00000,0.00000,0.00000,0.00000,5.00000,5.00000,0.90312,0.00000,1.90948,0.00000,1.90948,0.00000,-0.00000,1,
44.7240,894,0.00000,5.00000,0.00000,0.00000,5.00000,0.00000,0.00000,0.00000,0.00000,0.00000,5.00000,5.00000,0.90312,0.00000,1.90948,0.00000,1.90948,0.00000,-0.00000,1,
44.7760,895,0.00000,5.00000,0.00000,0.00000,5.00000,0.00000,0.00000,0.00000,0.00000,0.00000,5.00000,5.00000,0.90312,0.00000,1.90948,0.00000,1.90948,0.00000,-0.00000,1,
44.8240,896,0.00000,5.00000,0.00000,0.00000,5.00000,0.00000,0.00000,0.00000,0.00000,0.00000,5.00000,5.00000,0.90312,0.00000,1.90948,0.00000,1.90948,0.00000,-0.00000,1,
44.8760,897,0.00000,5.00000,0.00000,0.00000,5.00000,0.00000,0.00000,0.00000,0.00000,0.00000,5.00000,5.00000,0.90312,0.00000,1.90948,0.00000,1.90948,0.00000,-0.00000,1,
44.9240,898,0.00000,5.00000,0.00000,0.00000,5.00000,0.00000,0.00000,0.00000,0.00000,0.00000,5.00000,5.00000,0.90312,0.00000,1.90948,0.00000,1.90948,0.00000,-0.00000,1,
44.9760,899,0.00000,5.00000,0.00000,0.00000,5.00000,0.00000,0.00000,0.00000,0.00000,0.00000,5.00000,5.00000,0.90312,0.00000,1.90948,0.00000,1.90948,0.00000,-0.00000,1,
45.0240,900,0.00000,5.00000,0.00000,0.00000,5.00000,0.00000,0.00000,0.00000,0.00000,0.00000,5.00000,5.00000,0.90312,0.00000,1.90948,0.00000,1.90948,0.00000,-0.00000,1,
45.0760,901,0.00000,5.00000,0.00000,0.00000,5.00000,0.00000,0.00000,0.00000,0.00000,0.00000,5.00000,5.00000,0.90312,0.00000,1.90948,0.00000,1.90948,0.00000,-0.00000,1,
45.1240,902,0.00000,5.00000,0.00000,0.00000,5.00000,0.00000,0.00000,0.00000,0.00000,0.00000,5.00000,5.00000,0.90312,0.00000,1.90948,0.00000,1.90948,0.00000,-0.00000,1,
45.1760,903,0.00000,5.00000,0.00000,0.00000,5.00000,0.00000,0.00000,0.00000,0.00000,0.00000,5.00000,5.00000,0.90312,0.00000,1.90948,0.00000,1.90948,0.00000,-0.00000,1,
45.2240,904,0.00000,5.00000,0.00000,0.00000,5.00000,0.00000,0.00000,0.00000,0.00000,0.00000,5.00000,5.00000,0.90312,0.00000,1.90948,0.00000,1.90948,0.00000,-0.00000,1,
45.2760,905,0.00000,5.00000,0.00000,0.00000,5.00000,0.00000,0.00000,0.00000,0.00000,0.00000,5.00000,5.00000,0.90312,0.00000,1.90948,0.00000,1.90948,0.00000,-0.00000,1,
45.3240,906,0.00000,5.00000,0.00000,0.00000,5.00000,0.00000,0.00000,0.00000,0.00000,0.00000,5.00000,5.00000,0.90312,0.00000,1.90948,0.00000,1.90948,0.00000,-0.00000,1,
45.3760,907,0.00000,5.00000,0.00000,0.00000,5.00000,0.00000,0.00000,0.00000,0.00000,0.00000,5.00000,5.00000,0.90312,0.00000,1.90948,0.00000,1.90948,0.00000,-0.00000,1,
45.4240,908,0.00000,5.00000,0.00000,0.00000,5.00000,0.00000,0.00000,0.00000,0.00000,0.00000,5.00000,5.00000,0.90312,0.00000,1.90948,0.00000,1.90948,0.00000,-0.00000,1,
45.4760,909,0.00000,5.00000,0.00000,0.00000,5.00000,0.00000,0.00000,0.00000,0.00000,0.00000,5.00000,5.00000,0.90312,0.00000,1.90948,0.00000,1.90948,0.00000,-0.00000,1,
45.5240,910,0.00000,5.00000,0.00000,0.00000,5.00000,0.00000,0.00000,0.00000,0.00000,0.00000,5.00000,5.00000,0.90312,0.00000,1.90948,0.00000,1.90948,0.00000,-0.00000,1,
45.5760,911,0.00000,5.00000,0.00000,0.00000,5.00000,0.00000,0.00000,0.00000,0.00000,0.00000,5.00000,5.00000,0.90312,0.00000,1.90948,0.00000,1.90948,0.00000,-0.00000,1,
45.6240,912,0.00000,5.00000,0.00000,0.00000,5.00000,0.00000,0.00000,0.00000,0.00000,0.00000,5.00000,5.00000,0.90312,0.00000,1.90948,0.00000,1.90948,0.00000,-0.00000,1,
45.6760,913,0.00000,5.00000,0.00000,0.00000,5.00000,0.00000,0.00000,0.00000,0.00000,0.00000,5.00000,5.00000,0.90312,0.00000,1.90948,0.00000,1.90948,0.00000,-0.00000,1,
45.7240,914,0.00000,5.00000,0.00000,0.00000,5.00000,0.00000,0.00000,0.00000,0.00000,0.00000,5.00000,5.00000,0.90312,0.00000,1.90948,0.00000,1.90948,0.00000,-0.00000,1,
45.7760,915,0.00000,5.00000,0.00000,0.00000,5.00000,0.00000,0.00000,0.00000,0.00000,0.00000,5.00000,5.00000,0.90312,0.00000,1.90948,0.00000,1.90948,0.00000,-0.00000,1,
45.8240,916,0.00000,5.00000,0.00000,0.00000,5.00000,0.00000,0.00000,0.00000,0.00000,0.00000,5.00000,5.00000,0.90312,0.00000,1.90948,0.00000,1.90948,0.00000,-0.00000,1,
45.8760,917,0.00000,5.00000,0.00000,0.00000,5.00000,0.00000,0.00000,0.00000,0.00000,0.00000,5.00000,5.00000,0.90312,0.00000,1.90948,0.00000,1.90948,0.00000,-0.00000,1,
45.9240,918,0.00000,5.00000,0.00000,0.00000,5.00000,0.00000,0.00000,0.00000,0.00000,0.00000,5.00000,5.00000,0.90312,0.00000,1.90948,0.00000,1.90948,0.00000,-0.00000,1,
45.9760,919,0.00000,5.00000,0.00000,0.00000,5.00000,0.00000,0.00000,0.00000,0.00000,0.00000,5.00000,5.00000,0.90312,0.00000,1.90948,0.00000,1.90948,0.00000,-0.00000,1,
46.0240,920,0.00000,5.00000,0.00000,0.00000,5.00000,0.00000,0.00000,0.00000,0.00000,0.00000,5.00000,5.00000,0.90312,0.00000,1.90948,0.00000,1.90948,0.00000,-0.00000,1,
46.0760,921,0.00000,5.00000,0.00000,0.00000,5.00000,0.00000,0.00000,0.00000,0.00000,0.00000,5.00000,5.00000,0.90312,0.00000,1.90948,0.00000,1.90948,0.00000,-0.00000,1,
46.1240,922,0.00000,5.00000,0.00000,0.00000,5.00000,0.00000,0.00000,0.00000,0.00000,0.00000,5.00000,5.00000,0.90312,0.00000,1.90948,0.00000,1.90948,0.00000,-0.00000,1,
46.1760,923,0.00000,5.00000,0.00000,0.00000,5.00000,0.00000,0.00000,0.00000,0.00000,0.00000,5.00000,5.00000,0.90312,0.00000,1.90948,0.00000,1.90948,0.00000,-0.00000,1,
46.2240,924,0.00000,5.00000,0.00000,0.00000,5.00000,0.00000,0.00000,0.00000,0.00000,0.00000,5.00000,5.00000,0.90312,0.00000,1.90948,0.00000,1.90948,0.00000,-0.00000,1,
46.2760,925,0.00000,5.00000,0.00000,0.00000,5.00000,0.00000,0.00000,0.00000,0.00000,0.00000,5.00000,5.00000,0.90312,0.00000,1.90948,0.00000,1.90948,0.00000,-0.00000,1,
46.3240,926,0.00000,5.00000,0.00000,0.00000,5.00000,0.00000,0.00000,0.00000,0.00000,0.00000,5.00000,5.00000,0.90312,0.00000,1.90948,0.00000,1.90948,0.00000,-0.00000,1,
46.3760,927,0.00000,5.00000,0.00000,0.00000,5.00000,0.00000,0.00000,0.00000,0.00000,0.00000,5.00000,5.00000,0.90312,0.00000,1.90948,0.00000,1.90948,0.00000,-0.00000,1,
46.4240,928,0.00000,5.00000,0.00000,0.00000,5.00000,0.00000,0.00000,0.00000,0.00000,0.00000,5.00000,5.00000,0.90312,0.00000,1.90948,0.00000,1.90948,0.00000,-0.00000,1,
46.4760,929,0.00000,5.00000,0.00000,0.00000,5.00000,0.00000,0.00000,0.00000,0.00000,0.00000,5.00000,5.00000,0.90312,0.00000,1.90948,0.00000,1.90948,0.00000,-0.00000,1,
46.5240,930,0.00000,5.00000,0.00000,0.00000,5.00000,0.00000,0.00000,0.00000,0.00000,0.00000,5.00000,5.00000,0.90312,0.00000,1.90948,0.00000,1.90948,0.00000,-0.00000,1,
46.5760,931,0.00000,5.00000,0.00000,0.00000,5.00000,0.00000,0.00000,0.00000,0.00000,0.00000,5.00000,5.00000,0.90312,0.00000,1.90948,0.00000,1.90948,0.00000,-0.00000,1,
46.6240,932,0.00000,5.00000,0.00000,0.00000,5.00000,0.00000,0.00000,0.00000,0.00000,0.00000,5.00000,5.00000,0.90312,0.00000,1.90948,0.00000,1.90948,0.00000,-0.00000,1,
46.6760,933,0.00000,5.00000,0.00000,0.00000,5.00000,0.00000,0.00000,0.00000,0.00000,0.00000,5.00000,5.00000,0.90312,0.00000,1.90948,0.00000,1.90948,0.00000,-0.00000,1,
46.7240,934,0.00000,5.00000,0.00000,0.00000,5.00000,0.00000,0.00000,0.00000,0.00000,0.00000,5.00000,5.00000,0.90312,0.00000,1.90948,0.00000,1.90948,0.00000,-0.00000,1,
46.7760,935,0.00000,5.00000,0.00000,0.00000,5.00000,0.00000,0.00000,0.00000,0.00000,0.00000,5.00000,5.00000,0.90312,0.00000,1.90948,0.00000,1.90948,0.00000,-0.00000,1,
46.8240,936,0.00000,5.00000,0.00000,0.00000,5.00000,0.00000,0.00000,0.00000,0.00000,0.00000,5.00000,5.00000,0.90312,0.00000,1.90948,0.00000,1.90948,0.00000,-0.00000,1,
46.8760,937,0.00000,5.00000,0.00000,0.00000,5.00000,0.00000,0.00000,0.00000,0.00000,0.00000,5.00000,5.00000,0.90312,0.00000,1.90948,0.00000,1.90948,0.00000,-0.00000,1,
46.9240,938,0.00000,5.00000,0.00000,0.00000,5.00000,0.00000,0.00000,0.00000,0.00000,0.00000,5.00000,5.00000,0.90312,0.00000,1.90948,0.00000,1.90948,0.00000,-0.00000,1,
46.9760,939,0.00000,5.00000,0.00000,0.00000,5.00000,0.00000,0.00000,0.00000,0.00000,0.00000,5.00000,5.00000,0.90312,0.00000,1.90948,0.00000,1.90948,0.00000,-0.00000,1,
47.0240,940,0.00000,5.00000,0.00000,0.00000,5.00000,0.00000,0.00000,0.00000,0.00000,0.00000,5.00000,5.00000,0.90312,0.00000,1.90948,0.00000,1.90948,0.00000,-0.00000,1,
47.0760,941,0.00000,5.00000,0.00000,0.00000,5.00000,0.00000,0.00000,0.00000,0.00000,0.00000,5.00000,5.00000,0.90312,0.00000,1.90948,0.00000,1.90948,0.00000,-0.00000,1,
47.1240,942,0.00000,5.00000,0.00000,0.00000,5.00000,0.00000,0.00000,0.00000,0.00000,0.00000,5.00000,5.00000,0.90312,0.00000,1.90948,0.00000,1.90948,0.00000,-0.00000,1,
47.1760,943,0.00000,5.00000,0.00000,0.00000,5.00000,0.00000,0.00000,0.00000,0.00000,0.00000,5.00000,5.00000,0.90312,0.00000,1.90948,0.00000,1.90948,0.00000,-0.00000,1,
47.2240,944,0.00000,5.00000,0.00000,0.00000,5.00000,0.00000,0.00000,0.00000,0.00000,0.00000,5.00000,5.00000,0.90312,0.00000,1.90948,0.00000,1.90948,0.00000,-0.00000,1,
47.2760,945,0.00000,5.00000,0.00000,0.00000,5.00000,0.00000,0.00000,0.00000,0.00000,0.00000,5.00000,5.00000,0.90312,0.00000,1.90948,0.00000,1.90948,0.00000,-0.00000,1,
47.3240,946,0.00000,5.00000,0.00000,0.00000,5.00000,0.00000,0.00000,0.00000,0.00000,0.00000,5.00000,5.00000,0.90312,0.00000,1.90948,0.00000,1.90948,0.00000,-0.00000,1,
47.3760,947,0.00000,5.00000,0.00000,0.00000,5.00000,0.00000,0.00000,0.00000,0.00000,0.00000,5.00000,5.00000,0.90312,0.00000,1.90948,0.00000,1.90948,0.00000,-0.00000,1,
47.4240,948,0.00000,5.00000,0.00000,0.00000,5.00000,0.00000,0.00000,0.00000,0.00000,0.00000,5.00000,5.00000,0.90312,0.00000,1.90948,0.00000,1.90948,0.00000,-0.00000,1,
47.4760,949,0.00000,5.00000,0.00000,0.00000,5.00000,0.00000,0.00000,0.00000,0.00000,0.00000,5.00000,5.00000,0.90312,0.00000,1.90948,0.00000,1.90948,0.00000,-0.00000,1,
47.5240,950,0.00000,5.00000,0.00000,0.00000,5.00000,0.00000,0.00000,0.00000,0.00000,0.00000,5.00000,5.00000,0.90312,0.00000,1.90948,0.00000,1.90948,0.00000,-0.00000,1,
47.5760,951,0.00000,5.00000,0.00000,0.00000,5.00000,0.00000,0.00000,0.00000,0.00000,0.00000,5.00000,5.00000,0.90312,0.00000,1.90948,0.00000,1.90948,0.00000,-0.00000,1,
47.6240,952,0.00000,5.00000,0.00000,0.00000,5.00000,0.00000,0.00000,0.00000,0.00000,0.00000,5.00000,5.00000,0.90312,0.00000,1.90948,0.00000,1.90948,0.00000,-0.00000,1,
47.6760,953,0.00000,5.00000,0.00000,0.00000,5.00000,0.00000,0.00000,0.00000,0.00000,0.00000,5.00000,5.00000,0.90312,0.00000,1.90948,0.00000,1.90948,0.00000,-0.00000,1,
47.7240,954,0.00000,5.00000,0.00000,0.00000,5.00000,0.00000,0.00000,0.00000,0.00000,0.00000,5.00000,5.00000,0.90312,0.00000,1.90948,0.00000,1.90948,0.00000,-0.00000,1,
47.7760,955,0.00000,5.00000,0.00000,0.00000,5.00000,0.00000,0.00000,0.00000,0.00000,0.00000,5.00000,5.00000,0.90312,0.00000,1.90948,0.00000,1.90948,0.00000,-0.00000,1,
47.8240,956,0.00000,5.00000,0.00000,0.00000,5.00000,0.00000,0.00000,0.00000,0.00000,0.00000,5.00000,5.00000,0.90312,0.00000,1.90948,0.00000,1.90948,0.00000,-0.00000,1,
47.8760,957,0.00000,5.00000,0.00000,0.00000,5.00000,0.00000,0.00000,0.00000,0.00000,0.00000,5.00000,5.00000,0.90312,0.00000,1.90948,0.00000,1.90948,0.00000,-0.00000,1,
47.9240,958,0.00000,5.00000,0.00000,0.00000,5.00000,0.00000,0.00000,0.00000,0.00000,0.00000,5.00000,5.00000,0.90312,0.00000,1.90948,0.00000,1.90948,0.00000,-0.00000,1,
47.9760,959,0.00000,5.00000,0.00000,0.00000,5.00000,0.00000,0.00000,0.00000,0.00000,0.00000,5.00000,5.00000,0.90312,0.00000,1.90948,0.00000,1.90948,0.00000,-0.00000,1,
48.0240,960,0.00000,5.00000,0.00000,0.00000,5.00000,0.00000,0.00000,0.00000,0.00000,0.00000,5.00000,5.00000,0.90312,0.00000,1.90948,0.00000,1.90948,0.00000,-0.00000,1,
48.0760,961,0.00000,5.00000,0.00000,0.00000,5.00000,0.00000,0.00000,0.00000,0.00000,0.00000,5.00000,5.00000,0.90312,0.00000,1.90948,0.00000,1.90948,0.00000,-0.00000,1,
48.1240,962,0.00000,5.00000,0.00000,0.00000,5.00000,0.00000,0.00000,0.00000,0.00000,0.00000,5.00000,5.00000,0.90312,0.00000,1.90948,0.00000,1.90948,0.00000,-0.00000,1,
48.1760,963,0.00000,5.00000,0.00000,0.00000,5.00000,0.00000,0.00000,0.00000,0.00000,0.00000,5.00000,5.00000,0.90312,0.00000,1.90948,0.00000,1.90948,0.00000,-0.00000,1,
48.2240,964,0.00000,5.00000,0.00000,0.00000,5.00000,0.00000,0.00000,0.00000,0.00000,0.00000,5.00000,5.00000,0.90312,0.00000,1.90948,0.00000,1.90948,0.00000,-0.00000,1,
48.2760,965,0.00000,5.00000,0.00000,0.00000,5.00000,0.00000,0.00000,0.00000,0.00000,0.00000,5.00000,5.00000,0.90312,0.00000,1.90948,0.00000,1.90948,0.00000,-0.00000,1,
48.3240,966,0.00000,5.00000,0.00000,0.00000,5.00000,0.00000,0.00000,0.00000,0.00000,0.00000,5.00000,5.00000,0.90312,0.00000,1.90948,0.00000,1.90948,0.00000,-0.00000,1,
48.3760,967,0.00000,5.00000,0.00000,0.00000,5.00000,0.00000,0.00000,0.00000,0.00000,0.00000,5.00000,5.00000,0.90312,0.00000,1.90948,0.00000,1.90948,0.00000,-0.00000,1,
48.4240,968,0.00000,5.00000,0.00000,0.00000,5.00000,0.00000,0.00000,0.00000,0.00000,0.00000,5.00000,5.00000,0.90312,0.00000,1.90948,0.00000,1.90948,0.00000,-0.00000,1,
48.4760,969,0.00000,5.00000,0.00000,0.00000,5.00000,0.00000,0.00000,0.00000,0.00000,0.00000,5.00000,5.00000,0.90312,0.00000,1.90948,0.00000,1.90948,0.00000,-0.00000,1,
48.5240,970,0.00000,5.00000,0.00000,0.00000,5.00000,0.00000,0.00000,0.00000,0.00000,0.00000,5.00000,5.00000,0.90312,0.00000,1.90948,0.00000,1.90948,0.00000,-0.00000,1,
48.5760,971,0.00000,5.00000,0.00000,0.00000,5.00000,0.00000,0.00000,0.00000,0.00000,0.00000,5.00000,5.00000,0.90312,0.00000,1.90948,0.00000,1.90948,0.00000,-0.00000,1,
48.6240,972,0.00000,5.00000,0.00000,0.00000,5.00000,0.00000,0.00000,0.00000,0.00000,0.00000,5.00000,5.00000,0.90312,0.00000,1.90948,0.00000,1.90948,0.00000,-0.00000,1,
48.6760,973,0.00000,5.00000,0.00000,0.00000,5.00000,0.00000,0.00000,0.00000,0.00000,0.00000,5.00000,5.00000,0.90312,0.00000,1.90948,0.00000,1.90948,0.00000,-0.00000,1,
48.7240,974,0.00000,5.00000,0.00000,0.00000,5.00000,0.00000,0.00000,0.00000,0.00000,0.00000,5.00000,5.00000,0.90312,0.00000,1.90948,0.00000,1.90948,0.00000,-0.00000,1,
48.7760,975,0.00000,5.00000,0.00000,0.00000,5.00000,0.00000,0.00000,0.00000,0.00000,0.00000,5.00000,5.00000,0.90312,0.00000,1.90948,0.00000,1.90948,0.00000,-0.00000,1,
48.8240,976,0.00000,5.00000,0.00000,0.00000,5.00000,0.00000,0.00000,0.00000,0.00000,0.00000,5.00000,5.00000,0.90312,0.00000,1.90948,0.00000,1.90948,0.00000,-0.00000,1,
48.8760,977,0.00000,5.00000,0.00000,0.00000,5.00000,0.00000,0.00000,0.00000,0.00000,0.00000,5.00000,5.00000,0.90312,0.00000,1.90948,0.00000,1.90948,0.00000,-0.00000,1,
48.9240,978,0.00000,5.00000,0.00000,0.00000,5.00000,0.00000,0.00000,0.00000,0.00000,0.00000,5.00000,5.00000,0.90312,0.00000,1.90948,0.00000,1.90948,0.00000,-0.00000,1,
48.9760,979,0.00000,5.00000,0.00000,0.00000,5.00000,0.00000,0.00000,0.00000,0.00000,0.00000,5.00000,5.00000,0.90312,0.00000,1.90948,0.00000,1.90948,0.00000,-0.00000,1,
49.0240,980,0.00000,5.00000,0.00000,0.00000,5.00000,0.00000,0.00000,0.00000,0.00000,0.00000,5.00000,5.00000,0.90312,0.00000,1.90948,0.00000,1.90948,0.00000,-0.00000,1,
49.0760,981,0.00000,5.00000,0.00000,0.00000,5.00000,0.00000,0.00000,0.00000,0.00000,0.00000,5.00000,5.00000,0.90312,0.00000,1.90948,0.00000,1.90948,0.00000,-0.00000,1,
49.1240,982,0.00000,5.00000,0.00000,0.00000,5.00000,0.00000,0.00000,0.00000,0.00000,0.00000,5.00000,5.00000,0.90312,0.00000,1.90948,0.00000,1.90948,0.00000,-0.00000,1,
49.1760,983,0.00000,5.00000,0.00000,0.00000,5.00000,0.00000,0.00000,0.00000,0.00000,0.00000,5.00000,5.00000,0.90312,0.00000,1.90948,0.00000,1.90948,0.00000,-0.00000,1,
49.2240,984,0.00000,5.00000,0.00000,0.00000,5.00000,0.00000,0.00000,0.00000,0.00000,0.00000,5.00000,5.00000,0.90312,0.00000,1.90948,0.00000,1.90948,0.00000,-0.00000,1,
49.2760,985,0.00000,5.00000,0.00000,0.00000,5.00000,0.00000,0.00000,0.00000,0.00000,0.00000,5.00000,5.00000,0.90312,0.00000,1.90948,0.00000,1.90948,0.00000,-0.00000,1,
49.3240,986,0.00000,5.00000,0.00000,0.00000,5.00000,0.00000,0.00000,0.00000,0.00000,0.00000,5.00000,5.00000,0.90312,0.00000,1.90948,0.00000,1.90948,0.00000,-0.00000,1,
49.3760,987,0.00000,5.00000,0.00000,0.00000,5.00000,0.00000,0.00000,0.00000,0.00000,0.00000,5.00000,5.00000,0.90312,0.00000,1.90948,0.00000,1.90948,0.00000,-0.00000,1,
49.4240,988,0.00000,5.00000,0.00000,0.00000,5.00000,0.00000,0.00000,0.00000,0.00000,0.00000,5.00000,5.00000,0.90312,0.00000,1.90948,0.00000,1.90948,0.00000,-0.00000,1,
49.4760,989,0.00000,5.00000,0.00000,0.00000,5.00000,0.00000,0.00000,0.00000,0.00000,0.00000,5.00000,5.00000,0.90312,0.00000,1.90948,0.00000,1.90948,0.00000,-0.00000,1,
49.5240,990,0.00000,5.00000,0.00000,0.00000,5.00000,0.00000,0.00000,0.00000,0.00000,0.00000,5.00000,5.00000,0.90312,0.00000,1.90948,0.00000,1.90948,0.00000,-0.00000,1,
49.5760,991,0.00000,5.00000,0.00000,0.00000,5.00000,0.00000,0.00000,0.00000,0.00000,0.00000,5.00000,5.00000,0.90312,0.00000,1.90948,0.00000,1.90948,0.00000,-0.00000,1,
49.6240,992,0.00000,5.00000,0.00000,0.00000,5.00000,0.00000,0.00000,0.00000,0.00000,0.00000,5.00000,5.00000,0.90312,0.00000,1.90948,0.00000,1.90948,0.00000,-0.00000,1,
49.6760,993,0.00000,5.00000,0.00000,0.00000,5.00000,0.00000,0.00000,0.00000,0.00000,0.00000,5.00000,5.00000,0.90312,0.00000,1.90948,0.00000,1.90948,0.00000,-0.00000,1,
49.7240,994,0.00000,5.00000,0.00000,0.00000,5.00000,0.00000,0.00000,0.00000,0.00000,0.00000,5.00000,5.00000,0.90312,0.00000,1.90948,0.00000,1.90948,0.00000,-0.00000,1,
49.7760,995,0.00000,5.00000,0.00000,0.00000,5.00000,0.00000,0.00000,0.00000,0.00000,0.00000,5.00000,5.00000,0.90312,0.00000,1.90948,0.00000,1.90948,0.00000,-0.00000,1,
49.8240,996,0.00000,5.00000,0.00000,0.00000,5.00000,0.00000,0.00000,0.00000,0.00000,0.00000,5.00000,5.00000,0.90312,0.00000,1.90948,0.00000,1.90948,0.00000,-0.00000,1,
49.8760,997,0.00000,5.00000,0.00000,0.00000,5.00000,0.00000,0.00000,0.00000,0.00000,0.00000,5.00000,5.00000,0.90312,0.00000,1.90948,0.00000,1.90948,0.00000,-0.00000,1,
49.9240,998,0.00000,5.00000,0.00000,0.00000,5.00000,0.00000,0.00000,0.00000,0.00000,0.00000,5.00000,5.00000,0.90312,0.00000,1.90948,0.00000,1.90948,0.00000,-0.00000,1,
49.9760,999,0.00000,5.00000,0.00000,0.00000,5.00000,0.00000,0.00000,0.00000,0.00000,0.00000,5.00000,5.00000,0.90312,0.00000,1.90948,0.00000,1.90948,0.00000,-0.00000,1,
50.0240,1000,0.00000,5.00000,0.00000,0.00000,5.00000,0.00000,0.00000,0.00000,0.00000,0.00000,5.00000,5.00000,0.90312,0.00000,1.90948,0.00000,1.90948,0.00000,-0.00000,1,
50.0760,1001,0.00000,5.00000,0.00000,0.00000,5.00000,0.00000,0.00000,0.00000,0.00000,0.00000,5.00000,5.00000,0.90312,0.00000,1.90948,0.00000,1.90948,0.00000,-0.00000,1,
50.1240,1002,0.00000,5.00000,0.00000,0.00000,5.00000,0.00000,0.00000,0.00000,0.00000,0.00000,5.00000,5.00000,0.90312,0.00000,1.90948,0.00000,1.90948,0.00000,-0.00000,1,
50.1760,1003,0.00000,5.00000,0.00000,0.00000,5.00000,0.00000,0.00000,0.00000,0.00000,0.00000,5.00000,5.00000,0.90312,0.00000,1.90948,0.00000,1.90948,0.00000,-0.00000,1,
50.2240,1004,0.00000,5.00000,0.00000,0.00000,5.00000,0.00000,0.00000,0.00000,0.00000,0.00000,5.00000,5.00000,0.90312,0.00000,1.90948,0.00000,1.90948,0.00000,-0.00000,1,
50.2760,1005,0.00000,5.00000,0.00000,0.00000,5.00000,0.00000,0.00000,0.00000,0.00000,0.00000,5.00000,5.00000,0.90312,0.00000,1.90948,0.00000,1.90948,0.00000,-0.00000,1,
50.3240,1006,0.00000,5.00000,0.00000,0.00000,5.00000,0.00000,0.00000,0.00000,0.00000,0.00000,5.00000,5.00000,0.90312,0.00000,1.90948,0.00000,1.90948,0.00000,-0.00000,1,
50.3760,1007,0.00000,5.00000,0.00000,0.00000,5.00000,0.00000,0.00000,0.00000,0.00000,0.00000,5.00000,5.00000,0.90312,0.00000,1.90948,0.00000,1.90948,0.00000,-0.00000,1,
50.4240,1008,0.00000,5.00000,0.00000,0.00000,5.00000,0.00000,0.00000,0.00000,0.00000,0.00000,5.00000,5.00000,0.90312,0.00000,1.90948,0.00000,1.90948,0.00000,-0.00000,1,
50.4760,1009,0.00000,5.00000,0.00000,0.00000,5.00000,0.00000,0.00000,0.00000,0.00000,0.00000,5.00000,5.00000,0.90312,0.00000,1.90948,0.00000,1.90948,0.00000,-0.00000,1,
50.5240,1010,0.00000,5.00000,0.00000,0.00000,5.00000,0.00000,0.00000,0.00000,0.00000,0.00000,5.00000,5.00000,0.90312,0.00000,1.90948,0.00000,1.90948,0.00000,-0.00000,1,
50.5760,1011,0.00000,5.00000,0.00000,0.00000,5.00000,0.00000,0.00000,0.00000,0.00000,0.00000,5.00000,5.00000,0.90312,0.00000,1.90948,0.00000,1.90948,0.00000,-0.00000,1,
50.6240,1012,0.00000,5.00000,0.00000,0.00000,5.00000,0.00000,0.00000,0.00000,0.00000,0.00000,5.00000,5.00000,0.90312,0.00000,1.90948,0.00000,1.90948,0.00000,-0.00000,1,
50.6760,1013,0.00000,5.00000,0.00000,0.00000,5.00000,0.00000,0.00000,0.00000,0.00000,0.00000,5.00000,5.00000,0.90312,0.00000,1.90948,0.00000,1.90948,0.00000,-0.00000,1,
50.7240,1014,0.00000,5.00000,0.00000,0.00000,5.00000,0.00000,0.00000,0.00000,0.00000,0.00000,5.00000,5.00000,0.90312,0.00000,1.90948,0.00000,1.90948,0.00000,-0.00000,1,
50.7760,1015,0.00000,5.00000,0.00000,0.00000,5.00000,0.00000,0.00000,0.00000,0.00000,0.00000,5.00000,5.00000,0.90312,0.00000,1.90948,0.00000,1.90948,0.00000,-0.00000,1,
50.8240,1016,0.00000,5.00000,0.00000,0.00000,5.00000,0.00000,0.00000,0.00000,0.00000,0.00000,5.00000,5.00000,0.90312,0.00000,1.90948,0.00000,1.90948,0.00000,-0.00000,1,
50.8760,1017,0.00000,5.00000,0.00000,0.00000,5.00000,0.00000,0.00000,0.00000,0.00000,0.00000,5.00000,5.00000,0.90312,0.00000,1.90948,0.00000,1.90948,0.00000,-0.00000,1,
50.9280,1018,0.00000,5.00000,0.00000,0.00000,5.00000,0.00000,0.00000,0.00000,0.00000,0.00000,5.00000,5.00000,0.90312,0.00000,1.90948,0.00000,1.90948,0.00000,-0.00000,1,
50.9760,1019,0.00000,5.00000,0.00000,0.00000,5.00000,0.00000,0.00000,0.00000,0.00000,0.00000,5.00000,5.00000,0.90312,0.00000,1.90948,0.00000,1.90948,0.00000,-0.00000,1,
51.0240,1020,0.00000,5.00000,0.00000,0.00000,5.00000,0.00000,0.00000,0.00000,0.00000,0.00000,5.00000,5.00000,0.90312,0.00000,1.90948,0.00000,1.90948,0.00000,-0.00000,1,
51.0760,1021,0.00000,5.00000,0.00000,0.00000,5.00000,0.00000,0.00000,0.00000,0.00000,0.00000,5.00000,5.00000,0.90312,0.00000,1.90948,0.00000,1.90948,0.00000,-0.00000,1,
51.1240,1022,0.00000,5.00000,0.00000,0.00000,5.00000,0.00000,0.00000,0.00000,0.00000,0.00000,5.00000,5.00000,0.90312,0.00000,1.90948,0.00000,1.90948,0.00000,-0.00000,1,
51.1760,1023,0.00000,5.00000,0.00000,0.00000,5.00000,0.00000,0.00000,0.00000,0.00000,0.00000,5.00000,5.00000,0.90312,0.00000,1.90948,0.00000,1.90948,0.00000,-0.00000,1,
51.2240,1024,0.00000,5.00000,0.00000,0.00000,5.00000,0.00000,0.00000,0.00000,0.00000,0.00000,5.00000,5.00000,0.90312,0.00000,1.90948,0.00000,1.90948,0.00000,-0.00000,1,
51.2760,1025,0.00000,5.00000,0.00000,0.00000,5.00000,0.00000,0.00000,0.00000,0.00000,0.00000,5.00000,5.00000,0.90312,0.00000,1.90948,0.00000,1.90948,0.00000,-0.00000,1,
51.3240,1026,0.00000,5.00000,0.00000,0.00000,5.00000,0.00000,0.00000,0.00000,0.00000,0.00000,5.00000,5.00000,0.90312,0.00000,1.90948,0.00000,1.90948,0.00000,-0.00000,1,
51.3760,1027,0.00000,5.00000,0.00000,0.00000,5.00000,0.00000,0.00000,0.00000,0.00000,0.00000,5.00000,5.00000,0.90312,0.00000,1.90948,0.00000,1.90948,0.00000,-0.00000,1,
51.4240,1028,0.00000,5.00000,0.00000,0.00000,5.00000,0.00000,0.00000,0.00000,0.00000,0.00000,5.00000,5.00000,0.90312,0.00000,1.90948,0.00000,1.90948,0.00000,-0.00000,1,
51.4760,1029,0.00000,5.00000,0.00000,0.00000,5.00000,0.00000,0.00000,0.00000,0.00000,0.00000,5.00000,5.00000,0.90312,0.00000,1.90948,0.00000,1.90948,0.00000,-0.00000,1,
51.5240,1030,0.00000,5.00000,0.00000,0.00000,5.00000,0.00000,0.00000,0.00000,0.00000,0.00000,5.00000,5.00000,0.90312,0.00000,1.90948,0.00000,1.90948,0.00000,-0.00000,1,
51.5760,1031,0.00000,5.00000,0.00000,0.00000,5.00000,0.00000,0.00000,0.00000,0.00000,0.00000,5.00000,5.00000,0.90312,0.00000,1.90948,0.00000,1.90948,0.00000,-0.00000,1,
51.6240,1032,0.00000,5.00000,0.00000,0.00000,5.00000,0.00000,0.00000,0.00000,0.00000,0.00000,5.00000,5.00000,0.90312,0.00000,1.90948,0.00000,1.90948,0.00000,-0.00000,1,
51.6760,1033,0.00000,5.00000,0.00000,0.00000,5.00000,0.00000,0.00000,0.00000,0.00000,0.00000,5.00000,5.00000,0.90312,0.00000,1.90948,0.00000,1.90948,0.00000,-0.00000,1,
51.7240,1034,0.00000,5.00000,0.00000,0.00000,5.00000,0.00000,0.00000,0.00000,0.00000,0.00000,5.00000,5.00000,0.90312,0.00000,1.90948,0.00000,1.90948,0.00000,-0.00000,1,
51.7760,1035,0.00000,5.00000,0.00000,0.00000,5.00000,0.00000,0.00000,0.00000,0.00000,0.00000,5.00000,5.00000,0.90312,0.00000,1.90948,0.00000,1.90948,0.00000,-0.00000,1,
51.8240,1036,0.00000,5.00000,0.00000,0.00000,5.00000,0.00000,0.00000,0.00000,0.00000,0.00000,5.00000,5.00000,0.90312,0.00000,1.90948,0.00000,1.90948,0.00000,-0.00000,1,
51.8760,1037,0.00000,5.00000,0.00000,0.00000,5.00000,0.00000,0.00000,0.00000,0.00000,0.00000,5.00000,5.00000,0.90312,0.00000,1.90948,0.00000,1.90948,0.00000,-0.00000,1,
51.9240,1038,0.00000,5.00000,0.00000,0.00000,5.00000,0.00000,0.00000,0.00000,0.00000,0.00000,5.00000,5.00000,0.90312,0.00000,1.90948,0.00000,1.90948,0.00000,-0.00000,1,
51.9760,1039,0.00000,5.00000,0.00000,0.00000,5.00000,0.00000,0.00000,0.00000,0.00000,0.00000,5.00000,5.00000,0.90312,0.00000,1.90948,0.00000,1.90948,0.00000,-0.00000,1,
52.0240,1040,0.00000,5.00000,0.00000,0.00000,5.00000,0.00000,0.00000,0.00000,0.00000,0.00000,5.00000,5.00000,0.90312,0.00000,1.90948,0.00000,1.90948,0.00000,-0.00000,1,
52.0760,1041,0.00000,5.00000,0.00000,0.00000,5.00000,0.00000,0.00000,0.00000,0.00000,0.00000,5.00000,5.00000,0.90312,0.00000,1.90948,0.00000,1.90948,0.00000,-0.00000,1,
52.1240,1042,0.00000,5.00000,0.00000,0.00000,5.00000,0.00000,0.00000,0.00000,0.00000,0.00000,5.00000,5.00000,0.90312,0.00000,1.90948,0.00000,1.90948,0.00000,-0.00000,1,
52.1760,1043,0.00000,5.00000,0.00000,0.00000,5.00000,0.00000,0.00000,0.00000,0.00000,0.00000,5.00000,5.00000,0.90312,0.00000,1.90948,0.00000,1.90948,0.00000,-0.00000,1,
52.2240,1044,0.00000,5.00000,0.00000,0.00000,5.00000,0.00000,0.00000,0.00000,0.00000,0.00000,5.00000,5.00000,0.90312,0.00000,1.90948,0.00000,1.90948,0.00000,-0.00000,1,
52.2760,1045,0.00000,5.00000,0.00000,0.00000,5.00000,0.00000,0.00000,0.00000,0.00000,0.00000,5.00000,5.00000,0.90312,0.00000,1.90948,0.00000,1.90948,0.00000,-0.00000,1,
52.3240,1046,0.00000,5.00000,0.00000,0.00000,5.00000,0.00000,0.00000,0.00000,0.00000,0.00000,5.00000,5.00000,0.90312,0.00000,1.90948,0.00000,1.90948,0.00000,-0.00000,1,
52.3760,1047,0.00000,5.00000,0.00000,0.00000,5.00000,0.00000,0.00000,0.00000,0.00000,0.00000,5.00000,5.00000,0.90312,0.00000,1.90948,0.00000,1.90948,0.00000,-0.00000,1,
52.4240,1048,0.00000,5.00000,0.00000,0.00000,5.00000,0.00000,0.00000,0.00000,0.00000,0.00000,5.00000,5.00000,0.90312,0.00000,1.90948,0.00000,1.90948,0.00000,-0.00000,1,
52.4760,1049,0.00000,5.00000,0.00000,0.00000,5.00000,0.00000,0.00000,0.00000,0.00000,0.00000,5.00000,5.00000,0.90312,0.00000,1.90948,0.00000,1.90948,0.00000,-0.00000,1,
52.5240,1050,0.00000,5.00000,0.00000,0.00000,5.00000,0.00000,0.00000,0.00000,0.00000,0.00000,5.00000,5.00000,0.90312,0.00000,1.90948,0.00000,1.90948,0.00000,-0.00000,1,
52.5760,1051,0.00000,5.00000,0.00000,0.00000,5.00000,0.00000,0.00000,0.00000,0.00000,0.00000,5.00000,5.00000,0.90312,0.00000,1.90948,0.00000,1.90948,0.00000,-0.00000,1,
52.6240,1052,0.00000,5.00000,0.00000,0.00000,5.00000,0.00000,0.00000,0.00000,0.00000,0.00000,5.00000,5.00000,0.90312,0.00000,1.90948,0.00000,1.90948,0.00000,-0.00000,1,
52.6760,1053,0.00000,5.00000,0.00000,0.00000,5.00000,0.00000,0.00000,0.00000,0.00000,0.00000,5.00000,5.00000,0.90312,0.00000,1.90948,0.00000,1.90948,0.00000,-0.00000,1,
52.7240,1054,0.00000,5.00000,0.00000,0.00000,5.00000,0.00000,0.00000,0.00000,0.00000,0.00000,5.00000,5.00000,0.90312,0.00000,1.90948,0.00000,1.90948,0.00000,-0.00000,1,
52.7760,1055,0.00000,5.00000,0.00000,0.00000,5.00000,0.00000,0.00000,0.00000,0.00000,0.00000,5.00000,5.00000,0.90312,0.00000,1.90948,0.00000,1.90948,0.00000,-0.00000,1,
52.8240,1056,0.00000,5.00000,0.00000,0.00000,5.00000,0.00000,0.00000,0.00000,0.00000,0.00000,5.00000,5.00000,0.90312,0.00000,1.90948,0.00000,1.90948,0.00000,-0.00000,1,
52.8760,1057,0.00000,5.00000,0.00000,0.00000,5.00000,0.00000,0.00000,0.00000,0.00000,0.00000,5.00000,5.00000,0.90312,0.00000,1.90948,0.00000,1.90948,0.00000,-0.00000,1,
52.9240,1058,0.00000,5.00000,0.00000,0.00000,5.00000,0.00000,0.00000,0.00000,0.00000,0.00000,5.00000,5.00000,0.90312,0.00000,1.90948,0.00000,1.90948,0.00000,-0.00000,1,
52.9760,1059,0.00000,5.00000,0.00000,0.00000,5.00000,0.00000,0.00000,0.00000,0.00000,0.00000,5.00000,5.00000,0.90312,0.00000,1.90948,0.00000,1.90948,0.00000,-0.00000,1,
53.0240,1060,0.00000,5.00000,0.00000,0.00000,5.00000,0.00000,0.00000,0.00000,0.00000,0.00000,5.00000,5.00000,0.90312,0.00000,1.90948,0.00000,1.90948,0.00000,-0.00000,1,
53.0760,1061,0.00000,5.00000,0.00000,0.00000,5.00000,0.00000,0.00000,0.00000,0.00000,0.00000,5.00000,5.00000,0.90312,0.00000,1.90948,0.00000,1.90948,0.00000,-0.00000,1,
53.1240,1062,0.00000,5.00000,0.00000,0.00000,5.00000,0.00000,0.00000,0.00000,0.00000,0.00000,5.00000,5.00000,0.90312,0.00000,1.90948,0.00000,1.90948,0.00000,-0.00000,1,
53.1760,1063,0.00000,5.00000,0.00000,0.00000,5.00000,0.00000,0.00000,0.00000,0.00000,0.00000,5.00000,5.00000,0.90312,0.00000,1.90948,0.00000,1.90948,0.00000,-0.00000,1,
53.2240,1064,0.00000,5.00000,0.00000,0.00000,5.00000,0.00000,0.00000,0.00000,0.00000,0.00000,5.00000,5.00000,0.90312,0.00000,1.90948,0.00000,1.90948,0.00000,-0.00000,1,
53.2760,1065,0.00000,5.00000,0.00000,0.00000,5.00000,0.00000,0.00000,0.00000,0.00000,0.00000,5.00000,5.00000,0.90312,0.00000,1.90948,0.00000,1.90948,0.00000,-0.00000,1,
53.3240,1066,0.00000,5.00000,0.00000,0.00000,5.00000,0.00000,0.00000,0.00000,0.00000,0.00000,5.00000,5.00000,0.90312,0.00000,1.90948,0.00000,1.90948,0.00000,-0.00000,1,
53.3760,1067,0.00000,5.00000,0.00000,0.00000,5.00000,0.00000,0.00000,0.00000,0.00000,0.00000,5.00000,5.00000,0.90312,0.00000,1.90948,0.00000,1.90948,0.00000,-0.00000,1,
53.4240,1068,0.00000,5.00000,0.00000,0.00000,5.00000,0.00000,0.00000,0.00000,0.00000,0.00000,5.00000,5.00000,0.90312,0.00000,1.90948,0.00000,1.90948,0.00000,-0.00000,1,
53.4760,1069,0.00000,5.00000,0.00000,0.00000,5.00000,0.00000,0.00000,0.00000,0.00000,0.00000,5.00000,5.00000,0.90312,0.00000,1.90948,0.00000,1.90948,0.00000,-0.00000,1,
53.5240,1070,0.00000,5.00000,0.00000,0.00000,5.00000,0.00000,0.00000,0.00000,0.00000,0.00000,5.00000,5.00000,0.90312,0.00000,1.90948,0.00000,1.90948,0.00000,-0.00000,1,
53.5760,1071,0.00000,5.00000,0.00000,0.00000,5.00000,0.00000,0.00000,0.00000,0.00000,0.00000,5.00000,5.00000,0.90312,0.00000,1.90948,0.00000,1.90948,0.00000,-0.00000,1,
53.6240,1072,0.00000,5.00000,0.00000,0.00000,5.00000,0.00000,0.00000,0.00000,0.00000,0.00000,5.00000,5.00000,0.90312,0.00000,1.90948,0.00000,1.90948,0.00000,-0.00000,1,
53.6760,1073,0.00000,5.00000,0.00000,0.00000,5.00000,0.00000,0.00000,0.00000,0.00000,0.00000,5.00000,5.00000,0.90312,0.00000,1.90948,0.00000,1.90948,0.00000,-0.00000,1,
53.7240,1074,0.00000,5.00000,0.00000,0.00000,5.00000,0.00000,0.00000,0.00000,0.00000,0.00000,5.00000,5.00000,0.90312,0.00000,1.90948,0.00000,1.90948,0.00000,-0.00000,1,
53.7760,1075,0.00000,5.00000,0.00000,0.00000,5.00000,0.00000,0.00000,0.00000,0.00000,0.00000,5.00000,5.00000,0.90312,0.00000,1.90948,0.00000,1.90948,0.00000,-0.00000,1,
53.8240,1076,0.00000,5.00000,0.00000,0.00000,5.00000,0.00000,0.00000,0.00000,0.00000,0.00000,5.00000,5.00000,0.90312,0.00000,1.90948,0.00000,1.90948,0.00000,-0.00000,1,
53.8760,1077,0.00000,5.00000,0.00000,0.00000,5.00000,0.00000,0.00000,0.00000,0.00000,0.00000,5.00000,5.00000,0.90312,0.00000,1.90948,0.00000,1.90948,0.00000,-0.00000,1,
53.9240,1078,0.00000,5.00000,0.00000,0.00000,5.00000,0.00000,0.00000,0.00000,0.00000,0.00000,5.00000,5.00000,0.90312,0.00000,1.90948,0.00000,1.90948,0.00000,-0.00000,1,
53.9760,1079,0.00000,5.00000,0.00000,0.00000,5.00000,0.00000,0.00000,0.00000,0.00000,0.00000,5.00000,5.00000,0.90312,0.00000,1.90948,0.00000,1.90948,0.00000,-0.00000,1,
54.0240,1080,0.00000,5.00000,0.00000,0.00000,5.00000,0.00000,0.00000,0.00000,0.00000,0.00000,5.00000,5.00000,0.90312,0.00000,1.90948,0.00000,1.90948,0.00000,-0.00000,1,
54.0760,1081,0.00000,5.00000,0.00000,0.00000,5.00000,0.00000,0.00000,0.00000,0.00000,0.00000,5.00000,5.00000,0.90312,0.00000,1.90948,0.00000,1.90948,0.00000,-0.00000,1,
54.1240,1082,0.00000,5.00000,0.00000,0.00000,5.00000,0.00000,0.00000,0.00000,0.00000,0.00000,5.00000,5.00000,0.90312,0.00000,1.90948,0.00000,1.90948,0.00000,-0.00000,1,
54.1760,1083,0.00000,5.00000,0.00000,0.00000,5.00000,0.00000,0.00000,0.00000,0.00000,0.00000,5.00000,5.00000,0.90312,0.00000,1.90948,0.00000,1.90948,0.00000,-0.00000,1,
54.2240,1084,0.00000,5.00000,0.00000,0.00000,5.00000,0.00000,0.00000,0.00000,0.00000,0.00000,5.00000,5.00000,0.90312,0.00000,1.90948,0.00000,1.90948,0.00000,-0.00000,1,
54.2760,1085,0.00000,5.00000,0.00000,0.00000,5.00000,0.00000,0.00000,0.00000,0.00000,0.00000,5.00000,5.00000,0.90312,0.00000,1.90948,0.00000,1.90948,0.00000,-0.00000,1,
54.3240,1086,0.00000,5.00000,0.00000,0.00000,5.00000,0.00000,0.00000,0.00000,0.00000,0.00000,5.00000,5.00000,0.90312,0.00000,1.90948,0.00000,1.90948,0.00000,-0.00000,1,
54.3760,1087,0.00000,5.00000,0.00000,0.00000,5.00000,0.00000,0.00000,0.00000,0.00000,0.00000,5.00000,5.00000,0.90312,0.00000,1.90948,0.00000,1.90948,0.00000,-0.00000,1,
54.4240,1088,0.00000,5.00000,0.00000,0.00000,5.00000,0.00000,0.00000,0.00000,0.00000,0.00000,5.00000,5.00000,0.90312,0.00000,1.90948,0.00000,1.90948,0.00000,-0.00000,1,
54.4760,1089,0.00000,5.00000,0.00000,0.00000,5.00000,0.00000,0.00000,0.00000,0.00000,0.00000,5.00000,5.00000,0.90312,0.00000,1.90948,0.00000,1.90948,0.00000,-0.00000,1,
54.5240,1090,0.00000,5.00000,0.00000,0.00000,5.00000,0.00000,0.00000,0.00000,0.00000,0.00000,5.00000,5.00000,0.90312,0.00000,1.90948,0.00000,1.90948,0.00000,-0.00000,1,
54.5760,1091,0.00000,5.00000,0.00000,0.00000,5.00000,0.00000,0.00000,0.00000,0.00000,0.00000,5.00000,5.00000,0.90312,0.00000,1.90948,0.00000,1.90948,0.00000,-0.00000,1,
54.6240,1092,0.00000,5.00000,0.00000,0.00000,5.00000,0.00000,0.00000,0.00000,0.00000,0.00000,5.00000,5.00000,0.90312,0.00000,1.90948,0.00000,1.90948,0.00000,-0.00000,1,
54.6760,1093,0.00000,5.00000,0.00000,0.00000,5.00000,0.00000,0.00000,0.00000,0.00000,0.00000,5.00000,5.00000,0.90312,0.00000,1.90948,0.00000,1.90948,0.00000,-0.00000,1,
54.7240,1094,0.00000,5.00000,0.00000,0.00000,5.00000,0.00000,0.00000,0.00000,0.00000,0.00000,5.00000,5.00000,0.90312,0.00000,1.90948,0.00000,1.90948,0.00000,-0.00000,1,
54.7760,1095,0.00000,5.00000,0.00000,0.00000,5.00000,0.00000,0.00000,0.00000,0.00000,0.00000,5.00000,5.00000,0.90312,0.00000,1.90948,0.00000,1.90948,0.00000,-0.00000,1,
54.8240,1096,0.00000,5.00000,0.00000,0.00000,5.00000,0.00000,0.00000,0.00000,0.00000,0.00000,5.00000,5.00000,0.90312,0.00000,1.90948,0.00000,1.90948,0.00000,-0.00000,1,
54.8760,1097,0.00000,5.00000,0.00000,0.00000,5.00000,0.00000,0.00000,0.00000,0.00000,0.00000,5.00000,5.00000,0.90312,0.00000,1.90948,0.00000,1.90948,0.00000,-0.00000,1,
54.9240,1098,0.00000,5.00000,0.00000,0.00000,5.00000,0.00000,0.00000,0.00000,0.00000,0.00000,5.00000,5.00000,0.90312,0.00000,1.90948,0.00000,1.90948,0.00000,-0.00000,1,
54.9760,1099,0.00000,5.00000,0.00000,0.00000,5.00000,0.00000,0.00000,0.00000,0.00000,0.00000,5.00000,5.00000,0.90312,0.00000,1.90948,0.00000,1.90948,0.00000,-0.00000,1,
55.0240,1100,0.00000,5.00000,0.00000,0.00000,5.00000,0.00000,0.00000,0.00000,0.00000,0.00000,5.00000,5.00000,0.90312,0.00000,1.90948,0.00000,1.90948,0.00000,-0.00000,1,
55.0760,1101,0.00000,5.00000,0.00000,0.00000,5.00000,0.00000,0.00000,0.00000,0.00000,0.00000,5.00000,5.00000,0.90312,0.00000,1.90948,0.00000,1.90948,0.00000,-0.00000,1,
55.1240,1102,0.00000,5.00000,0.00000,0.00000,5.00000,0.00000,0.00000,0.00000,0.00000,0.00000,5.00000,5.00000,0.90312,0.00000,1.90948,0.00000,1.90948,0.00000,-0.00000,1,
55.1760,1103,0.00000,5.00000,0.00000,0.00000,5.00000,0.00000,0.00000,0.00000,0.00000,0.00000,5.00000,5.00000,0.90312,0.00000,1.90948,0.00000,1.90948,0.00000,-0.00000,1,
55.2240,1104,0.00000,5.00000,0.00000,0.00000,5.00000,0.00000,0.00000,0.00000,0.00000,0.00000,5.00000,5.00000,0.90312,0.00000,1.90948,0.00000,1.90948,0.00000,-0.00000,1,
55.2760,1105,0.00000,5.00000,0.00000,0.00000,5.00000,0.00000,0.00000,0.00000,0.00000,0.00000,5.00000,5.00000,0.90312,0.00000,1.90948,0.00000,1.90948,0.00000,-0.00000,1,
55.3240,1106,0.00000,5.00000,0.00000,0.00000,5.00000,0.00000,0.00000,0.00000,0.00000,0.00000,5.00000,5.00000,0.90312,0.00000,1.90948,0.00000,1.90948,0.00000,-0.00000,1,
55.3760,1107,0.00000,5.00000,0.00000,0.00000,5.00000,0.00000,0.00000,0.00000,0.00000,0.00000,5.00000,5.00000,0.90312,0.00000,1.90948,0.00000,1.90948,0.00000,-0.00000,1,
55.4240,1108,0.00000,5.00000,0.00000,0.00000,5.00000,0.00000,0.00000,0.00000,0.00000,0.00000,5.00000,5.00000,0.90312,0.00000,1.90948,0.00000,1.90948,0.00000,-0.00000,1,
55.4760,1109,0.00000,5.00000,0.00000,0.00000,5.00000,0.00000,0.00000,0.00000,0.00000,0.00000,5.00000,5.00000,0.90312,0.00000,1.90948,0.00000,1.90948,0.00000,-0.00000,1,
55.5240,1110,0.00000,5.00000,0.00000,0.00000,5.00000,0.00000,0.00000,0.00000,0.00000,0.00000,5.00000,5.00000,0.90312,0.00000,1.90948,0.00000,1.90948,0.00000,-0.00000,1,
55.5760,1111,0.00000,5.00000,0.00000,0.00000,5.00000,0.00000,0.00000,0.00000,0.00000,0.00000,5.00000,5.00000,0.90312,0.00000,1.90948,0.00000,1.90948,0.00000,-0.00000,1,
55.6240,1112,0.00000,5.00000,0.00000,0.00000,5.00000,0.00000,0.00000,0.00000,0.00000,0.00000,5.00000,5.00000,0.90312,0.00000,1.90948,0.00000,1.90948,0.00000,-0.00000,1,
55.6760,1113,0.00000,5.00000,0.00000,0.00000,5.00000,0.00000,0.00000,0.00000,0.00000,0.00000,5.00000,5.00000,0.90312,0.00000,1.90948,0.00000,1.90948,0.00000,-0.00000,1,
55.7240,1114,0.00000,5.00000,0.00000,0.00000,5.00000,0.00000,0.00000,0.00000,0.00000,0.00000,5.00000,5.00000,0.90312,0.00000,1.90948,0.00000,1.90948,0.00000,-0.00000,1,
55.7760,1115,0.00000,5.00000,0.00000,0.00000,5.00000,0.00000,0.00000,0.00000,0.00000,0.00000,5.00000,5.00000,0.90312,0.00000,1.90948,0.00000,1.90948,0.00000,-0.00000,1,
55.8240,1116,0.00000,5.00000,0.00000,0.00000,5.00000,0.00000,0.00000,0.00000,0.00000,0.00000,5.00000,5.00000,0.90312,0.00000,1.90948,0.00000,1.90948,0.00000,-0.00000,1,
55.8760,1117,0.00000,5.00000,0.00000,0.00000,5.00000,0.00000,0.00000,0.00000,0.00000,0.00000,5.00000,5.00000,0.90312,0.00000,1.90948,0.00000,1.90948,0.00000,-0.00000,1,
55.9240,1118,0.00000,5.00000,0.00000,0.00000,5.00000,0.00000,0.00000,0.00000,0.00000,0.00000,5.00000,5.00000,0.90312,0.00000,1.90948,0.00000,1.90948,0.00000,-0.00000,1,
55.9760,1119,0.00000,5.00000,0.00000,0.00000,5.00000,0.00000,0.00000,0.00000,0.00000,0.00000,5.00000,5.00000,0.90312,0.00000,1.90948,0.00000,1.90948,0.00000,-0.00000,1,
56.0240,1120,0.00000,5.00000,0.00000,0.00000,5.00000,0.00000,0.00000,0.00000,0.00000,0.00000,5.00000,5.00000,0.90312,0.00000,1.90948,0.00000,1.90948,0.00000,-0.00000,1,
56.0760,1121,0.00000,5.00000,0.00000,0.00000,5.00000,0.00000,0.00000,0.00000,0.00000,0.00000,5.00000,5.00000,0.90312,0.00000,1.90948,0.00000,1.90948,0.00000,-0.00000,1,
56.1240,1122,0.00000,5.00000,0.00000,0.00000,5.00000,0.00000,0.00000,0.00000,0.00000,0.00000,5.00000,5.00000,0.90312,0.00000,1.90948,0.00000,1.90948,0.00000,-0.00000,1,
56.1760,1123,0.00000,5.00000,0.00000,0.00000,5.00000,0.00000,0.00000,0.00000,0.00000,0.00000,5.00000,5.00000,0.90312,0.00000,1.90948,0.00000,1.90948,0.00000,-0.00000,1,
56.2240,1124,0.00000,5.00000,0.00000,0.00000,5.00000,0.00000,0.00000,0.00000,0.00000,0.00000,5.00000,5.00000,0.90312,0.00000,1.90948,0.00000,1.90948,0.00000,-0.00000,1,
56.2760,1125,0.00000,5.00000,0.00000,0.00000,5.00000,0.00000,0.00000,0.00000,0.00000,0.00000,5.00000,5.00000,0.90312,0.00000,1.90948,0.00000,1.90948,0.00000,-0.00000,1,
56.3240,1126,0.00000,5.00000,0.00000,0.00000,5.00000,0.00000,0.00000,0.00000,0.00000,0.00000,5.00000,5.00000,0.90312,0.00000,1.90948,0.00000,1.90948,0.00000,-0.00000,1,
56.3760,1127,0.00000,5.00000,0.00000,0.00000,5.00000,0.00000,0.00000,0.00000,0.00000,0.00000,5.00000,5.00000,0.90312,0.00000,1.90948,0.00000,1.90948,0.00000,-0.00000,1,
56.4240,1128,0.00000,5.00000,0.00000,0.00000,5.00000,0.00000,0.00000,0.00000,0.00000,0.00000,5.00000,5.00000,0.90312,0.00000,1.90948,0.00000,1.90948,0.00000,-0.00000,1,
56.4760,1129,0.00000,5.00000,0.00000,0.00000,5.00000,0.00000,0.00000,0.00000,0.00000,0.00000,5.00000,5.00000,0.90312,0.00000,1.90948,0.00000,1.90948,0.00000,-0.00000,1,
56.5240,1130,0.00000,5.00000,0.00000,0.00000,5.00000,0.00000,0.00000,0.00000,0.00000,0.00000,5.00000,5.00000,0.90312,0.00000,1.90948,0.00000,1.90948,0.00000,-0.00000,1,
56.5760,1131,0.00000,5.00000,0.00000,0.00000,5.00000,0.00000,0.00000,0.00000,0.00000,0.00000,5.00000,5.00000,0.90312,0.00000,1.90948,0.00000,1.90948,0.00000,-0.00000,1,
56.6240,1132,0.00000,5.00000,0.00000,0.00000,5.00000,0.00000,0.00000,0.00000,0.00000,0.00000,5.00000,5.00000,0.90312,0.00000,1.90948,0.00000,1.90948,0.00000,-0.00000,1,
56.6760,1133,0.00000,5.00000,0.00000,0.00000,5.00000,0.00000,0.00000,0.00000,0.00000,0.00000,5.00000,5.00000,0.90312,0.00000,1.90948,0.00000,1.90948,0.00000,-0.00000,1,
56.7240,1134,0.00000,5.00000,0.00000,0.00000,5.00000,0.00000,0.00000,0.00000,0.00000,0.00000,5.00000,5.00000,0.90312,0.00000,1.90948,0.00000,1.90948,0.00000,-0.00000,1,
56.7760,1135,0.00000,5.00000,0.00000,0.00000,5.00000,0.00000,0.00000,0.00000,0.00000,0.00000,5.00000,5.00000,0.90312,0.00000,1.90948,0.00000,1.90948,0.00000,-0.00000,1,
56.8240,1136,0.00000,5.00000,0.00000,0.00000,5.00000,0.00000,0.00000,0.00000,0.00000,0.00000,5.00000,5.00000,0.90312,0.00000,1.90948,0.00000,1.90948,0.00000,-0.00000,1,
56.8760,1137,0.00000,5.00000,0.00000,0.00000,5.00000,0.00000,0.00000,0.00000,0.00000,0.00000,5.00000,5.00000,0.90312,0.00000,1.90948,0.00000,1.90948,0.00000,-0.00000,1,
56.9240,1138,0.00000,5.00000,0.00000,0.00000,5.00000,0.00000,0.00000,0.00000,0.00000,0.00000,5.00000,5.00000,0.90312,0.00000,1.90948,0.00000,1.90948,0.00000,-0.00000,1,
56.9760,1139,0.00000,5.00000,0.00000,0.00000,5.00000,0.00000,0.00000,0.00000,0.00000,0.00000,5.00000,5.00000,0.90312,0.00000,1.90948,0.00000,1.90948,0.00000,-0.00000,1,
57.0240,1140,0.00000,5.00000,0.00000,0.00000,5.00000,0.00000,0.00000,0.00000,0.00000,0.00000,5.00000,5.00000,0.90312,0.00000,1.90948,0.00000,1.90948,0.00000,-0.00000,1,
57.0760,1141,0.00000,5.00000,0.00000,0.00000,5.00000,0.00000,0.00000,0.00000,0.00000,0.00000,5.00000,5.00000,0.90312,0.00000,1.90948,0.00000,1.90948,0.00000,-0.00000,1,
57.1240,1142,0.00000,5.00000,0.00000,0.00000,5.00000,0.00000,0.00000,0.00000,0.00000,0.00000,5.00000,5.00000,0.90312,0.00000,1.90948,0.00000,1.90948,0.00000,-0.00000,1,
57.1760,1143,0.00000,5.00000,0.00000,0.00000,5.00000,0.00000,0.00000,0.00000,0.00000,0.00000,5.00000,5.00000,0.90312,0.00000,1.90948,0.00000,1.90948,0.00000,-0.00000,1,
57.2240,1144,0.00000,5.00000,0.00000,0.00000,5.00000,0.00000,0.00000,0.00000,0.00000,0.00000,5.00000,5.00000,0.90312,0.00000,1.90948,0.00000,1.90948,0.00000,-0.00000,1,
57.2760,1145,0.00000,5.00000,0.00000,0.00000,5.00000,0.00000,0.00000,0.00000,0.00000,0.00000,5.00000,5.00000,0.90312,0.00000,1.90948,0.00000,1.90948,0.00000,-0.00000,1,
57.3240,1146,0.00000,5.00000,0.00000,0.00000,5.00000,0.00000,0.00000,0.00000,0.00000,0.00000,5.00000,5.00000,0.90312,0.00000,1.90948,0.00000,1.90948,0.00000,-0.00000,1,
57.3760,1147,0.00000,5.00000,0.00000,0.00000,5.00000,0.00000,0.00000,0.00000,0.00000,0.00000,5.00000,5.00000,0.90312,0.00000,1.90948,0.00000,1.90948,0.00000,-0.00000,1,
57.4240,1148,0.00000,5.00000,0.00000,0.00000,5.00000,0.00000,0.00000,0.00000,0.00000,0.00000,5.00000,5.00000,0.90312,0.00000,1.90948,0.00000,1.90948,0.00000,-0.00000,1,
57.4760,1149,0.00000,5.00000,0.00000,0.00000,5.00000,0.00000,0.00000,0.00000,0.00000,0.00000,5.00000,5.00000,0.90312,0.00000,1.90948,0.00000,1.90948,0.00000,-0.00000,1,
57.5240,1150,0.00000,5.00000,0.00000,0.00000,5.00000,0.00000,0.00000,0.00000,0.00000,0.00000,5.00000,5.00000,0.90312,0.00000,1.90948,0.00000,1.90948,0.00000,-0.00000,1,
57.5760,1151,0.00000,5.00000,0.00000,0.00000,5.00000,0.00000,0.00000,0.00000,0.00000,0.00000,5.00000,5.00000,0.90312,0.00000,1.90948,0.00000,1.90948,0.00000,-0.00000,1,
57.6240,1152,0.00000,5.00000,0.00000,0.00000,5.00000,0.00000,0.00000,0.00000,0.00000,0.00000,5.00000,5.00000,0.90312,0.00000,1.90948,0.00000,1.90948,0.00000,-0.00000,1,
57.6760,1153,0.00000,5.00000,0.00000,0.00000,5.00000,0.00000,0.00000,0.00000,0.00000,0.00000,5.00000,5.00000,0.90312,0.00000,1.90948,0.00000,1.90948,0.00000,-0.00000,1,
57.7240,1154,0.00000,5.00000,0.00000,0.00000,5.00000,0.00000,0.00000,0.00000,0.00000,0.00000,5.00000,5.00000,0.90312,0.00000,1.90948,0.00000,1.90948,0.00000,-0.00000,1,
57.7760,1155,0.00000,5.00000,0.00000,0.00000,5.00000,0.00000,0.00000,0.00000,0.00000,0.00000,5.00000,5.00000,0.90312,0.00000,1.90948,0.00000,1.90948,0.00000,-0.00000,1,
57.8240,1156,0.00000,5.00000,0.00000,0.00000,5.00000,0.00000,0.00000,0.00000,0.00000,0.00000,5.00000,5.00000,0.90312,0.00000,1.90948,0.00000,1.90948,0.00000,-0.00000,1,
57.8760,1157,0.00000,5.00000,0.00000,0.00000,5.00000,0.00000,0.00000,0.00000,0.00000,0.00000,5.00000,5.00000,0.90312,0.00000,1.90948,0.00000,1.90948,0.00000,-0.00000,1,
57.9240,1158,0.00000,5.00000,0.00000,0.00000,5.00000,0.00000,0.00000,0.00000,0.00000,0.00000,5.00000,5.00000,0.90312,0.00000,1.90948,0.00000,1.90948,0.00000,-0.00000,1,
57.9760,1159,0.00000,5.00000,0.00000,0.00000,5.00000,0.00000,0.00000,0.00000,0.00000,0.00000,5.00000,5.00000,0.90312,0.00000,1.90948,0.00000,1.90948,0.00000,-0.00000,1,
58.0240,1160,0.00000,5.00000,0.00000,0.00000,5.00000,0.00000,0.00000,0.00000,0.00000,0.00000,5.00000,5.00000,0.90312,0.00000,1.90948,0.00000,1.90948,0.00000,-0.00000,1,
58.0760,1161,0.00000,5.00000,0.00000,0.00000,5.00000,0.00000,0.00000,0.00000,0.00000,0.00000,5.00000,5.00000,0.90312,0.00000,1.90948,0.00000,1.90948,0.00000,-0.00000,1,
58.1240,1162,0.00000,5.00000,0.00000,0.00000,5.00000,0.00000,0.00000,0.00000,0.00000,0.00000,5.00000,5.00000,0.90312,0.00000,1.90948,0.00000,1.90948,0.00000,-0.00000,1,
58.1760,1163,0.00000,5.00000,0.00000,0.00000,5.00000,0.00000,0.00000,0.00000,0.00000,0.00000,5.00000,5.00000,0.90312,0.00000,1.90948,0.00000,1.90948,0.00000,-0.00000,1,
58.2240,1164,0.00000,5.00000,0.00000,0.00000,5.00000,0.00000,0.00000,0.00000,0.00000,0.00000,5.00000,5.00000,0.90312,0.00000,1.90948,0.00000,1.90948,0.00000,-0.00000,1,
58.2760,1165,0.00000,5.00000,0.00000,0.00000,5.00000,0.00000,0.00000,0.00000,0.00000,0.00000,5.00000,5.00000,0.90312,0.00000,1.90948,0.00000,1.90948,0.00000,-0.00000,1,
58.3240,1166,0.00000,5.00000,0.00000,0.00000,5.00000,0.00000,0.00000,0.00000,0.00000,0.00000,5.00000,5.00000,0.90312,0.00000,1.90948,0.00000,1.90948,0.00000,-0.00000,1,
58.3760,1167,0.00000,5.00000,0.00000,0.00000,5.00000,0.00000,0.00000,0.00000,0.00000,0.00000,5.00000,5.00000,0.90312,0.00000,1.90948,0.00000,1.90948,0.00000,-0.00000,1,
58.4240,1168,0.00000,5.00000,0.00000,0.00000,5.00000,0.00000,0.00000,0.00000,0.00000,0.00000,5.00000,5.00000,0.90312,0.00000,1.90948,0.00000,1.90948,0.00000,-0.00000,1,
58.4760,1169,0.00000,5.00000,0.00000,0.00000,5.00000,0.00000,0.00000,0.00000,0.00000,0.00000,5.00000,5.00000,0.90312,0.00000,1.90948,0.00000,1.90948,0.00000,-0.00000,1,
58.5240,1170,0.00000,5.00000,0.00000,0.00000,5.00000,0.00000,0.00000,0.00000,0.00000,0.00000,5.00000,5.00000,0.90312,0.00000,1.90948,0.00000,1.90948,0.00000,-0.00000,1,
58.5760,1171,0.00000,5.00000,0.00000,0.00000,5.00000,0.00000,0.00000,0.00000,0.00000,0.00000,5.00000,5.00000,0.90312,0.00000,1.90948,0.00000,1.90948,0.00000,-0.00000,1,
58.6240,1172,0.00000,5.00000,0.00000,0.00000,5.00000,0.00000,0.00000,0.00000,0.00000,0.00000,5.00000,5.00000,0.90312,0.00000,1.90948,0.00000,1.90948,0.00000,-0.00000,1,
58.6760,1173,0.00000,5.00000,0.00000,0.00000,5.00000,0.00000,0.00000,0.00000,0.00000,0.00000,5.00000,5.00000,0.90312,0.00000,1.90948,0.00000,1.90948,0.00000,-0.00000,1,
58.7240,1174,0.00000,5.00000,0.00000,0.00000,5.00000,0.00000,0.00000,0.00000,0.00000,0.00000,5.00000,5.00000,0.90312,0.00000,1.90948,0.00000,1.90948,0.00000,-0.00000,1,
58.7760,1175,0.00000,5.00000,0.00000,0.00000,5.00000,0.00000,0.00000,0.00000,0.00000,0.00000,5.00000,5.00000,0.90312,0.00000,1.90948,0.00000,1.90948,0.00000,-0.00000,1,
58.8240,1176,0.00000,5.00000,0.00000,0.00000,5.00000,0.00000,0.00000,0.00000,0.00000,0.00000,5.00000,5.00000,0.90312,0.00000,1.90948,0.00000,1.90948,0.00000,-0.00000,1,
58.8760,1177,0.00000,5.00000,0.00000,0.00000,5.00000,0.00000,0.00000,0.00000,0.00000,0.00000,5.00000,5.00000,0.90312,0.00000,1.90948,0.00000,1.90948,0.00000,-0.00000,1,
58.9240,1178,0.00000,5.00000,0.00000,0.00000,5.00000,0.00000,0.00000,0.00000,0.00000,0.00000,5.00000,5.00000,0.90312,0.00000,1.90948,0.00000,1.90948,0.00000,-0.00000,1,
58.9760,1179,0.00000,5.00000,0.00000,0.00000,5.00000,0.00000,0.00000,0.00000,0.00000,0.00000,5.00000,5.00000,0.90312,0.00000,1.90948,0.00000,1.90948,0.00000,-0.00000,1,
59.0240,1180,0.00000,5.00000,0.00000,0.00000,5.00000,0.00000,0.00000,0.00000,0.00000,0.00000,5.00000,5.00000,0.90312,0.00000,1.90948,0.00000,1.90948,0.00000,-0.00000,1,
59.0760,1181,0.00000,5.00000,0.00000,0.00000,5.00000,0.00000,0.00000,0.00000,0.00000,0.00000,5.00000,5.00000,0.90312,0.00000,1.90948,0.00000,1.90948,0.00000,-0.00000,1,
59.1240,1182,0.00000,5.00000,0.00000,0.00000,5.00000,0.00000,0.00000,0.00000,0.00000,0.00000,5.00000,5.00000,0.90312,0.00000,1.90948,0.00000,1.90948,0.00000,-0.00000,1,
59.1760,1183,0.00000,5.00000,0.00000,0.00000,5.00000,0.00000,0.00000,0.00000,0.00000,0.00000,5.00000,5.00000,0.90312,0.00000,1.90948,0.00000,1.90948,0.00000,-0.00000,1,
59.2240,1184,0.00000,5.00000,0.00000,0.00000,5.00000,0.00000,0.00000,0.00000,0.00000,0.00000,5.00000,5.00000,0.90312,0.00000,1.90948,0.00000,1.90948,0.00000,-0.00000,1,
59.2760,1185,0.00000,5.00000,0.00000,0.00000,5.00000,0.00000,0.00000,0.00000,0.00000,0.00000,5.00000,5.00000,0.90312,0.00000,1.90948,0.00000,1.90948,0.00000,-0.00000,1,
59.3240,1186,0.00000,5.00000,0.00000,0.00000,5.00000,0.00000,0.00000,0.00000,0.00000,0.00000,5.00000,5.00000,0.90312,0.00000,1.90948,0.00000,1.90948,0.00000,-0.00000,1,
59.3760,1187,0.00000,5.00000,0.00000,0.00000,5.00000,0.00000,0.00000,0.00000,0.00000,0.00000,5.00000,5.00000,0.90312,0.00000,1.90948,0.00000,1.90948,0.00000,-0.00000,1,
59.4240,1188,0.00000,5.00000,0.00000,0.00000,5.00000,0.00000,0.00000,0.00000,0.00000,0.00000,5.00000,5.00000,0.90312,0.00000,1.90948,0.00000,1.90948,0.00000,-0.00000,1,
59.4760,1189,0.00000,5.00000,0.00000,0.00000,5.00000,0.00000,0.00000,0.00000,0.00000,0.00000,5.00000,5.00000,0.90312,0.00000,1.90948,0.00000,1.90948,0.00000,-0.00000,1,
59.5240,1190,0.00000,5.00000,0.00000,0.00000,5.00000,0.00000,0.00000,0.00000,0.00000,0.00000,5.00000,5.00000,0.90312,0.00000,1.90948,0.00000,1.90948,0.00000,-0.00000,1,
59.5760,1191,0.00000,5.00000,0.00000,0.00000,5.00000,0.00000,0.00000,0.00000,0.00000,0.00000,5.00000,5.00000,0.90312,0.00000,1.90948,0.00000,1.90948,0.00000,-0.00000,1,
59.6240,1192,0.00000,5.00000,0.00000,0.00000,5.00000,0.00000,0.00000,0.00000,0.00000,0.00000,5.00000,5.00000,0.90312,0.00000,1.90948,0.00000,1.90948,0.00000,-0.00000,1,
59.6760,1193,0.00000,5.00000,0.00000,0.00000,5.00000,0.00000,0.00000,0.00000,0.00000,0.00000,5.00000,5.00000,0.90312,0.00000,1.90948,0.00000,1.90948,0.00000,-0.00000,1,
59.7240,1194,0.00000,5.00000,0.00000,0.00000,5.00000,0.00000,0.00000,0.00000,0.00000,0.00000,5.00000,5.00000,0.90312,0.00000,1.90948,0.00000,1.90948,0.00000,-0.00000,1,
59.7760,1195,0.00000,5.00000,0.00000,0.00000,5.00000,0.00000,0.00000,0.00000,0.00000,0.00000,5.00000,5.00000,0.90312,0.00000,1.90948,0.00000,1.90948,0.00000,-0.00000,1,
59.8240,1196,0.00000,5.00000,0.00000,0.00000,5.00000,0.00000,0.00000,0.00000,0.00000,0.00000,5.00000,5.00000,0.90312,0.00000,1.90948,0.00000,1.90948,0.00000,-0.00000,1,
59.8760,1197,0.00000,5.00000,0.00000,0.00000,5.00000,0.00000,0.00000,0.00000,0.00000,0.00000,5.00000,5.00000,0.90312,0.00000,1.90948,0.00000,1.90948,0.00000,-0.00000,1,
59.9240,1198,0.00000,5.00000,0.00000,0.00000,5.00000,0.00000,0.00000,0.00000,0.00000,0.00000,5.00000,5.00000,0.90312,0.00000,1.90948,0.00000,1.90948,0.00000,-0.00000,1,
59.9760,1199,0.00000,5.00000,0.00000,0.00000,5.00000,0.00000,0.00000,0.00000,0.00000,0.00000,5.00000,5.00000,0.90312,0.00000,1.90948,0.00000,1.90948,0.00000,-0.00000,1,
60.0240,1200,0.00000,5.00000,0.00000,0.00000,5.00000,0.00000,0.00000,0.00000,0.00000,0.00000,5.00000,5.00000,0.90312,0.00000,1.90948,0.00000,1.90948,0.00000,-0.00000,1,
60.0760,1201,0.00000,5.00000,0.00000,0.00000,5.00000,0.00000,0.00000,0.00000,0.00000,0.00000,5.00000,5.00000,0.90312,0.00000,1.90948,0.00000,1.90948,0.00000,-0.00000,1,
60.1240,1202,0.00000,5.00000,0.00000,0.00000,5.00000,0.00000,0.00000,0.00000,0.00000,0.00000,5.00000,5.00000,0.90312,0.00000,1.90948,0.00000,1.90948,0.00000,-0.00000,1,
60.1760,1203,0.00000,5.00000,0.00000,0.00000,5.00000,0.00000,0.00000,0.00000,0.00000,0.00000,5.00000,5.00000,0.90312,0.00000,1.90948,0.00000,1.90948,0.00000,-0.00000,1,
60.2240,1204,0.00000,5.00000,0.00000,0.00000,5.00000,0.00000,0.00000,0.00000,0.00000,0.00000,5.00000,5.00000,0.90312,0.00000,1.90948,0.00000,1.90948,0.00000,-0.00000,1,
60.2760,1205,0.00000,5.00000,0.00000,0.00000,5.00000,0.00000,0.00000,0.00000,0.00000,0.00000,5.00000,5.00000,0.90312,0.00000,1.90948,0.00000,1.90948,0.00000,-0.00000,1,
60.3240,1206,0.00000,5.00000,0.00000,0.00000,5.00000,0.00000,0.00000,0.00000,0.00000,0.00000,5.00000,5.00000,0.90312,0.00000,1.90948,0.00000,1.90948,0.00000,-0.00000,1,
60.3760,1207,0.00000,5.00000,0.00000,0.00000,5.00000,0.00000,0.00000,0.00000,0.00000,0.00000,5.00000,5.00000,0.90312,0.00000,1.90948,0.00000,1.90948,0.00000,-0.00000,1,
60.4240,1208,0.00000,5.00000,0.00000,0.00000,5.00000,0.00000,0.00000,0.00000,0.00000,0.00000,5.00000,5.00000,0.90312,0.00000,1.90948,0.00000,1.90948,0.00000,-0.00000,1,
60.4760,1209,0.00000,5.00000,0.00000,0.00000,5.00000,0.00000,0.00000,0.00000,0.00000,0.00000,5.00000,5.00000,0.90312,0.00000,1.90948,0.00000,1.90948,0.00000,-0.00000,1,
60.5240,1210,0.00000,5.00000,0.00000,0.00000,5.00000,0.00000,0.00000,0.00000,0.00000,0.00000,5.00000,5.00000,0.90312,0.00000,1.90948,0.00000,1.90948,0.00000,-0.00000,1,
60.5760,1211,0.00000,5.00000,0.00000,0.00000,5.00000,0.00000,0.00000,0.00000,0.00000,0.00000,5.00000,5.00000,0.90312,0.00000,1.90948,0.00000,1.90948,0.00000,-0.00000,1,
60.6240,1212,0.00000,5.00000,0.00000,0.00000,5.00000,0.00000,0.00000,0.00000,0.00000,0.00000,5.00000,5.00000,0.90312,0.00000,1.90948,0.00000,1.90948,0.00000,-0.00000,1,
60.6760,1213,0.00000,5.00000,0.00000,0.00000,5.00000,0.00000,0.00000,0.00000,0.00000,0.00000,5.00000,5.00000,0.90312,0.00000,1.90948,0.00000,1.90948,0.00000,-0.00000,1,
60.7240,1214,0.00000,5.00000,0.00000,0.00000,5.00000,0.00000,0.00000,0.00000,0.00000,0.00000,5.00000,5.00000,0.90312,0.00000,1.90948,0.00000,1.90948,0.00000,-0.00000,1,
60.7760,1215,0.00000,5.00000,0.00000,0.00000,5.00000,0.00000,0.00000,0.00000,0.00000,0.00000,5.00000,5.00000,0.90312,0.00000,1.90948,0.00000,1.90948,0.00000,-0.00000,1,
60.8240,1216,0.00000,5.00000,0.00000,0.00000,5.00000,0.00000,0.00000,0.00000,0.00000,0.00000,5.00000,5.00000,0.90312,0.00000,1.90948,0.00000,1.90948,0.00000,-0.00000,1,
60.8760,1217,0.00000,5.00000,0.00000,0.00000,5.00000,0.00000,0.00000,0.00000,0.00000,0.00000,5.00000,5.00000,0.90312,0.00000,1.90948,0.00000,1.90948,0.00000,-0.00000,1,
60.9240,1218,0.00000,5.00000,0.00000,0.00000,5.00000,0.00000,0.00000,0.00000,0.00000,0.00000,5.00000,5.00000,0.90312,0.00000,1.90948,0.00000,1.90948,0.00000,-0.00000,1,
60.9760,1219,0.00000,5.00000,0.00000,0.00000,5.00000,0.00000,0.00000,0.00000,0.00000,0.00000,5.00000,5.00000,0.90312,0.00000,1.90948,0.00000,1.90948,0.00000,-0.00000,1,
61.0240,1220,0.00000,5.00000,0.00000,0.00000,5.00000,0.00000,0.00000,0.00000,0.00000,0.00000,5.00000,5.00000,0.90312,0.00000,1.90948,0.00000,1.90948,0.00000,-0.00000,1,
61.0760,1221,0.00000,5.00000,0.00000,0.00000,5.00000,0.00000,0.00000,0.00000,0.00000,0.00000,5.00000,5.00000,0.90312,0.00000,1.90948,0.00000,1.90948,0.00000,-0.00000,1,
61.1240,1222,0.00000,5.00000,0.00000,0.00000,5.00000,0.00000,0.00000,0.00000,0.00000,0.00000,5.00000,5.00000,0.90312,0.00000,1.90948,0.00000,1.90948,0.00000,-0.00000,1,
61.1760,1223,0.00000,5.00000,0.00000,0.00000,5.00000,0.00000,0.00000,0.00000,0.00000,0.00000,5.00000,5.00000,0.90312,0.00000,1.90948,0.00000,1.90948,0.00000,-0.00000,1,
61.2240,1224,0.00000,5.00000,0.00000,0.00000,5.00000,0.00000,0.00000,0.00000,0.00000,0.00000,5.00000,5.00000,0.90312,0.00000,1.90948,0.00000,1.90948,0.00000,-0.00000,1,
61.2760,1225,0.00000,5.00000,0.00000,0.00000,5.00000,0.00000,0.00000,0.00000,0.00000,0.00000,5.00000,5.00000,0.90312,0.00000,1.90948,0.00000,1.90948,0.00000,-0.00000,1,
61.3240,1226,0.00000,5.00000,0.00000,0.00000,5.00000,0.00000,0.00000,0.00000,0.00000,0.00000,5.00000,5.00000,0.90312,0.00000,1.90948,0.00000,1.90948,0.00000,-0.00000,1,
61.3760,1227,0.00000,5.00000,0.00000,0.00000,5.00000,0.00000,0.00000,0.00000,0.00000,0.00000,5.00000,5.00000,0.90312,0.00000,1.90948,0.00000,1.90948,0.00000,-0.00000,1,
61.4240,1228,0.00000,5.00000,0.00000,0.00000,5.00000,0.00000,0.00000,0.00000,0.00000,0.00000,5.00000,5.00000,0.90312,0.00000,1.90948,0.00000,1.90948,0.00000,-0.00000,1,
61.4760,1229,0.00000,5.00000,0.00000,0.00000,5.00000,0.00000,0.00000,0.00000,0.00000,0.00000,5.00000,5.00000,0.90312,0.00000,1.90948,0.00000,1.90948,0.00000,-0.00000,1,
61.5240,1230,0.00000,5.00000,0.00000,0.00000,5.00000,0.00000,0.00000,0.00000,0.00000,0.00000,5.00000,5.00000,0.90312,0.00000,1.90948,0.00000,1.90948,0.00000,-0.00000,1,
61.5760,1231,0.00000,5.00000,0.00000,0.00000,5.00000,0.00000,0.00000,0.00000,0.00000,0.00000,5.00000,5.00000,0.90312,0.00000,1.90948,0.00000,1.90948,0.00000,-0.00000,1,
61.6240,1232,0.00000,5.00000,0.00000,0.00000,5.00000,0.00000,0.00000,0.00000,0.00000,0.00000,5.00000,5.00000,0.90312,0.00000,1.90948,0.00000,1.90948,0.00000,-0.00000,1,
61.6760,1233,0.00000,5.00000,0.00000,0.00000,5.00000,0.00000,0.00000,0.00000,0.00000,0.00000,5.00000,5.00000,0.90312,0.00000,1.90948,0.00000,1.90948,0.00000,-0.00000,1,
61.7240,1234,0.00000,5.00000,0.00000,0.00000,5.00000,0.00000,0.00000,0.00000,0.00000,0.00000,5.00000,5.00000,0.90312,0.00000,1.90948,0.00000,1.90948,0.00000,-0.00000,1,
61.7760,1235,0.00000,5.00000,0.00000,0.00000,5.00000,0.00000,0.00000,0.00000,0.00000,0.00000,5.00000,5.00000,0.90312,0.00000,1.90948,0.00000,1.90948,0.00000,-0.00000,1,
61.8240,1236,0.00000,5.00000,0.00000,0.00000,5.00000,0.00000,0.00000,0.00000,0.00000,0.00000,5.00000,5.00000,0.90312,0.00000,1.90948,0.00000,1.90948,0.00000,-0.00000,1,
61.8760,1237,0.00000,5.00000,0.00000,0.00000,5.00000,0.00000,0.00000,0.00000,0.00000,0.00000,5.00000,5.00000,0.90312,0.00000,1.90948,0.00000,1.90948,0.00000,-0.00000,1,
61.9240,1238,0.00000,5.00000,0.00000,0.00000,5.00000,0.00000,0.00000,0.00000,0.00000,0.00000,5.00000,5.00000,0.90312,0.00000,1.90948,0.00000,1.90948,0.00000,-0.00000,1,
61.9760,1239,0.00000,5.00000,0.00000,0.00000,5.00000,0.00000,0.00000,0.00000,0.00000,0.00000,5.00000,5.00000,0.90312,0.00000,1.90948,0.00000,1.90948,0.00000,-0.00000,1,
62.0240,1240,0.00000,5.00000,0.00000,0.00000,5.00000,0.00000,0.00000,0.00000,0.00000,0.00000,5.00000,5.00000,0.90312,0.00000,1.90948,0.00000,1.90948,0.00000,-0.00000,1,
62.0760,1241,0.00000,5.00000,0.00000,0.00000,5.00000,0.00000,0.00000,0.00000,0.00000,0.00000,5.00000,5.00000,0.90312,0.00000,1.90948,0.00000,1.90948,0.00000,-0.00000,1,
62.1240,1242,0.00000,5.00000,0.00000,0.00000,5.00000,0.00000,0.00000,0.00000,0.00000,0.00000,5.00000,5.00000,0.90312,0.00000,1.90948,0.00000,1.90948,0.00000,-0.00000,1,
62.1760,1243,0.00000,5.00000,0.00000,0.00000,5.00000,0.00000,0.00000,0.00000,0.00000,0.00000,5.00000,5.00000,0.90312,0.00000,1.90948,0.00000,1.90948,0.00000,-0.00000,1,
62.2240,1244,0.00000,5.00000,0.00000,0.00000,5.00000,0.00000,0.00000,0.00000,0.00000,0.00000,5.00000,5.00000,0.90312,0.00000,1.90948,0.00000,1.90948,0.00000,-0.00000,1,
62.2760,1245,0.00000,5.00000,0.00000,0.00000,5.00000,0.00000,0.00000,0.00000,0.00000,0.00000,5.00000,5.00000,0.90312,0.00000,1.90948,0.00000,1.90948,0.00000,-0.00000,1,
62.3240,1246,0.00000,5.00000,0.00000,0.00000,5.00000,0.00000,0.00000,0.00000,0.00000,0.00000,5.00000,5.00000,0.90312,0.00000,1.90948,0.00000,1.90948,0.00000,-0.00000,1,
62.3760,1247,0.00000,5.00000,0.00000,0.00000,5.00000,0.00000,0.00000,0.00000,0.00000,0.00000,5.00000,5.00000,0.90312,0.00000,1.90948,0.00000,1.90948,0.00000,-0.00000,1,
62.4240,1248,0.00000,5.00000,0.00000,0.00000,5.00000,0.00000,0.00000,0.00000,0.00000,0.00000,5.00000,5.00000,0.90312,0.00000,1.90948,0.00000,1.90948,0.00000,-0.00000,1,
62.4760,1249,0.00000,5.00000,0.00000,0.00000,5.00000,0.00000,0.00000,0.00000,0.00000,0.00000,5.00000,5.00000,0.90312,0.00000,1.90948,0.00000,1.90948,0.00000,-0.00000,1,
62.5240,1250,0.00000,5.00000,0.00000,0.00000,5.00000,0.00000,0.00000,0.00000,0.00000,0.00000,5.00000,5.00000,0.90312,0.00000,1.90948,0.00000,1.90948,0.00000,-0.00000,1,
62.5760,1251,0.00000,5.00000,0.00000,0.00000,5.00000,0.00000,0.00000,0.00000,0.00000,0.00000,5.00000,5.00000,0.90312,0.00000,1.90948,0.00000,1.90948,0.00000,-0.00000,1,
62.6240,1252,0.00000,5.00000,0.00000,0.00000,5.00000,0.00000,0.00000,0.00000,0.00000,0.00000,5.00000,5.00000,0.90312,0.00000,1.90948,0.00000,1.90948,0.00000,-0.00000,1,
62.6760,1253,0.00000,5.00000,0.00000,0.00000,5.00000,0.00000,0.00000,0.00000,0.00000,0.00000,5.00000,5.00000,0.90312,0.00000,1.90948,0.00000,1.90948,0.00000,-0.00000,1,
62.7240,1254,0.00000,5.00000,0.00000,0.00000,5.00000,0.00000,0.00000,0.00000,0.00000,0.00000,5.00000,5.00000,0.90312,0.00000,1.90948,0.00000,1.90948,0.00000,-0.00000,1,
62.7760,1255,0.00000,5.00000,0.00000,0.00000,5.00000,0.00000,0.00000,0.00000,0.00000,0.00000,5.00000,5.00000,0.90312,0.00000,1.90948,0.00000,1.90948,0.00000,-0.00000,1,
62.8240,1256,0.00000,5.00000,0.00000,0.00000,5.00000,0.00000,0.00000,0.00000,0.00000,0.00000,5.00000,5.00000,0.90312,0.00000,1.90948,0.00000,1.90948,0.00000,-0.00000,1,
62.8760,1257,0.00000,5.00000,0.00000,0.00000,5.00000,0.00000,0.00000,0.00000,0.00000,0.00000,5.00000,5.00000,0.90312,0.00000,1.90948,0.00000,1.90948,0.00000,-0.00000,1,
62.9240,1258,0.00000,5.00000,0.00000,0.00000,5.00000,0.00000,0.00000,0.00000,0.00000,0.00000,5.00000,5.00000,0.90312,0.00000,1.90948,0.00000,1.90948,0.00000,-0.00000,1,
62.9760,1259,0.00000,5.00000,0.00000,0.00000,5.00000,0.00000,0.00000,0.00000,0.00000,0.00000,5.00000,5.00000,0.90312,0.00000,1.90948,0.00000,1.90948,0.00000,-0.00000,1,
63.0240,1260,0.00000,5.00000,0.00000,0.00000,5.00000,0.00000,0.00000,0.00000,0.00000,0.00000,5.00000,5.00000,0.90312,0.00000,1.90948,0.00000,1.90948,0.00000,-0.00000,1,
63.0760,1261,0.00000,5.00000,0.00000,0.00000,5.00000,0.00000,0.00000,0.00000,0.00000,0.00000,5.00000,5.00000,0.90312,0.00000,1.90948,0.00000,1.90948,0.00000,-0.00000,1,
63.1240,1262,0.00000,5.00000,0.00000,0.00000,5.00000,0.00000,0.00000,0.00000,0.00000,0.00000,5.00000,5.00000,0.90312,0.00000,1.90948,0.00000,1.90948,0.00000,-0.00000,1,
63.1760,1263,0.00000,5.00000,0.00000,0.00000,5.00000,0.00000,0.00000,0.00000,0.00000,0.00000,5.00000,5.00000,0.90312,0.00000,1.90948,0.00000,1.90948,0.00000,-0.00000,1,
63.2240,1264,0.00000,5.00000,0.00000,0.00000,5.00000,0.00000,0.00000,0.00000,0.00000,0.00000,5.00000,5.00000,0.90312,0.00000,1.90948,0.00000,1.90948,0.00000,-0.00000,1,
63.2760,1265,0.00000,5.00000,0.00000,0.00000,5.00000,0.00000,0.00000,0.00000,0.00000,0.00000,5.00000,5.00000,0.90312,0.00000,1.90948,0.00000,1.90948,0.00000,-0.00000,1,
63.3240,1266,0.00000,5.00000,0.00000,0.00000,5.00000,0.00000,0.00000,0.00000,0.00000,0.00000,5.00000,5.00000,0.90312,0.00000,1.90948,0.00000,1.90948,0.00000,-0.00000,1,
63.3760,1267,0.00000,5.00000,0.00000,0.00000,5.00000,0.00000,0.00000,0.00000,0.00000,0.00000,5.00000,5.00000,0.90312,0.00000,1.90948,0.00000,1.90948,0.00000,-0.00000,1,
63.4240,1268,0.00000,5.00000,0.00000,0.00000,5.00000,0.00000,0.00000,0.00000,0.00000,0.00000,5.00000,5.00000,0.90312,0.00000,1.90948,0.00000,1.90948,0.00000,-0.00000,1,
63.4760,1269,0.00000,5.00000,0.00000,0.00000,5.00000,0.00000,0.00000,0.00000,0.00000,0.00000,5.00000,5.00000,0.90312,0.00000,1.90948,0.00000,1.90948,0.00000,-0.00000,1,
63.5240,1270,0.00000,5.00000,0.00000,0.00000,5.00000,0.00000,0.00000,0.00000,0.00000,0.00000,5.00000,5.00000,0.90312,0.00000,1.90948,0.00000,1.90948,0.00000,-0.00000,1,
63.5760,1271,0.00000,5.00000,0.00000,0.00000,5.00000,0.00000,0.00000,0.00000,0.00000,0.00000,5.00000,5.00000,0.90312,0.00000,1.90948,0.00000,1.90948,0.00000,-0.00000,1,
63.6240,1272,0.00000,5.00000,0.00000,0.00000,5.00000,0.00000,0.00000,0.00000,0.00000,0.00000,5.00000,5.00000,0.90312,0.00000,1.90948,0.00000,1.90948,0.00000,-0.00000,1,
63.6760,1273,0.00000,5.00000,0.00000,0.00000,5.00000,0.00000,0.00000,0.00000,0.00000,0.00000,5.00000,5.00000,0.90312,0.00000,1.90948,0.00000,1.90948,0.00000,-0.00000,1,
63.7240,1274,0.00000,5.00000,0.00000,0.00000,5.00000,0.00000,0.00000,0.00000,0.00000,0.00000,5.00000,5.00000,0.90312,0.00000,1.90948,0.00000,1.90948,0.00000,-0.00000,1,
63.7760,1275,0.00000,5.00000,0.00000,0.00000,5.00000,0.00000,0.00000,0.00000,0.00000,0.00000,5.00000,5.00000,0.90312,0.00000,1.90948,0.00000,1.90948,0.00000,-0.00000,1,
63.8240,1276,0.00000,5.00000,0.00000,0.00000,5.00000,0.00000,0.00000,0.00000,0.00000,0.00000,5.00000,5.00000,0.90312,0.00000,1.90948,0.00000,1.90948,0.00000,-0.00000,1,
63.8760,1277,0.00000,5.00000,0.00000,0.00000,5.00000,0.00000,0.00000,0.00000,0.00000,0.00000,5.00000,5.00000,0.90312,0.00000,1.90948,0.00000,1.90948,0.00000,-0.00000,1,
63.9240,1278,0.00000,5.00000,0.00000,0.00000,5.00000,0.00000,0.00000,0.00000,0.00000,0.00000,5.00000,5.00000,0.90312,0.00000,1.90948,0.00000,1.90948,0.00000,-0.00000,1,
63.9760,1279,0.00000,5.00000,0.00000,0.00000,5.00000,0.00000,0.00000,0.00000,0.00000,0.00000,5.00000,5.00000,0.90312,0.00000,1.90948,0.00000,1.90948,0.00000,-0.00000,1,
64.0240,1280,0.00000,5.00000,0.00000,0.00000,5.00000,0.00000,0.00000,0.00000,0.00000,0.00000,5.00000,5.00000,0.90312,0.00000,1.90948,0.00000,1.90948,0.00000,-0.00000,1,
64.0760,1281,0.00000,5.00000,0.00000,0.00000,5.00000,0.00000,0.00000,0.00000,0.00000,0.00000,5.00000,5.00000,0.90312,0.00000,1.90948,0.00000,1.90948,0.00000,-0.00000,1,
64.1240,1282,0.00000,5.00000,0.00000,0.00000,5.00000,0.00000,0.00000,0.00000,0.00000,0.00000,5.00000,5.00000,0.90312,0.00000,1.90948,0.00000,1.90948,0.00000,-0.00000,1,
64.1760,1283,0.00000,5.00000,0.00000,0.00000,5.00000,0.00000,0.00000,0.00000,0.00000,0.00000,5.00000,5.00000,0.90312,0.00000,1.90948,0.00000,1.90948,0.00000,-0.00000,1,
64.2240,1284,0.00000,5.00000,0.00000,0.00000,5.00000,0.00000,0.00000,0.00000,0.00000,0.00000,5.00000,5.00000,0.90312,0.00000,1.90948,0.00000,1.90948,0.00000,-0.00000,1,
64.2760,1285,0.00000,5.00000,0.00000,0.00000,5.00000,0.00000,0.00000,0.00000,0.00000,0.00000,5.00000,5.00000,0.90312,0.00000,1.90948,0.00000,1.90948,0.00000,-0.00000,1,
64.3240,1286,0.00000,5.00000,0.00000,0.00000,5.00000,0.00000,0.00000,0.00000,0.00000,0.00000,5.00000,5.00000,0.90312,0.00000,1.90948,0.00000,1.90948,0.00000,-0.00000,1,
64.3760,1287,0.00000,5.00000,0.00000,0.00000,5.00000,0.00000,0.00000,0.00000,0.00000,0.00000,5.00000,5.00000,0.90312,0.00000,1.90948,0.00000,1.90948,0.00000,-0.00000,1,
64.4240,1288,0.00000,5.00000,0.00000,0.00000,5.00000,0.00000,0.00000,0.00000,0.00000,0.00000,5.00000,5.00000,0.90312,0.00000,1.90948,0.00000,1.90948,0.00000,-0.00000,1,
64.4760,1289,0.00000,5.00000,0.00000,0.00000,5.00000,0.00000,0.00000,0.00000,0.00000,0.00000,5.00000,5.00000,0.90312,0.00000,1.90948,0.00000,1.90948,0.00000,-0.00000,1,
64.5240,1290,0.00000,5.00000,0.00000,0.00000,5.00000,0.00000,0.00000,0.00000,0.00000,0.00000,5.00000,5.00000,0.90312,0.00000,1.90948,0.00000,1.90948,0.00000,-0.00000,1,
64.5760,1291,0.00000,5.00000,0.00000,0.00000,5.00000,0.00000,0.00000,0.00000,0.00000,0.00000,5.00000,5.00000,0.90312,0.00000,1.90948,0.00000,1.90948,0.00000,-0.00000,1,
64.6240,1292,0.00000,5.00000,0.00000,0.00000,5.00000,0.00000,0.00000,0.00000,0.00000,0.00000,5.00000,5.00000,0.90312,0.00000,1.90948,0.00000,1.90948,0.00000,-0.00000,1,
64.6760,1293,0.00000,5.00000,0.00000,0.00000,5.00000,0.00000,0.00000,0.00000,0.00000,0.00000,5.00000,5.00000,0.90312,0.00000,1.90948,0.00000,1.90948,0.00000,-0.00000,1,
64.7240,1294,0.00000,5.00000,0.00000,0.00000,5.00000,0.00000,0.00000,0.00000,0.00000,0.00000,5.00000,5.00000,0.90312,0.00000,1.90948,0.00000,1.90948,0.00000,-0.00000,1,
64.7760,1295,0.00000,5.00000,0.00000,0.00000,5.00000,0.00000,0.00000,0.00000,0.00000,0.00000,5.00000,5.00000,0.90312,0.00000,1.90948,0.00000,1.90948,0.00000,-0.00000,1,
64.8240,1296,0.00000,5.00000,0.00000,0.00000,5.00000,0.00000,0.00000,0.00000,0.00000,0.00000,5.00000,5.00000,0.90312,0.00000,1.90948,0.00000,1.90948,0.00000,-0.00000,1,
64.8760,1297,0.00000,5.00000,0.00000,0.00000,5.00000,0.00000,0.00000,0.00000,0.00000,0.00000,5.00000,5.00000,0.90312,0.00000,1.90948,0.00000,1.90948,0.00000,-0.00000,1,
64.9240,1298,0.00000,5.00000,0.00000,0.00000,5.00000,0.00000,0.00000,0.00000,0.00000,0.00000,5.00000,5.00000,0.90312,0.00000,1.90948,0.00000,1.90948,0.00000,-0.00000,1,
64.9760,1299,0.00000,5.00000,0.00000,0.00000,5.00000,0.00000,0.00000,0.00000,0.00000,0.00000,5.00000,5.00000,0.90312,0.00000,1.90948,0.00000,1.90948,0.00000,-0.00000,1,
65.0240,1300,0.00000,5.00000,0.00000,0.00000,5.00000,0.00000,0.00000,0.00000,0.00000,0.00000,5.00000,5.00000,0.90312,0.00000,1.90948,0.00000,1.90948,0.00000,-0.00000,1,
65.0760,1301,0.00000,5.00000,0.00000,0.00000,5.00000,0.00000,0.00000,0.00000,0.00000,0.00000,5.00000,5.00000,0.90312,0.00000,1.90948,0.00000,1.90948,0.00000,-0.00000,1,
65.1240,1302,0.00000,5.00000,0.00000,0.00000,5.00000,0.00000,0.00000,0.00000,0.00000,0.00000,5.00000,5.00000,0.90312,0.00000,1.90948,0.00000,1.90948,0.00000,-0.00000,1,
65.1760,1303,0.00000,5.00000,0.00000,0.00000,5.00000,0.00000,0.00000,0.00000,0.00000,0.00000,5.00000,5.00000,0.90312,0.00000,1.90948,0.00000,1.90948,0.00000,-0.00000,1,
65.2240,1304,0.00000,5.00000,0.00000,0.00000,5.00000,0.00000,0.00000,0.00000,0.00000,0.00000,5.00000,5.00000,0.90312,0.00000,1.90948,0.00000,1.90948,0.00000,-0.00000,1,
65.2760,1305,0.00000,5.00000,0.00000,0.00000,5.00000,0.00000,0.00000,0.00000,0.00000,0.00000,5.00000,5.00000,0.90312,0.00000,1.90948,0.00000,1.90948,0.00000,-0.00000,1,
65.3240,1306,0.00000,5.00000,0.00000,0.00000,5.00000,0.00000,0.00000,0.00000,0.00000,0.00000,5.00000,5.00000,0.90312,0.00000,1.90948,0.00000,1.90948,0.00000,-0.00000,1,
65.3760,1307,0.00000,5.00000,0.00000,0.00000,5.00000,0.00000,0.00000,0.00000,0.00000,0.00000,5.00000,5.00000,0.90312,0.00000,1.90948,0.00000,1.90948,0.00000,-0.00000,1,
65.4240,1308,0.00000,5.00000,0.00000,0.00000,5.00000,0.00000,0.00000,0.00000,0.00000,0.00000,5.00000,5.00000,0.90312,0.00000,1.90948,0.00000,1.90948,0.00000,-0.00000,1,
65.4760,1309,0.00000,5.00000,0.00000,0.00000,5.00000,0.00000,0.00000,0.00000,0.00000,0.00000,5.00000,5.00000,0.90312,0.00000,1.90948,0.00000,1.90948,0.00000,-0.00000,1,
65.5240,1310,0.00000,5.00000,0.00000,0.00000,5.00000,0.00000,0.00000,0.00000,0.00000,0.00000,5.00000,5.00000,0.90312,0.00000,1.90948,0.00000,1.90948,0.00000,-0.00000,1,
65.5760,1311,0.00000,5.00000,0.00000,0.00000,5.00000,0.00000,0.00000,0.00000,0.00000,0.00000,5.00000,5.00000,0.90312,0.00000,1.90948,0.00000,1.90948,0.00000,-0.00000,1,
65.6240,1312,0.00000,5.00000,0.00000,0.00000,5.00000,0.00000,0.00000,0.00000,0.00000,0.00000,5.00000,5.00000,0.90312,0.00000,1.90948,0.00000,1.90948,0.00000,-0.00000,1,
65.6760,1313,0.00000,5.00000,0.00000,0.00000,5.00000,0.00000,0.00000,0.00000,0.00000,0.00000,5.00000,5.00000,0.90312,0.00000,1.90948,0.00000,1.90948,0.00000,-0.00000,1,
65.7240,1314,0.00000,5.00000,0.00000,0.00000,5.00000,0.00000,0.00000,0.00000,0.00000,0.00000,5.00000,5.00000,0.90312,0.00000,1.90948,0.00000,1.90948,0.00000,-0.00000,1,
65.7760,1315,0.00000,5.00000,0.00000,0.00000,5.00000,0.00000,0.00000,0.00000,0.00000,0.00000,5.00000,5.00000,0.90312,0.00000,1.90948,0.00000,1.90948,0.00000,-0.00000,1,
65.8240,1316,0.00000,5.00000,0.00000,0.00000,5.00000,0.00000,0.00000,0.00000,0.00000,0.00000,5.00000,5.00000,0.90312,0.00000,1.90948,0.00000,1.90948,0.00000,-0.00000,1,
65.8760,1317,0.00000,5.00000,0.00000,0.00000,5.00000,0.00000,0.00000,0.00000,0.00000,0.00000,5.00000,5.00000,0.90312,0.00000,1.90948,0.00000,1.90948,0.00000,-0.00000,1,
65.9240,1318,0.00000,5.00000,0.00000,0.00000,5.00000,0.00000,0.00000,0.00000,0.00000,0.00000,5.00000,5.00000,0.90312,0.00000,1.90948,0.00000,1.90948,0.00000,-0.00000,1,
65.9760,1319,0.00000,5.00000,0.00000,0.00000,5.00000,0.00000,0.00000,0.00000,0.00000,0.00000,5.00000,5.00000,0.90312,0.00000,1.90948,0.00000,1.90948,0.00000,-0.00000,1,
66.0240,1320,0.00000,5.00000,0.00000,0.00000,5.00000,0.00000,0.00000,0.00000,0.00000,0.00000,5.00000,5.00000,0.90312,0.00000,1.90948,0.00000,1.90948,0.00000,-0.00000,1,
66.0760,1321,0.00000,5.00000,0.00000,0.00000,5.00000,0.00000,0.00000,0.00000,0.00000,0.00000,5.00000,5.00000,0.90312,0.00000,1.90948,0.00000,1.90948,0.00000,-0.00000,1,
66.1240,1322,0.00000,5.00000,0.00000,0.00000,5.00000,0.00000,0.00000,0.00000,0.00000,0.00000,5.00000,5.00000,0.90312,0.00000,1.90948,0.00000,1.90948,0.00000,-0.00000,1,
66.1760,1323,0.00000,5.00000,0.00000,0.00000,5.00000,0.00000,0.00000,0.00000,0.00000,0.00000,5.00000,5.00000,0.90312,0.00000,1.90948,0.00000,1.90948,0.00000,-0.00000,1,
66.2240,1324,0.00000,5.00000,0.00000,0.00000,5.00000,0.00000,0.00000,0.00000,0.00000,0.00000,5.00000,5.00000,0.90312,0.00000,1.90948,0.00000,1.90948,0.00000,-0.00000,1,
66.2760,1325,0.00000,5.00000,0.00000,0.00000,5.00000,0.00000,0.00000,0.00000,0.00000,0.00000,5.00000,5.00000,0.90312,0.00000,1.90948,0.00000,1.90948,0.00000,-0.00000,1,
66.3240,1326,0.00000,5.00000,0.00000,0.00000,5.00000,0.00000,0.00000,0.00000,0.00000,0.00000,5.00000,5.00000,0.90312,0.00000,1.90948,0.00000,1.90948,0.00000,-0.00000,1,
66.3760,1327,0.00000,5.00000,0.00000,0.00000,5.00000,0.00000,0.00000,0.00000,0.00000,0.00000,5.00000,5.00000,0.90312,0.00000,1.90948,0.00000,1.90948,0.00000,-0.00000,1,
66.4240,1328,0.00000,5.00000,0.00000,0.00000,5.00000,0.00000,0.00000,0.00000,0.00000,0.00000,5.00000,5.00000,0.90312,0.00000,1.90948,0.00000,1.90948,0.00000,-0.00000,1,
66.4760,1329,0.00000,5.00000,0.00000,0.00000,5.00000,0.00000,0.00000,0.00000,0.00000,0.00000,5.00000,5.00000,0.90312,0.00000,1.90948,0.00000,1.90948,0.00000,-0.00000,1,
66.5240,1330,0.00000,5.00000,0.00000,0.00000,5.00000,0.00000,0.00000,0.00000,0.00000,0.00000,5.00000,5.00000,0.90312,0.00000,1.90948,0.00000,1.90948,0.00000,-0.00000,1,
66.5760,1331,0.00000,5.00000,0.00000,0.00000,5.00000,0.00000,0.00000,0.00000,0.00000,0.00000,5.00000,5.00000,0.90312,0.00000,1.90948,0.00000,1.90948,0.00000,-0.00000,1,
66.6240,1332,0.00000,5.00000,0.00000,0.00000,5.00000,0.00000,0.00000,0.00000,0.00000,0.00000,5.00000,5.00000,0.90312,0.00000,1.90948,0.00000,1.90948,0.00000,-0.00000,1,
66.6760,1333,0.00000,5.00000,0.00000,0.00000,5.00000,0.00000,0.00000,0.00000,0.00000,0.00000,5.00000,5.00000,0.90312,0.00000,1.90948,0.00000,1.90948,0.00000,-0.00000,1,
66.7240,1334,0.00000,5.00000,0.00000,0.00000,5.00000,0.00000,0.00000,0.00000,0.00000,0.00000,5.00000,5.00000,0.90312,0.00000,1.90948,0.00000,1.90948,0.00000,-0.00000,1,
66.7760,1335,0.00000,5.00000,0.00000,0.00000,5.00000,0.00000,0.00000,0.00000,0.00000,0.00000,5.00000,5.00000,0.90312,0.00000,1.90948,0.00000,1.90948,0.00000,-0.00000,1,
66.8240,1336,0.00000,5.00000,0.00000,0.00000,5.00000,0.00000,0.00000,0.00000,0.00000,0.00000,5.00000,5.00000,0.90312,0.00000,1.90948,0.00000,1.90948,0.00000,-0.00000,1,
66.8760,1337,0.00000,5.00000,0.00000,0.00000,5.00000,0.00000,0.00000,0.00000,0.00000,0.00000,5.00000,5.00000,0.90312,0.00000,1.90948,0.00000,1.90948,0.00000,-0.00000,1,
66.9240,1338,0.00000,5.00000,0.00000,0.00000,5.00000,0.00000,0.00000,0.00000,0.00000,0.00000,5.00000,5.00000,0.90312,0.00000,1.90948,0.00000,1.90948,0.00000,-0.00000,1,
66.9760,1339,0.00000,5.00000,0.00000,0.00000,5.00000,0.00000,0.00000,0.00000,0.00000,0.00000,5.00000,5.00000,0.90312,0.00000,1.90948,0.00000,1.90948,0.00000,-0.00000,1,
67.0240,1340,0.00000,5.00000,0.00000,0.00000,5.00000,0.00000,0.00000,0.00000,0.00000,0.00000,5.00000,5.00000,0.90312,0.00000,1.90948,0.00000,1.90948,0.00000,-0.00000,1,
67.0760,1341,0.00000,5.00000,0.00000,0.00000,5.00000,0.00000,0.00000,0.00000,0.00000,0.00000,5.00000,5.00000,0.90312,0.00000,1.90948,0.00000,1.90948,0.00000,-0.00000,1,
67.1240,1342,0.00000,5.00000,0.00000,0.00000,5.00000,0.00000,0.00000,0.00000,0.00000,0.00000,5.00000,5.00000,0.90312,0.00000,1.90948,0.00000,1.90948,0.00000,-0.00000,1,
67.1760,1343,0.00000,5.00000,0.00000,0.00000,5.00000,0.00000,0.00000,0.00000,0.00000,0.00000,5.00000,5.00000,0.90312,0.00000,1.90948,0.00000,1.90948,0.00000,-0.00000,1,
67.2240,1344,0.00000,5.00000,0.00000,0.00000,5.00000,0.00000,0.00000,0.00000,0.00000,0.00000,5.00000,5.00000,0.90312,0.00000,1.90948,0.00000,1.90948,0.00000,-0.00000,1,
67.2760,1345,0.00000,5.00000,0.00000,0.00000,5.00000,0.00000,0.00000,0.00000,0.00000,0.00000,5.00000,5.00000,0.90312,0.00000,1.90948,0.00000,1.90948,0.00000,-0.00000,1,
67.3240,1346,0.00000,5.00000,0.00000,0.00000,5.00000,0.00000,0.00000,0.00000,0.00000,0.00000,5.00000,5.00000,0.90312,0.00000,1.90948,0.00000,1.90948,0.00000,-0.00000,1,
67.3760,1347,0.00000,5.00000,0.00000,0.00000,5.00000,0.00000,0.00000,0.00000,0.00000,0.00000,5.00000,5.00000,0.90312,0.00000,1.90948,0.00000,1.90948,0.00000,-0.00000,1,
67.4240,1348,0.00000,5.00000,0.00000,0.00000,5.00000,0.00000,0.00000,0.00000,0.00000,0.00000,5.00000,5.00000,0.90312,0.00000,1.90948,0.00000,1.90948,0.00000,-0.00000,1,
67.4760,1349,0.00000,5.00000,0.00000,0.00000,5.00000,0.00000,0.00000,0.00000,0.00000,0.00000,5.00000,5.00000,0.90312,0.00000,1.90948,0.00000,1.90948,0.00000,-0.00000,1,
67.5240,1350,0.00000,5.00000,0.00000,0.00000,5.00000,0.00000,0.00000,0.00000,0.00000,0.00000,5.00000,5.00000,0.90312,0.00000,1.90948,0.00000,1.90948,0.00000,-0.00000,1,
67.5760,1351,0.00000,5.00000,0.00000,0.00000,5.00000,0.00000,0.00000,0.00000,0.00000,0.00000,5.00000,5.00000,0.90312,0.00000,1.90948,0.00000,1.90948,0.00000,-0.00000,1,
67.6240,1352,0.00000,5.00000,0.00000,0.00000,5.00000,0.00000,0.00000,0.00000,0.00000,0.00000,5.00000,5.00000,0.90312,0.00000,1.90948,0.00000,1.90948,0.00000,-0.00000,1,
67.6760,1353,0.00000,5.00000,0.00000,0.00000,5.00000,0.00000,0.00000,0.00000,0.00000,0.00000,5.00000,5.00000,0.90312,0.00000,1.90948,0.00000,1.90948,0.00000,-0.00000,1,
67.7240,1354,0.00000,5.00000,0.00000,0.00000,5.00000,0.00000,0.00000,0.00000,0.00000,0.00000,5.00000,5.00000,0.90312,0.00000,1.90948,0.00000,1.90948,0.00000,-0.00000,1,
67.7760,1355,0.00000,5.00000,0.00000,0.00000,5.00000,0.00000,0.00000,0.00000,0.00000,0.00000,5.00000,5.00000,0.90312,0.00000,1.90948,0.00000,1.90948,0.00000,-0.00000,1,
67.8240,1356,0.00000,5.00000,0.00000,0.00000,5.00000,0.00000,0.00000,0.00000,0.00000,0.00000,5.00000,5.00000,0.90312,0.00000,1.90948,0.00000,1.90948,0.00000,-0.00000,1,
67.8760,1357,0.00000,5.00000,0.00000,0.00000,5.00000,0.00000,0.00000,0.00000,0.00000,0.00000,5.00000,5.00000,0.90312,0.00000,1.90948,0.00000,1.90948,0.00000,-0.00000,1,
67.9240,1358,0.00000,5.00000,0.00000,0.00000,5.00000,0.00000,0.00000,0.00000,0.00000,0.00000,5.00000,5.00000,0.90312,0.00000,1.90948,0.00000,1.90948,0.00000,-0.00000,1,
67.9760,1359,0.00000,5.00000,0.00000,0.00000,5.00000,0.00000,0.00000,0.00000,0.00000,0.00000,5.00000,5.00000,0.90312,0.00000,1.90948,0.00000,1.90948,0.00000,-0.00000,1,
68.0240,1360,0.00000,5.00000,0.00000,0.00000,5.00000,0.00000,0.00000,0.00000,0.00000,0.00000,5.00000,5.00000,0.90312,0.00000,1.90948,0.00000,1.90948,0.00000,-0.00000,1,
68.0760,1361,0.00000,5.00000,0.00000,0.00000,5.00000,0.00000,0.00000,0.00000,0.00000,0.00000,5.00000,5.00000,0.90312,0.00000,1.90948,0.00000,1.90948,0.00000,-0.00000,1,
68.1240,1362,0.00000,5.00000,0.00000,0.00000,5.00000,0.00000,0.00000,0.00000,0.00000,0.00000,5.00000,5.00000,0.90312,0.00000,1.90948,0.00000,1.90948,0.00000,-0.00000,1,
68.1760,1363,0.00000,5.00000,0.00000,0.00000,5.00000,0.00000,0.00000,0.00000,0.00000,0.00000,5.00000,5.00000,0.90312,0.00000,1.90948,0.00000,1.90948,0.00000,-0.00000,1,
68.2240,1364,0.00000,5.00000,0.00000,0.00000,5.00000,0.00000,0.00000,0.00000,0.00000,0.00000,5.00000,5.00000,0.90312,0.00000,1.90948,0.00000,1.90948,0.00000,-0.00000,1,
68.2760,1365,0.00000,5.00000,0.00000,0.00000,5.00000,0.00000,0.00000,0.00000,0.00000,0.00000,5.00000,5.00000,0.90312,0.00000,1.90948,0.00000,1.90948,0.00000,-0.00000,1,
68.3240,1366,0.00000,5.00000,0.00000,0.00000,5.00000,0.00000,0.00000,0.00000,0.00000,0.00000,5.00000,5.00000,0.90312,0.00000,1.90948,0.00000,1.90948,0.00000,-0.00000,1,
68.3760,1367,0.00000,5.00000,0.00000,0.00000,5.00000,0.00000,0.00000,0.00000,0.00000,0.00000,5.00000,5.00000,0.90312,0.00000,1.90948,0.00000,1.90948,0.00000,-0.00000,1,
68.4240,1368,0.00000,5.00000,0.00000,0.00000,5.00000,0.00000,0.00000,0.00000,0.00000,0.00000,5.00000,5.00000,0.90312,0.00000,1.90948,0.00000,1.90948,0.00000,-0.00000,1,
68.4760,1369,0.00000,5.00000,0.00000,0.00000,5.00000,0.00000,0.00000,0.00000,0.00000,0.00000,5.00000,5.00000,0.90312,0.00000,1.90948,0.00000,1.90948,0.00000,-0.00000,1,
68.5240,1370,0.00000,5.00000,0.00000,0.00000,5.00000,0.00000,0.00000,0.00000,0.00000,0.00000,5.00000,5.00000,0.90312,0.00000,1.90948,0.00000,1.90948,0.00000,-0.00000,1,
68.5760,1371,0.00000,5.00000,0.00000,0.00000,5.00000,0.00000,0.00000,0.00000,0.00000,0.00000,5.00000,5.00000,0.90312,0.00000,1.90948,0.00000,1.90948,0.00000,-0.00000,1,
68.6240,1372,0.00000,5.00000,0.00000,0.00000,5.00000,0.00000,0.00000,0.00000,0.00000,0.00000,5.00000,5.00000,0.90312,0.00000,1.90948,0.00000,1.90948,0.00000,-0.00000,1,
68.6760,1373,0.00000,5.00000,0.00000,0.00000,5.00000,0.00000,0.00000,0.00000,0.00000,0.00000,5.00000,5.00000,0.90312,0.00000,1.90948,0.00000,1.90948,0.00000,-0.00000,1,
68.7240,1374,0.00000,5.00000,0.00000,0.00000,5.00000,0.00000,0.00000,0.00000,0.00000,0.00000,5.00000,5.00000,0.90312,0.00000,1.90948,0.00000,1.90948,0.00000,-0.00000,1,
68.7760,1375,0.00000,5.00000,0.00000,0.00000,5.00000,0.00000,0.00000,0.00000,0.00000,0.00000,5.00000,5.00000,0.90312,0.00000,1.90948,0.00000,1.90948,0.00000,-0.00000,1,
68.8240,1376,0.00000,5.00000,0.00000,0.00000,5.00000,0.00000,0.00000,0.00000,0.00000,0.00000,5.00000,5.00000,0.90312,0.00000,1.90948,0.00000,1.90948,0.00000,-0.00000,1,
68.8760,1377,0.00000,5.00000,0.00000,0.00000,5.00000,0.00000,0.00000,0.00000,0.00000,0.00000,5.00000,5.00000,0.90312,0.00000,1.90948,0.00000,1.90948,0.00000,-0.00000,1,
68.9240,1378,0.00000,5.00000,0.00000,0.00000,5.00000,0.00000,0.00000,0.00000,0.00000,0.00000,5.00000,5.00000,0.90312,0.00000,1.90948,0.00000,1.90948,0.00000,-0.00000,1,
68.9760,1379,0.00000,5.00000,0.00000,0.00000,5.00000,0.00000,0.00000,0.00000,0.00000,0.00000,5.00000,5.00000,0.90312,0.00000,1.90948,0.00000,1.90948,0.00000,-0.00000,1,
69.0240,1380,0.00000,5.00000,0.00000,0.00000,5.00000,0.00000,0.00000,0.00000,0.00000,0.00000,5.00000,5.00000,0.90312,0.00000,1.90948,0.00000,1.90948,0.00000,-0.00000,1,
69.0760,1381,0.00000,5.00000,0.00000,0.00000,5.00000,0.00000,0.00000,0.00000,0.00000,0.00000,5.00000,5.00000,0.90312,0.00000,1.90948,0.00000,1.90948,0.00000,-0.00000,1,
69.1240,1382,0.00000,5.00000,0.00000,0.00000,5.00000,0.00000,0.00000,0.00000,0.00000,0.00000,5.00000,5.00000,0.90312,0.00000,1.90948,0.00000,1.90948,0.00000,-0.00000,1,
69.1760,1383,0.00000,5.00000,0.00000,0.00000,5.00000,0.00000,0.00000,0.00000,0.00000,0.00000,5.00000,5.00000,0.90312,0.00000,1.90948,0.00000,1.90948,0.00000,-0.00000,1,
69.2240,1384,0.00000,5.00000,0.00000,0.00000,5.00000,0.00000,0.00000,0.00000,0.00000,0.00000,5.00000,5.00000,0.90312,0.00000,1.90948,0.00000,1.90948,0.00000,-0.00000,1,
69.2760,1385,0.00000,5.00000,0.00000,0.00000,5.00000,0.00000,0.00000,0.00000,0.00000,0.00000,5.00000,5.00000,0.90312,0.00000,1.90948,0.00000,1.90948,0.00000,-0.00000,1,
69.3240,1386,0.00000,5.00000,0.00000,0.00000,5.00000,0.00000,0.00000,0.00000,0.00000,0.00000,5.00000,5.00000,0.90312,0.00000,1.90948,0.00000,1.90948,0.00000,-0.00000,1,
69.3760,1387,0.00000,5.00000,0.00000,0.00000,5.00000,0.00000,0.00000,0.00000,0.00000,0.00000,5.00000,5.00000,0.90312,0.00000,1.90948,0.00000,1.90948,0.00000,-0.00000,1,
69.4240,1388,0.00000,5.00000,0.00000,0.00000,5.00000,0.00000,0.00000,0.00000,0.00000,0.00000,5.00000,5.00000,0.90312,0.00000,1.90948,0.00000,1.90948,0.00000,-0.00000,1,
69.4760,1389,0.00000,5.00000,0.00000,0.00000,5.00000,0.00000,0.00000,0.00000,0.00000,0.00000,5.00000,5.00000,0.90312,0.00000,1.90948,0.00000,1.90948,0.00000,-0.00000,1,
69.5240,1390,0.00000,5.00000,0.00000,0.00000,5.00000,0.00000,0.00000,0.00000,0.00000,0.00000,5.00000,5.00000,0.90312,0.00000,1.90948,0.00000,1.90948,0.00000,-0.00000,1,
69.5760,1391,0.00000,5.00000,0.00000,0.00000,5.00000,0.00000,0.00000,0.00000,0.00000,0.00000,5.00000,5.00000,0.90312,0.00000,1.90948,0.00000,1.90948,0.00000,-0.00000,1,
69.6240,1392,0.00000,5.00000,0.00000,0.00000,5.00000,0.00000,0.00000,0.00000,0.00000,0.00000,5.00000,5.00000,0.90312,0.00000,1.90948,0.00000,1.90948,0.00000,-0.00000,1,
69.6760,1393,0.00000,5.00000,0.00000,0.00000,5.00000,0.00000,0.00000,0.00000,0.00000,0.00000,5.00000,5.00000,0.90312,0.00000,1.90948,0.00000,1.90948,0.00000,-0.00000,1,
69.7240,1394,0.00000,5.00000,0.00000,0.00000,5.00000,0.00000,0.00000,0.00000,0.00000,0.00000,5.00000,5.00000,0.90312,0.00000,1.90948,0.00000,1.90948,0.00000,-0.00000,1,
69.7760,1395,0.00000,5.00000,0.00000,0.00000,5.00000,0.00000,0.00000,0.00000,0.00000,0.00000,5.00000,5.00000,0.90312,0.00000,1.90948,0.00000,1.90948,0.00000,-0.00000,1,
69.8240,1396,0.00000,5.00000,0.00000,0.00000,5.00000,0.00000,0.00000,0.00000,0.00000,0.00000,5.00000,5.00000,0.90312,0.00000,1.90948,0.00000,1.90948,0.00000,-0.00000,1,
69.8760,1397,0.00000,5.00000,0.00000,0.00000,5.00000,0.00000,0.00000,0.00000,0.00000,0.00000,5.00000,5.00000,0.90312,0.00000,1.90948,0.00000,1.90948,0.00000,-0.00000,1,
69.9240,1398,0.00000,5.00000,0.00000,0.00000,5.00000,0.00000,0.00000,0.00000,0.00000,0.00000,5.00000,5.00000,0.90312,0.00000,1.90948,0.00000,1.90948,0.00000,-0.00000,1,
69.9760,1399,0.00000,5.00000,0.00000,0.00000,5.00000,0.00000,0.00000,0.00000,0.00000,0.00000,5.00000,5.00000,0.90312,0.00000,1.90948,0.00000,1.90948,0.00000,-0.00000,1,
70.0240,1400,0.00000,5.00000,0.00000,0.00000,5.00000,0.00000,0.00000,0.00000,0.00000,0.00000,5.00000,5.00000,0.90312,0.00000,1.90948,0.00000,1.90948,0.00000,-0.00000,1,
70.0760,1401,0.00000,5.00000,0.00000,0.00000,5.00000,0.00000,0.00000,0.00000,0.00000,0.00000,5.00000,5.00000,0.90312,0.00000,1.90948,0.00000,1.90948,0.00000,-0.00000,1,
70.1240,1402,0.00000,5.00000,0.00000,0.00000,5.00000,0.00000,0.00000,0.00000,0.00000,0.00000,5.00000,5.00000,0.90312,0.00000,1.90948,0.00000,1.90948,0.00000,-0.00000,1,
70.1760,1403,0.00000,5.00000,0.00000,0.00000,5.00000,0.00000,0.00000,0.00000,0.00000,0.00000,5.00000,5.00000,0.90312,0.00000,1.90948,0.00000,1.90948,0.00000,-0.00000,1,
70.2240,1404,0.00000,5.00000,0.00000,0.00000,5.00000,0.00000,0.00000,0.00000,0.00000,0.00000,5.00000,5.00000,0.90312,0.00000,1.90948,0.00000,1.90948,0.00000,-0.00000,1,
70.2760,1405,0.00000,5.00000,0.00000,0.00000,5.00000,0.00000,0.00000,0.00000,0.00000,0.00000,5.00000,5.00000,0.90312,0.00000,1.90948,0.00000,1.90948,0.00000,-0.00000,1,
70.3240,1406,0.00000,5.00000,0.00000,0.00000,5.00000,0.00000,0.00000,0.00000,0.00000,0.00000,5.00000,5.00000,0.90312,0.00000,1.90948,0.00000,1.90948,0.00000,-0.00000,1,
70.3760,1407,0.00000,5.00000,0.00000,0.00000,5.00000,0.00000,0.00000,0.00000,0.00000,0.00000,5.00000,5.00000,0.90312,0.00000,1.90948,0.00000,1.90948,0.00000,-0.00000,1,
