frame_idx,sensor_timestamp_ns,monotonic_ns_capture,boottime_ns_capture,monotonic_ns_after_detect,boottime_ns_after_detect,exposure_us_applied,n_tag_detections
0,60083812927000,60083823986118,60083823988284,60083830598833,60083830603148,994,0
1,60083821637000,60083832769306,60083832771603,60083835781961,60083835783832,994,0
2,60083830348000,60083840816127,60083840816979,60083844349780,60083844351058,994,0
3,60083839058000,60083849371057,60083849371872,60083853030655,60083853031766,994,0
4,60083847769000,60083858556430,60083858557300,60083861745177,60083861746232,994,0
5,60083856481000,60083866924009,60083866924731,60083869892812,60083869894053,994,0
6,60083865190000,60083875880826,60083875881567,60083878841574,60083878842704,994,0
7,60083873902000,60083884227591,60083884228165,60083887221857,60083887222653,994,0
8,60083882611000,60083894605310,60083894606014,60083897585262,60083897586280,994,0
9,60083891322000,60083901999060,60083901999745,60083905045715,60083905046640,994,0
10,60083900036000,60083910669989,60083910670749,60083913620274,60083913621311,994,0
11,60083908743000,60083919429289,60083919430067,60083922481722,60083922482833,994,0
12,60083917454000,60083927837998,60083927838720,60083930786931,60083930787894,994,0
13,60083926164000,60083936478002,60083936479057,60083939425416,60083939426194,994,0
14,60083934874000,60083946908202,60083946908925,60083949960098,60083949961061,994,0
15,60083943585000,60083954192934,60083954193693,60083957166570,60083957167626,994,0
16,60083952296000,60083962641883,60083962642623,60083965659390,60083965660205,994,0
17,60083961005000,60083971366812,60083971367423,60083974285875,60083974286727,994,0
18,60083969716000,60083980117482,60083980118001,60083983137619,60083983138693,994,0
19,60083978427000,60083989052022,60083989052707,60083992122770,60083992123770,994,0
20,60083987140000,60083999138076,60083999138817,60084002152083,60084002153361,994,0
21,60083995849000,60084006178623,60084006179216,60084009205241,60084009205982,994,0
22,60084004559000,60084014892349,60084014892979,60084017796301,60084017797079,994,0
23,60084013269000,60084023883944,60084023884685,60084026957581,60084026958618,994,0
24,60084021980000,60084032377764,60084032378542,60084035340975,60084035342141,994,0
25,60084030690000,60084040993175,60084040994027,60084043966608,60084043967701,994,0
26,60084039401000,60084051399709,60084051400691,60084054401976,60084054403087,994,0
27,60084048111000,60084058712848,60084058713459,60084061685040,60084061685948,994,0
28,60084056822000,60084067158945,60084067159779,60084070155378,60084070156600,994,0
29,60084065531000,60084075924060,60084075924764,60084078948419,60084078949289,994,0
30,60084074242000,60084084656156,60084084656767,60084087673793,60084087674922,994,0
31,60084082953000,60084093512418,60084093513326,60084096495981,60084096496963,994,0
32,60084091665000,60084103705972,60084103706750,60084106729997,60084106731183,994,0
33,60084100374000,60084110729760,60084110730797,60084113734045,60084113735045,994,0
34,60084109084000,60084119431838,60084119432523,60084122451400,60084122452493,994,0
35,60084117795000,60084128452081,60084128453210,60084131423144,60084131424032,994,0
36,60084126507000,60084136949474,60084136950382,60084139911222,60084139912222,994,0
37,60084135215000,60084145537812,60084145538812,60084148530745,60084148531948,994,0
38,60084143926000,60084155952679,60084155953383,60084158978760,60084158979742,994,0
39,60084152637000,60084163221577,60084163222300,60084166279417,60084166279992,994,0
40,60084161348000,60084171706286,60084171706841,60084174695719,60084174696589,994,0
41,60084170058000,60084180463808,60084180464789,60084183401463,60084183402556,994,0
42,60084178768000,60084189169293,60084189170052,60084192157837,60084192158633,994,0
43,60084187479000,60084198022722,60084198023574,60084201009729,60084201010655,994,0
44,60084196190000,60084208191461,60084208192183,60084211192338,60084211193171,994,0
45,60084204900000,60084215230230,60084215231045,60084218236496,60084218237274,994,0
46,60084213610000,60084223952567,60084223953122,60084226969315,60084226970000,994,0
47,60084222321000,60084232958458,60084232959199,60084236017706,60084236018521,994,0
48,60084231033000,60084241435518,60084241436278,60084244466914,60084244467766,994,0
49,60084239742000,60084250040374,60084250041411,60084253142140,60084253143159,994,0
50,60084248452000,60084260483075,60084260483834,60084263455490,60084263456378,994,0
51,60084257163000,60084267762603,60084267763603,60084270792406,60084270793387,994,0
52,60084265874000,60084276243570,60084276244422,60084279327688,60084279329058,994,0
53,60084274584000,60084284985703,60084284986500,60084288093895,60084288094691,994,0
54,60084283294000,60084293714707,60084293715429,60084296715584,60084296716677,994,0
55,60084292005000,60084302549877,60084302550729,60084305547273,60084305548125,994,0
56,60084300719000,60084312742264,60084312743190,60084315873437,60084315874585,994,0
57,60084309427000,60084319762644,60084319763440,60084322760022,60084322760929,994,0
58,60084318137000,60084328515000,60084328515777,60084331516155,60084331517192,994,0
59,60084326847000,60084337491780,60084337492391,60084340469676,60084340470676,994,0
60,60084335559000,60084345987451,60084345988081,60084349073513,60084349074680,994,0
61,60084344268000,60084354571437,60084354572196,60084357656332,60084357657110,994,0
62,60084352979000,60084365014730,60084365015545,60084368073089,60084368074274,994,0
63,60084361689000,60084372305443,60084372306295,60084375328079,60084375328968,994,0
64,60084370400000,60084380800688,60084380801558,60084383876380,60084383877250,994,0
65,60084379110000,60084389519710,60084389520544,60084392598161,60084392599032,994,0
66,60084387821000,60084398243325,60084398244084,60084401347054,60084401347961,994,0
67,60084396532000,60084407093106,60084407094050,60084410237038,60084410238075,994,0
68,60084405242000,60084417262289,60084417263160,60084420215278,60084420216185,994,0
69,60084413952000,60084424293892,60084424294596,60084427339621,60084427340565,994,0
70,60084422663000,60084433032247,60084433032951,60084436073699,60084436074384,994,0
71,60084431373000,60084442026750,60084442027676,60084445056294,60084445057238,994,0
72,60084440085000,60084450517902,60084450518884,60084453490669,60084453491521,994,0
73,60084448794000,60084459109629,60084459110462,60084462201543,60084462202876,994,0
74,60084457505000,60084469525496,60084469526330,60084472624614,60084472625521,994,0
75,60084466216000,60084476857283,60084476857987,60084479828494,60084479829309,994,0
76,60084474927000,60084485272269,60084485272954,60084488393350,60084488394535,994,0
77,60084483637000,60084494046458,60084494047291,60084497027261,60084497028224,994,0
78,60084492347000,60084502752258,60084502753017,60084505700395,60084505701376,994,0
79,60084501058000,60084511605076,60084511605854,60084514731286,60084514732693,994,0
80,60084509768000,60084521784574,60084521785241,60084524863562,60084524864544,994,0
81,60084518478000,60084528831399,60084528832214,60084531860017,60084531860869,994,0
82,60084527189000,60084537552032,60084537552884,60084540600150,60084540600928,994,0
83,60084535899000,60084546548201,60084546549423,60084549647449,60084549648393,994,0
84,60084544610000,60084555002261,60084555002984,60084557942880,60084557944028,994,0
85,60084553320000,60084563611580,60084563612210,60084566624272,60084566625439,994,0
86,60084562031000,60084574041559,60084574042281,60084577035677,60084577036603,994,0
87,60084570742000,60084581351531,60084581352346,60084584325908,60084584326853,994,0
88,60084579452000,60084589812702,60084589813591,60084592869246,60084592869968,994,0
89,60084588162000,60084598572280,60084598573131,60084601521842,60084601522657,994,0
90,60084596873000,60084607275024,60084607275728,60084610248828,60084610249772,994,0
91,60084605584000,60084616137379,60084616137990,60084619195015,60084619196367,994,0
92,60084614294000,60084626321747,60084626322673,60084629417106,60084629418347,994,0
93,60084623004000,60084633366165,60084633366924,60084636416616,60084636417468,994,0
94,60084631715000,60084642086798,60084642087280,60084645169953,60084645171083,994,0
95,60084640426000,60084651060856,60084651061745,60084654169048,60084654169881,994,0
96,60084649137000,60084659537916,60084659538583,60084662545423,60084662546627,994,0
97,60084657847000,60084668157661,60084668158587,60084671129168,60084671130076,994,0
98,60084666557000,60084678570047,60084678570695,60084681598295,60084681599128,994,0
99,60084675268000,60084685877686,60084685878464,60084688873730,60084688874823,994,0
100,60084683978000,60084694335820,60084694336524,60084697318975,60084697319809,994,0
101,60084692689000,60084703069731,60084703070694,60084706096238,60084706097479,994,0
102,60084701400000,60084711819198,60084711819994,60084714776501,60084714777427,994,0
103,60084710109000,60084720679960,60084720680923,60084723788226,60084723789207,994,0
104,60084718823000,60084730846754,60084730847532,60084733893761,60084733894669,994,0
105,60084727530000,60084737882635,60084737883264,60084740901753,60084740902697,994,0
106,60084736241000,60084746593009,60084746593824,60084749604016,60084749604923,994,0
107,60084744951000,60084755589215,60084755589882,60084758680814,60084758681703,994,0
108,60084753663000,60084764093090,60084764093886,60084767080467,60084767081449,994,0
109,60084762372000,60084772714705,60084772715446,60084775761601,60084775762860,994,0
110,60084771083000,60084783116610,60084783117239,60084786118728,60084786119413,994,0
111,60084779794000,60084790387100,60084790387656,60084793371515,60084793372552,994,0
112,60084788504000,60084798855568,60084798856383,60084801857593,60084801858612,994,0
113,60084797215000,60084807589868,60084807590775,60084810676597,60084810677652,994,0
114,60084805925000,60084816342890,60084816344001,60084819377082,60084819377952,994,0
115,60084814636000,60084825188485,60084825189189,60084828290344,60084828291344,994,0
116,60084823347000,60084835383150,60084835383928,60084838459601,60084838460472,994,0
117,60084832057000,60084842415827,60084842416568,60084845425260,60084845425945,994,0
118,60084840767000,60084851116905,60084851117645,60084854220800,60084854222078,994,0
119,60084849477000,60084860131852,60084860132685,60084863314099,60084863315247,994,0
120,60084858188000,60084868609504,60084868610412,60084871580123,60084871580974,994,0
121,60084866899000,60084877224693,60084877225490,60084880195404,60084880196627,994,0
122,60084875609000,60084887643283,60084887643931,60084890614642,60084890615661,994,0
123,60084884320000,60084894964033,60084894964922,60084897931522,60084897932170,994,0
124,60084893031000,60084903378019,60084903378797,60084906313841,60084906314749,994,0
125,60084901740000,60084912136189,60084912136949,60084915098234,60084915099234,994,0
126,60084910451000,60084920878489,60084920879285,60084923874033,60084923874885,994,0
127,60084919162000,60084929722159,60084929722733,60084932728870,60084932729833,994,0
128,60084927873000,60084939900842,60084939901731,60084943136830,60084943138237,994,0
129,60084936583000,60084946947389,60084946948278,60084949944396,60084949945804,994,0
130,60084945293000,60084955635430,60084955635912,60084958686974,60084958687900,994,0
131,60084954003000,60084964643896,60084964644951,60084967702384,60084967703476,994,0
132,60084962715000,60084973097604,60084973098215,60084976166926,60084976168055,994,0
133,60084971424000,60084981706293,60084981707238,60084984707782,60084984708856,994,0
134,60084980135000,60084992157401,60084992158216,60084995235260,60084995236352,994,0
135,60084988846000,60084999434873,60084999435429,60085002385973,60085002386992,994,0
136,60084997557000,60085007917619,60085007918248,60085010926607,60085010927533,994,0
137,60085006266000,60085016680381,60085016680993,60085019651907,60085019652926,994,0
138,60085014977000,60085025371978,60085025372607,60085028439966,60085028440984,994,0
139,60085023688000,60085034262833,60085034263370,60085037244562,60085037245266,994,0
140,60085032399000,60085044420312,60085044421201,60085047497245,60085047498171,994,0
141,60085041109000,60085051444378,60085051444970,60085054513070,60085054514366,994,0
142,60085049819000,60085060174326,60085060174807,60085063200833,60085063201499,994,0
143,60085058529000,60085069167903,60085069168162,60085072140076,60085072141039,994,0
144,60085067240000,60085077637185,60085077637740,60085080644470,60085080645396,994,0
145,60085075951000,60085086259670,60085086260244,60085089263881,60085089264807,994,0
146,60085084661000,60085096683167,60085096683501,60085099696026,60085099696749,994,0
147,60085093371000,60085103963547,60085103964214,60085106962869,60085106963887,994,0
148,60085102083000,60085112462718,60085112463422,60085115412485,60085115413503,994,0
149,60085110793000,60085121191185,60085121191833,60085124304599,60085124305469,994,0
150,60085119503000,60085129907096,60085129907577,60085132920325,60085132921640,994,0
151,60085128214000,60085138751562,60085138752006,60085141746013,60085141746902,994,0
152,60085136924000,60085148928893,60085148929634,60085151871993,60085151872919,994,0
153,60085145635000,60085155962829,60085155963366,60085158976744,60085158977818,994,0
154,60085154345000,60085164707481,60085164708074,60085167656488,60085167657433,994,0
155,60085163055000,60085173699428,60085173700021,60085176657602,60085176658472,994,0
156,60085171767000,60085182191766,60085182192673,60085185110403,60085185111199,994,0
157,60085180477000,60085190768214,60085190768863,60085193726555,60085193727370,994,0
158,60085189188000,60085201191397,60085201192100,60085204115663,60085204116497,994,0
159,60085197898000,60085208487776,60085208488443,60085211563894,60085211564801,994,0
160,60085206610000,60085216984595,60085216985392,60085220038361,60085220039621,994,0
161,60085215319000,60085225716784,60085225717321,60085228743402,60085228744347,994,0
162,60085224030000,60085234448788,60085234449473,60085237440350,60085237441461,994,0
163,60085232740000,60085243293106,60085243293680,60085246309927,60085246310853,994,0
164,60085241451000,60085253453937,60085253454548,60085256545055,60085256545981,994,0
165,60085250161000,60085260531336,60085260532169,60085263577898,60085263579195,994,0
166,60085258871000,60085269243154,60085269243840,60085272332106,60085272332883,994,0
167,60085267582000,60085278248101,60085278248694,60085281306182,60085281307219,994,0
168,60085276293000,60085286697680,60085286698162,60085289793779,60085289794872,994,0
169,60085285003000,60085295297295,60085295297981,60085298249803,60085298250914,994,0
170,60085293713000,60085305722015,60085305722515,60085308813707,60085308814947,994,0
171,60085302424000,60085313070098,60085313070524,60085316034253,60085316035179,994,0
172,60085311136000,60085321497547,60085321498102,60085324475332,60085324476313,994,0
173,60085319845000,60085330277809,60085330278309,60085333348890,60085333349687,994,0
174,60085328555000,60085338988665,60085338989480,60085342000635,60085342001487,994,0
175,60085337265000,60085347818724,60085347819224,60085350864194,60085350865045,994,0
176,60085345977000,60085357997685,60085357998500,60085361005395,60085361006969,994,0
177,60085354688000,60085365066695,60085365067417,60085368132572,60085368133275,994,0
178,60085363397000,60085373757180,60085373757476,60085376758409,60085376759279,994,0
179,60085372107000,60085382755664,60085382756164,60085385806078,60085385807078,994,0
180,60085380820000,60085391234743,60085391235317,60085394308027,60085394308953,994,0
181,60085389529000,60085399831173,60085399831654,60085402935364,60085402936920,994,0
182,60085398239000,60085410255633,60085410256373,60085413305658,60085413306565,994,0
183,60085406950000,60085417555753,60085417556234,60085420630537,60085420631667,994,0
184,60085415662000,60085426048091,60085426048628,60085429053209,60085429054172,994,0
185,60085424371000,60085434764335,60085434764798,60085437773286,60085437773953,994,0
186,60085433081000,60085443496116,60085443496561,60085446577086,60085446578160,994,0
187,60085441792000,60085452350119,60085452350638,60085455310867,60085455311978,994,0
188,60085450503000,60085462533673,60085462534321,60085465504754,60085465505495,994,0
189,60085459213000,60085469576609,60085469577109,60085472589097,60085472589875,994,0
190,60085467923000,60085478307427,60085478308150,60085481441101,60085481442193,994,0
191,60085476634000,60085487290986,60085487291504,60085490274770,60085490275845,994,0
192,60085485346000,60085495748546,60085495749231,60085498784516,60085498785886,994,0
193,60085494055000,60085504369068,60085504369790,60085507357835,60085507359001,994,0
194,60085502765000,60085514776102,60085514776510,60085517782424,60085517783295,994,0
195,60085511475000,60085522067741,60085522068241,60085525170100,60085525171100,994,0
196,60085520187000,60085530550375,60085530551098,60085533525605,60085533526438,994,0
197,60085528897000,60085539289934,60085539290342,60085542256571,60085542257293,994,0
198,60085537608000,60085548029808,60085548030271,60085551049204,60085551049926,994,0
199,60085546318000,60085556896774,60085556897423,60085559869374,60085559870393,994,0
200,60085555029000,60085567061235,60085567061717,60085570040261,60085570041224,994,0
201,60085563740000,60085574092912,60085574093320,60085577048882,60085577049938,994,0
202,60085572450000,60085582788953,60085582789712,60085585822589,60085585823830,994,0
203,60085581160000,60085591804900,60085591805567,60085594848888,60085594849796,994,0
204,60085589871000,60085600300849,60085600301608,60085603393485,60085603394578,994,0
205,60085598581000,60085608897705,60085608898427,60085611997841,60085611998804,994,0
206,60085607292000,60085619305183,60085619305869,60085622315746,60085622316635,994,0
207,60085616003000,60085626612526,60085626612896,60085629683921,60085629685347,994,0
208,60085624714000,60085635066864,60085635067419,60085638145704,60085638146759,994,0
209,60085633423000,60085643809219,60085643809627,60085646833708,60085646834948,994,0
210,60085642134000,60085652554241,60085652554741,60085655559211,60085655560082,994,0
211,60085650844000,60085661386133,60085661386726,60085664411418,60085664412436,994,0
212,60085659555000,60085671563705,60085671564150,60085674630008,60085674631027,994,0
213,60085668265000,60085678613160,60085678613845,60085681721574,60085681723074,994,0
214,60085676976000,60085687333571,60085687334182,60085690280097,60085690281615,994,0
215,60085685686000,60085696340610,60085696341407,60085699317618,60085699318803,994,0
216,60085694397000,60085704803115,60085704803689,60085707887974,60085707888900,994,0
217,60085703107000,60085713401397,60085713401897,60085716383923,60085716384960,994,0
218,60085711817000,60085723850098,60085723850468,60085726838382,60085726839253,994,0
219,60085720528000,60085731171421,60085731172051,60085734154966,60085734155984,994,0
220,60085729239000,60085739590741,60085739591593,60085742619174,60085742620063,994,0
221,60085737949000,60085748356559,60085748357226,60085751325752,60085751326733,994,0
222,60085746660000,60085757065433,60085757065915,60085760034774,60085760035626,994,0
223,60085755370000,60085765939214,60085765939807,60085768937406,60085768938369,994,0
224,60085764082000,60085776099527,60085776100120,60085779146923,60085779147904,994,0
225,60085772791000,60085783122908,60085783123482,60085786191062,60085786191803,994,0
226,60085781502000,60085791852522,60085791853041,60085794945436,60085794946492,994,0
227,60085790212000,60085800856284,60085800857062,60085803894680,60085803895532,994,0
228,60085798923000,60085809349270,60085809349789,60085812358647,60085812359499,994,0
229,60085807633000,60085817963515,60085817964218,60085821028077,60085821029244,994,0
230,60085816344000,60085828390086,60085828390956,60085831343760,60085831344741,994,0
231,60085825055000,60085835637595,60085835638262,60085838672343,60085838673232,994,0
232,60085833765000,60085844131489,60085844132081,60085847068218,60085847069255,994,0
233,60085842475000,60085852872844,60085852873400,60085855858999,60085855859481,994,0
234,60085851186000,60085861595922,60085861596607,60085864587781,60085864588503,994,0
235,60085859897000,60085870494388,60085870494999,60085873473247,60085873474154,994,0
236,60085868608000,60085880641386,60085880641849,60085883633541,60085883634634,994,0
237,60085877317000,60085887681840,60085887682470,60085890690347,60085890691532,994,0
238,60085886028000,60085896415196,60085896415677,60085899454017,60085899455258,994,0
239,60085894738000,60085905402735,60085905403309,60085908380261,60085908381279,994,0
240,60085903449000,60085913872092,60085913872888,60085916887339,60085916888265,994,0
241,60085912159000,60085922468207,60085922468577,60085925576491,60085925577195,994,0
242,60085920869000,60085932904685,60085932905315,60085935905007,60085935905822,994,0
243,60085929580000,60085940182250,60085940183065,60085943298960,60085943300183,994,0
244,60085938291000,60085948705384,60085948706255,60085951614577,60085951615780,994,0
245,60085947001000,60085957421666,60085957422517,60085960509580,60085960510765,994,0
246,60085955712000,60085966146762,60085966147484,60085969200732,60085969201639,994,0
247,60085964422000,60085975001246,60085975001950,60085978191382,60085978192197,994,0
248,60085973135000,60085985182318,60085985183004,60085988228344,60085988229177,994,0
249,60085981843000,60085992215680,60085992216236,60085995178651,60085995179854,994,0
250,60085990553000,60086000943925,60086000944554,60086004045820,60086004046857,994,0
251,60085999264000,60086010217945,60086010218926,60086013351155,60086013352488,994,0
252,60086007977000,60086018406617,60086018407265,60086021417235,60086021418235,994,0
253,60086016686000,60086027011473,60086027012084,60086029983925,60086029985017,994,0
254,60086025396000,60086037442989,60086037443674,60086040553310,60086040554347,994,0
255,60086034106000,60086044772275,60086044772961,60086047826264,60086047827393,994,0
256,60086042818000,60086053229354,60086053230095,60086056323564,60086056324416,994,0
257,60086051527000,60086061942191,60086061942858,60086064979124,60086064980142,994,0
258,60086060238000,60086070667454,60086070667972,60086073753572,60086073754553,994,0
259,60086068948000,60086079526327,60086079526957,60086082605538,60086082606723,994,0
260,60086077659000,60086089686862,60086089687418,60086092694647,60086092695740,994,0
261,60086086369000,60086096741095,60086096741669,60086099726139,60086099727046,994,0
262,60086095080000,60086105467802,60086105468321,60086108474013,60086108475013,994,0
263,60086103791000,60086114455934,60086114456490,60086117447089,60086117448071,994,0
264,60086112502000,60086122921976,60086122922772,60086125958335,60086125959279,994,0
265,60086121211000,60086131525832,60086131526350,60086134608616,60086134609746,994,0
266,60086129922000,60086141955218,60086141955921,60086144992354,60086144993317,994,0
267,60086138633000,60086149300893,60086149301967,60086152328252,60086152329604,994,0
268,60086147344000,60086157727454,60086157728102,60086160804183,60086160805423,994,0
269,60086156054000,60086166483772,60086166484457,60086169497390,60086169498279,994,0
270,60086164764000,60086175180665,60086175181683,60086178258449,60086178259745,994,0
271,60086173474000,60086184074260,60086184074742,60086187141267,60086187142045,994,0
272,60086182186000,60086194212610,60086194213295,60086197236154,60086197236932,994,0
273,60086190896000,60086201255565,60086201256102,60086204344775,60086204345831,994,0
274,60086199606000,60086210003938,60086210004587,60086213004908,60086213006112,994,0
275,60086208316000,60086218962830,60086218963552,60086222047003,60086222047892,994,0
276,60086217027000,60086227435224,60086227435890,60086230478453,60086230479471,994,0
277,60086225737000,60086236062598,60086236063246,60086238997938,60086238998901,994,0
278,60086234448000,60086246476558,60086246477169,60086249410713,60086249412010,994,0
279,60086243159000,60086253772215,60086253773104,60086256763185,60086256764463,994,0
280,60086251869000,60086262258535,60086262259127,60086265231431,60086265232727,994,0
281,60086260580000,60086271001260,60086271001834,60086273958138,60086273958971,994,0
282,60086269290000,60086279713264,60086279713838,60086282683604,60086282684771,994,0
283,60086278001000,60086288617026,60086288617656,60086291680681,60086291682125,994,0
284,60086286712000,60086298753672,60086298754302,60086301750254,60086301751216,994,0
285,60086295422000,60086305790516,60086305791164,60086308728912,60086308729875,994,0
286,60086304132000,60086314521556,60086314522242,60086317622433,60086317623248,994,0
287,60086312843000,60086323508411,60086323508948,60086326551270,60086326552010,994,0
288,60086321554000,60086331970712,60086331971193,60086335034830,60086335035885,994,0
289,60086330263000,60086340597938,60086340598623,60086343617945,60086343619075,994,0
290,60086338974000,60086351004546,60086351005324,60086354020201,60086354021201,994,0
291,60086347684000,60086358293370,60086358294055,60086361395895,60086361396877,994,0
292,60086356396000,60086366756801,60086366757356,60086369718086,60086369718956,994,0
293,60086365105000,60086375510600,60086375511193,60086378517756,60086378518848,994,0
294,60086373816000,60086384251530,60086384251993,60086387183389,60086387184630,994,0
295,60086382527000,60086393096478,60086393096922,60086396216429,60086396217725,994,0
296,60086391238000,60086403306772,60086403307568,60086406295464,60086406296445,994,0
297,60086399948000,60086410318541,60086410319263,60086413353622,60086413354493,994,0
298,60086408658000,60086419038526,60086419039137,60086422016033,60086422017015,994,0
299,60086417369000,60086428039195,60086428040103,60086431016240,60086431017166,994,0
300,60086426080000,60086436509459,60086436509848,60086439475985,60086439476985,994,0
301,60086434790000,60086445122537,60086445123167,60086448126007,60086448127044,994,0
302,60086443500000,60086455571090,60086455571794,60086458596615,60086458597560,994,0
303,60086452212000,60086462826340,60086462827118,60086465838217,60086465838828,994,0
304,60086460922000,60086471298974,60086471299585,60086474346351,60086474347222,994,0
305,60086469632000,60086480056218,60086480056792,60086483029929,60086483030800,994,0
306,60086478343000,60086488770389,60086488771092,60086491745248,60086491746229,994,0
307,60086487053000,60086497609096,60086497609633,60086500732195,60086500733324,994,0
308,60086495764000,60086507803186,60086507803797,60086510828600,60086510829656,994,0
309,60086504474000,60086514829159,60086514829844,60086517849481,60086517850481,994,0
310,60086513184000,60086523552700,60086523553237,60086526515059,60086526515929,994,0
311,60086521895000,60086532566869,60086532567480,60086535562358,60086535563302,994,0
312,60086530606000,60086541019540,60086541020151,60086544031455,60086544032140,994,0
313,60086539316000,60086549614785,60086549615267,60086552597329,60086552598385,994,0
314,60086548026000,60086560089615,60086560090282,60086563160215,60086563161215,994,0
315,60086556737000,60086567452420,60086567453309,60086570615575,60086570616908,994,0
316,60086565448000,60086575816222,60086575816740,60086578800914,60086578801914,994,0
317,60086574158000,60086584578522,60086584579040,60086587645602,60086587646584,994,0
318,60086582868000,60086593306118,60086593306821,60086596322828,60086596323865,994,0
319,60086591579000,60086602144084,60086602144602,60086605168220,60086605169072,994,0
320,60086600291000,60086612317452,60086612317897,60086615296663,60086615297311,994,0
321,60086609001000,60086619329351,60086619329907,60086622316692,60086622317821,994,0
322,60086617710000,60086628084910,60086628085799,60086631070084,60086631071066,994,0
323,60086626421000,60086637090265,60086637090857,60086640183216,60086640184549,994,0
324,60086635132000,60086645547325,60086645547769,60086648556258,60086648557369,994,0
325,60086643841000,60086654155847,60086654156625,60086657110632,60086657111595,994,0
326,60086652553000,60086664624030,60086664624752,60086667634333,60086667635481,994,0
327,60086661263000,60086671853465,60086671854132,60086674905046,60086674906120,994,0
328,60086669974000,60086680344192,60086680344895,60086683353254,60086683354365,994,0
329,60086678684000,60086689107269,60086689107732,60086692087591,60086692088684,994,0
330,60086687394000,60086697824847,60086697825217,60086700885780,60086700886928,994,0
331,60086696105000,60086706673739,60086706674387,60086709624320,60086709625357,994,0
332,60086704816000,60086716846885,60086716847496,60086719849355,60086719850040,994,0
333,60086713526000,60086723874358,60086723874821,60086726920883,60086726921883,994,0
334,60086722236000,60086732616917,60086732617510,60086735555387,60086735556739,994,0
335,60086730947000,60086741614160,60086741614660,60086744613816,60086744615038,994,0
336,60086739658000,60086750076498,60086750077017,60086753008895,60086753009635,994,0
337,60086748368000,60086758684669,60086758685280,60086761691713,60086761692361,994,0
338,60086757079000,60086769127666,60086769128425,60086772172432,60086772173469,994,0
339,60086765790000,60086776418583,60086776419434,60086779449941,60086779450923,994,0
340,60086774500000,60086784877532,60086784878198,60086787898335,60086787899335,994,0
341,60086783210000,60086793613183,60086793614128,60086796658524,60086796659524,994,0
342,60086791920000,60086802365113,60086802365780,60086805377435,60086805378361,994,0
343,60086800631000,60086811187098,60086811187783,60086814191623,60086814192605,994,0
344,60086809342000,60086821364151,60086821364781,60086824365825,60086824366843,994,0
345,60086818052000,60086828407532,60086828408217,60086831380353,60086831381520,994,0
346,60086826762000,60086837123443,60086837124165,60086840121246,60086840122116,994,0
347,60086835473000,60086846146149,60086846146964,60086849157174,60086849158100,994,0
348,60086844185000,60086854578505,60086854579061,60086857580623,60086857581327,994,0
349,60086852894000,60086863196287,60086863196880,60086866187739,60086866188757,994,0
350,60086861605000,60086873622840,60086873623469,60086876637847,60086876638828,994,0
351,60086870314000,60086880926515,60086880927201,60086883879263,60086883880319,994,0
352,60086879026000,60086889382631,60086889383168,60086892437305,60086892438471,994,0
353,60086887736000,60086898137098,60086898137561,60086901185993,60086901187290,994,0
354,60086896446000,60086906860379,60086906860953,60086909869201,60086909870386,994,0
355,60086905157000,60086915711104,60086915711604,60086918725778,60086918726852,994,0
356,60086913868000,60086925900232,60086925900862,60086928929850,60086928930850,994,0
357,60086922578000,60086932970446,60086932971668,60086935950434,60086935951731,994,0
358,60086931288000,60086941857726,60086941858375,60086944894956,60086944896159,994,0
359,60086939999000,60086950671563,60086950672285,60086953739718,60086953741033,994,0
360,60086948711000,60086959117734,60086959118216,60086962138538,60086962139630,994,0
361,60086957420000,60086967726127,60086967726683,60086970711560,60086970712653,994,0
362,60086966131000,60086978149365,60086978150143,60086981180076,60086981181187,994,0
363,60086974841000,60086985494430,60086985494874,60086988530085,60086988531011,994,0
364,60086983554000,60086993900953,60086993901416,60086996889608,60086996890719,994,0
365,60086992262000,60087002666253,60087002666901,60087005692685,60087005693852,994,0
366,60087000973000,60087011364793,60087011365386,60087014337615,60087014338745,994,0
367,60087009683000,60087020278889,60087020279685,60087023344229,60087023345266,994,0
368,60087018394000,60087030413831,60087030414480,60087033498986,60087033500023,994,0
369,60087027105000,60087037459008,60087037459582,60087040564737,60087040565885,994,0
370,60087035814000,60087046215419,60087046215993,60087049272556,60087049273537,994,0
371,60087044526000,60087055178107,60087055178829,60087058211910,60087058212966,994,0
372,60087053237000,60087063637500,60087063638056,60087066642915,60087066643878,994,0
373,60087061947000,60087072267060,60087072267930,60087075366696,60087075367937,994,0
374,60087070657000,60087082663224,60087082663853,60087085699971,60087085701397,994,0
375,60087079368000,60087089974066,60087089974677,60087093016943,60087093017962,994,0
376,60087088078000,60087098419904,60087098420312,60087101474115,60087101475152,994,0
377,60087096788000,60087107190352,60087107190945,60087110162230,60087110163230,994,0
378,60087105499000,60087115894134,60087115894634,60087118861344,60087118862622,994,0
379,60087114209000,60087124778062,60087124778674,60087127778366,60087127779440,994,0
380,60087122920000,60087134957375,60087134957968,60087138002067,60087138002975,994,0
381,60087131630000,60087141985719,60087141986182,60087145009429,60087145010559,994,0
382,60087140341000,60087150693796,60087150694185,60087153630230,60087153631470,994,0
383,60087149051000,60087159691466,60087159691966,60087162719991,60087162720991,994,0
384,60087157762000,60087168216544,60087168217322,60087171237292,60087171238384,994,0
385,60087166472000,60087176807437,60087176808233,60087179753815,60087179754630,994,0
386,60087175182000,60087187173786,60087187174360,60087190205071,60087190205923,994,0
387,60087183894000,60087194487869,60087194488295,60087197507821,60087197508710,994,0
388,60087192604000,60087202950004,60087202950559,60087205928788,60087205929733,994,0
389,60087201314000,60087211709989,60087211710489,60087214661811,60087214663033,994,0
390,60087210024000,60087220456640,60087220457585,60087223471018,60087223472036,994,0
391,60087218736000,60087229318162,60087229318588,60087232307280,60087232308336,994,0
392,60087227446000,60087239487660,60087239488030,60087242531482,60087242532315,994,0
393,60087236156000,60087246484170,60087246484874,60087249470862,60087249471566,994,0
394,60087244867000,60087255218359,60087255218711,60087258214070,60087258214810,994,0
395,60087253577000,60087264237750,60087264238343,60087267270535,60087267271739,994,0
396,60087262288000,60087272719310,60087272720014,60087275810947,60087275811817,994,0
397,60087270999000,60087281304574,60087281305388,60087284332192,60087284333025,994,0
398,60087279709000,60087291714830,60087291715460,60087294742133,60087294743189,994,0
399,60087288420000,60087299009987,60087299010672,60087301961217,60087301962291,994,0
400,60087297130000,60087307474751,60087307475270,60087310473203,60087310474166,994,0
401,60087305841000,60087316249755,60087316250273,60087319235910,60087319236799,994,0
402,60087314551000,60087324973258,60087324973832,60087327965765,60087327967043,994,0
403,60087323261000,60087333823076,60087333823724,60087336834231,60087336835194,994,0
404,60087331972000,60087343985945,60087343986500,60087347029285,60087347029970,994,0
405,60087340682000,60087351006047,60087351006603,60087354002758,60087354003758,994,0
406,60087349393000,60087359747458,60087359748310,60087362869372,60087362870206,994,0
407,60087358103000,60087368828275,60087368829201,60087371814153,60087371815227,994,0
408,60087366815000,60087377224688,60087377225447,60087380263380,60087380264213,994,0
409,60087375524000,60087385826821,60087385827710,60087388813051,60087388814088,994,0
410,60087384235000,60087396246448,60087396247207,60087399257436,60087399258418,994,0
411,60087392946000,60087403590994,60087403591531,60087406697649,60087406698556,994,0
412,60087401657000,60087412019776,60087412020276,60087415017024,60087415018228,994,0
413,60087410366000,60087420760687,60087420761317,60087423697046,60087423698195,994,0
414,60087419077000,60087429486895,60087429487469,60087432493753,60087432494439,994,0
415,60087427787000,60087438334713,60087438335361,60087441445145,60087441445978,994,0
416,60087436499000,60087448512099,60087448512822,60087451536810,60087451537773,994,0
417,60087445209000,60087455548906,60087455549628,60087458571394,60087458572691,994,0
418,60087453919000,60087464271706,60087464272298,60087467293657,60087467294639,994,0
419,60087462629000,60087473280208,60087473280782,60087476282363,60087476283289,994,0
420,60087471341000,60087481750398,60087481751120,60087484749535,60087484750572,994,0
421,60087480050000,60087490351921,60087490352421,60087493444779,60087493445742,994,0
422,60087488761000,60087500784362,60087500784992,60087503747573,60087503748443,994,0
423,60087497472000,60087508074556,60087508075427,60087511079767,60087511080860,994,0
424,60087506182000,60087516563450,60087516564061,60087519518476,60087519519290,994,0
425,60087514892000,60087525279065,60087525279861,60087528289738,60087528290590,994,0
426,60087523603000,60087534010920,60087534011753,60087537005334,60087537006446,994,0
427,60087532314000,60087542853831,60087542854608,60087545917985,60087545919041,994,0
428,60087541025000,60087553030292,60087553030792,60087556088539,60087556089409,994,0
429,60087549735000,60087560065190,60087560065728,60087562981031,60087562982031,994,0
430,60087558445000,60087568812064,60087568812694,60087571867849,60087571868775,994,0
431,60087567155000,60087577784067,60087577784789,60087580816426,60087580817685,994,0
432,60087575866000,60087586284905,60087586285460,60087589279616,60087589280486,994,0
433,60087584577000,60087594878761,60087594879224,60087597836731,60087597837842,994,0
434,60087593287000,60087605281739,60087605282388,60087608253302,60087608254209,994,0
435,60087601998000,60087612568934,60087612569452,60087615521811,60087615522571,994,0
436,60087610709000,60087621039420,60087621039975,60087624046279,60087624047075,994,0
437,60087619418000,60087629771312,60087629771997,60087632761727,60087632762356,994,0
438,60087628129000,60087638504075,60087638504686,60087641425675,60087641426749,994,0
439,60087636840000,60087647364671,60087647365337,60087650310659,60087650311437,994,0
440,60087645550000,60087657527150,60087657527780,60087660482546,60087660483361,994,0
441,60087654260000,60087664578123,60087664578808,60087667514705,60087667515482,994,0
442,60087662971000,60087673296682,60087673297442,60087676313893,60087676314763,994,0
443,60087671682000,60087682302481,60087682303259,60087685274192,60087685275118,994,0
444,60087680393000,60087690768153,60087690768838,60087693751215,60087693752197,994,0
445,60087689102000,60087699376879,60087699377379,60087702334090,60087702335367,994,0
446,60087697813000,60087709796635,60087709797320,60087712740846,60087712741698,994,0
447,60087706523000,60087717085811,60087717086274,60087720019003,60087720019911,994,0
448,60087715235000,60087725554649,60087725555334,60087728512397,60087728513212,994,0
449,60087723945000,60087734300393,60087734301245,60087737336011,60087737336900,994,0
450,60087732655000,60087743031582,60087743032693,60087746026033,60087746026904,994,0
451,60087741366000,60087751881992,60087751882678,60087755005110,60087755006221,994,0
452,60087750077000,60087762086787,60087762087416,60087765074127,60087765074868,994,0
453,60087758787000,60087769115223,60087769115852,60087772078285,60087772079378,994,0
454,60087767497000,60087777827208,60087777827763,60087780864418,60087780865103,994,0
455,60087776208000,60087786818618,60087786819062,60087789776866,60087789777736,994,0
456,60087784919000,60087795283789,60087795284474,60087798180370,60087798181667,994,0
457,60087793629000,60087803906515,60087803907200,60087806872578,60087806873319,994,0
458,60087802340000,60087814340827,60087814341420,60087817253871,60087817254853,994,0
459,60087811050000,60087821664743,60087821665466,60087824604528,60087824605473,994,0
460,60087819761000,60087830092656,60087830093285,60087833223421,60087833224514,994,0
461,60087828471000,60087838836807,60087838837622,60087841845555,60087841846851,994,0
462,60087837181000,60087847752088,60087847752847,60087851203797,60087851204686,994,0
463,60087845891000,60087856797720,60087856798405,60087860127615,60087860128707,994,0
464,60087854603000,60087866773663,60087866774311,60087870163613,60087870165058,994,0
465,60087863313000,60087873950487,60087873951191,60087877295623,60087877296364,994,0
466,60087872036000,60087882657065,60087882657676,60087886010275,60087886011293,994,0
467,60087880734000,60087891635309,60087891635938,60087895093295,60087895094055,994,0
468,60087889445000,60087900148813,60087900149609,60087903581207,60087903582392,994,0
469,60087898155000,60087908762280,60087908763095,60087912107156,60087912108193,994,0
470,60087906866000,60087919044370,60087919045185,60087922479839,60087922480839,994,0
471,60087915575000,60087926486064,60087926486879,60087929851273,60087929852181,994,0
472,60087924287000,60087934899976,60087934900754,60087938362333,60087938363148,994,0
473,60087932997000,60087943794479,60087943795275,60087947290577,60087947291725,994,0
474,60087941713000,60087952417483,60087952418502,60087955821544,60087955823063,994,0
475,60087950417000,60087961317430,60087961318560,60087964806436,60087964807639,994,0
476,60087959128000,60087971316114,60087971316985,60087974683175,60087974684361,994,0
477,60087967839000,60087978501587,60087978502383,60087981940611,60087981941425,994,0
478,60087976550000,60087987178813,60087987179757,60087990571300,60087990572337,994,0
479,60087985260000,60087996181852,60087996182630,60087999510710,60087999511599,994,0
480,60087993970000,60088004669931,60088004670838,60088008182306,60088008183473,994,0
481,60088002680000,60088013288472,60088013289472,60088016797496,60088016798477,994,0
482,60088011391000,60088023575099,60088023575877,60088026936846,60088026938197,994,0
483,60088020101000,60088031022126,60088031023034,60088034421354,60088034422132,994,0
484,60088028812000,60088039453705,60088039454538,60088042755174,60088042756155,994,0
485,60088037523000,60088048167135,60088048167857,60088051508307,60088051509474,994,0
486,60088046233000,60088056939101,60088056940194,60088060454958,60088060456106,994,0
487,60088054944000,60088065826474,60088065827419,60088069215832,60088069217017,994,0
488,60088063654000,60088075845343,60088075846121,60088079220738,60088079221756,994,0
489,60088072364000,60088083030501,60088083031371,60088086373618,60088086374692,994,0
490,60088081075000,60088091712968,60088091713653,60088095085325,60088095086381,994,0
491,60088089785000,60088100707359,60088100708285,60088104073994,60088104074976,994,0
492,60088098496000,60088109196475,60088109197308,60088112609202,60088112610184,994,0
493,60088107206000,60088117809368,60088117810145,60088121191707,60088121193207,994,0
494,60088115917000,60088128113384,60088128114273,60088131454667,60088131456001,994,0
495,60088124627000,60088135555040,60088135555744,60088139041657,60088139042564,994,0
496,60088133338000,60088143972638,60088143973360,60088147307606,60088147309014,994,0
497,60088142049000,60088152688178,60088152688956,60088156050740,60088156052332,994,0
498,60088150759000,60088161449812,60088161450867,60088164908909,60088164910298,994,0
499,60088159469000,60088170373000,60088170373814,60088173725913,60088173726931,994,0
500,60088168180000,60088180362128,60088180363035,60088183741819,60088183743152,994,0
501,60088176890000,60088187543841,60088187544711,60088190878736,60088190880069,994,0
502,60088185601000,60088196258178,60088196259030,60088199568962,60088199570351,994,0
503,60088194311000,60088205222162,60088205223051,60088208534001,60088208535279,994,0
504,60088203022000,60088213716945,60088213717722,60088217192598,60088217193709,994,0
505,60088211733000,60088222339930,60088222340745,60088225630417,60088225631232,994,0
506,60088220443000,60088232631613,60088232632687,60088235995378,60088235996341,994,0
507,60088229153000,60088240141399,60088240142195,60088243478442,60088243479460,994,0
508,60088237864000,60088248532755,60088248533552,60088251978465,60088251979520,994,0
509,60088246575000,60088257208685,60088257209426,60088260535691,60088260536839,994,0
510,60088255285000,60088265964966,60088265965707,60088269253676,60088269254472,994,0
511,60088263996000,60088274878914,60088274879729,60088278325567,60088278326493,994,0
512,60088272706000,60088284902783,60088284903561,60088288319529,60088288320455,994,0
513,60088281417000,60088292068089,60088292069200,60088295458742,60088295459761,994,0
514,60088290127000,60088300772315,60088300773055,60088304268968,60088304270134,994,0
515,60088298838000,60088309769095,60088309769910,60088313277248,60088313278544,994,0
516,60088307548000,60088318249877,60088318250562,60088321592438,60088321593568,994,0
517,60088316259000,60088326874381,60088326875177,60088330171628,60088330172850,994,0
518,60088324969000,60088337153620,60088337154916,60088340549606,60088340550551,994,0
519,60088333680000,60088344616295,60088344617091,60088348059911,60088348061504,994,0
520,60088342390000,60088353049725,60088353050651,60088356481638,60088356482712,994,0
521,60088351101000,60088361746285,60088361747340,60088365122364,60088365123772,994,0
522,60088359811000,60088370520343,60088370521306,60088373841868,60088373842923,994,0
523,60088368522000,60088379400587,60088379401458,60088382812963,60088382813833,994,0
524,60088377232000,60088389419604,60088389420586,60088392936221,60088392937165,994,0
525,60088385943000,60088396602095,60088396602910,60088400042341,60088400043212,994,0
526,60088394653000,60088405292266,60088405293044,60088408625790,60088408626901,994,0
527,60088403364000,60088414275546,60088414276509,60088417576756,60088417577682,994,0
528,60088412074000,60088422760180,60088422761014,60088426185852,60088426187019,994,0
529,60088420785000,60088431388388,60088431389221,60088434735542,60088434736653,994,0
530,60088429495000,60088441677830,60088441678904,60088444992706,60088444993854,994,0
531,60088438206000,60088449138024,60088449138875,60088452557455,60088452558381,994,0
532,60088446916000,60088457567417,60088457568102,60088461028867,60088461029978,994,0
533,60088455627000,60088466264254,60088466264847,60088469677852,60088469678834,994,0
534,60088464337000,60088475028758,60088475029461,60088478478244,60088478479096,994,0
535,60088473048000,60088483922557,60088483923520,60088487409173,60088487410358,994,0
536,60088481758000,60088493942704,60088493943611,60088497302765,60088497303987,994,0
537,60088490469000,60088501113361,60088501114121,60088504527015,60088504528348,994,0
538,60088499179000,60088509825272,60088509826069,60088513143982,60088513145038,994,0
539,60088507890000,60088518800960,60088518801831,60088522241317,60088522242743,994,0
540,60088516600000,60088527292243,60088527293094,60088530629656,60088530630674,994,0
541,60088525311000,60088535914006,60088535914858,60088539277937,60088539278882,994,0
542,60088534021000,60088546197448,60088546198281,60088549635212,60088549636194,994,0
543,60088542732000,60088553658549,60088553659419,60088557173647,60088557174702,994,0
544,60088551442000,60088562077202,60088562077980,60088565540596,60088565541503,994,0
545,60088560153000,60088570774335,60088570775039,60088574105767,60088574106859,994,0
546,60088568864000,60088579550857,60088579551746,60088583051584,60088583052640,994,0
547,60088577574000,60088588474582,60088588475582,60088591971772,60088591973050,994,0
548,60088586284000,60088598460136,60088598461136,60088601796383,60088601797364,994,0
549,60088594995000,60088605682998,60088605683942,60088609169966,60088609171262,994,0
550,60088603705000,60088614352576,60088614353298,60088617686266,60088617687174,994,0
551,60088612416000,60088623324523,60088623325319,60088626680176,60088626681362,994,0
552,60088621126000,60088631802083,60088631802935,60088635151051,60088635152125,994,0
553,60088629837000,60088640472938,60088640473846,60088643839055,60088643840444,994,0
554,60088638547000,60088650750325,60088650751103,60088654101923,60088654103016,994,0
555,60088647258000,60088658244592,60088658245555,60088661799820,60088661800745,994,0
556,60088655968000,60088666615190,60088666616116,60088670099177,60088670100232,994,0
557,60088664679000,60088675307120,60088675307879,60088678649570,60088678650681,994,0
558,60088673389000,60088684087493,60088684088234,60088687513147,60088687514165,994,0
559,60088682100000,60088693000348,60088693001274,60088696404780,60088696405928,994,0
560,60088690810000,60088702990162,60088702991125,60088706340501,60088706342001,994,0
561,60088699521000,60088710169486,60088710170375,60088713614362,60088713615714,994,0
562,60088708232000,60088718880545,60088718881360,60088722280495,60088722281606,994,0
563,60088716942000,60088727846492,60088727847437,60088731292072,60088731293553,994,0
564,60088725653000,60088736360904,60088736361756,60088739878983,60088739880002,994,0
565,60088734363000,60088744973501,60088744974482,60088748343617,60088748344932,994,0
566,60088743073000,60088755274795,60088755275517,60088758639800,60088758640745,994,0
567,60088751784000,60088762725396,60088762726377,60088766069494,60088766070346,994,0
568,60088760495000,60088771136845,60088771137567,60088774529202,60088774530202,994,0
569,60088769205000,60088779842052,60088779842812,60088783244150,60088783245261,994,0
570,60088777915000,60088788622870,60088788623574,60088791955506,60088791956506,994,0
571,60088786626000,60088797516466,60088797517281,60088800899972,60088800900935,994,0
572,60088795336000,60088807523835,60088807524594,60088810882674,60088810883711,994,0
573,60088804047000,60088814695585,60088814696400,60088818140591,60088818141665,994,0
574,60088812758000,60088823393904,60088823394589,60088826874909,60088826875724,994,0
575,60088821468000,60088832397740,60088832398573,60088835922967,60088835923856,994,0
576,60088830179000,60088840869226,60088840870170,60088844262583,60088844263916,994,0
577,60088838889000,60088849500637,60088849501489,60088852830884,60088852831810,994,0
578,60088847599000,60088859776524,60088859777542,60088863253788,60088863254770,994,0
579,60088856310000,60088867238958,60088867239791,60088870658408,60088870659982,994,0
580,60088865021000,60088875653944,60088875654833,60088879023154,60088879024117,994,0
581,60088873731000,60088884395652,60088884396448,60088887721491,60088887722731,994,0
582,60088882442000,60088893141451,60088893141988,60088896542327,60088896543475,994,0
583,60088891152000,60088902040195,60088902040973,60088905539015,60088905539774,994,0
584,60088899863000,60088912051879,60088912052583,60088915357218,60088915358274,994,0
585,60088908573000,60088919182037,60088919182815,60088922517431,60088922518265,994,0
586,60088917283000,60088927912688,60088927913540,60088931263935,60088931264805,994,0
587,60088925994000,60088936902135,60088936903043,60088940337030,60088940338067,994,0
588,60088934705000,60088945422677,60088945423381,60088948794386,60088948795571,994,0
589,60088943415000,60088954036070,60088954036848,60088957329835,60088957331131,994,0
590,60088952126000,60088964320753,60088964321493,60088967634147,60088967635036,994,0
591,60088960837000,60088971754113,60088971755150,60088975188174,60088975189081,994,0
592,60088969547000,60088980185247,60088980186062,60088983548660,60088983549734,994,0
593,60088978257000,60088988899603,60088988900436,60088992346090,60088992347034,994,0
594,60088986968000,60088997661662,60088997662717,60089001102926,60089001104112,994,0
595,60088995678000,60089006567035,60089006567702,60089009916985,60089009918059,994,0
596,60089004389000,60089016571663,60089016572478,60089019924984,60089019925799,994,0
597,60089013099000,60089023744451,60089023745303,60089027035401,60089027036438,994,0
598,60089021810000,60089032460565,60089032461454,60089035805497,60089035806590,994,0
599,60089030520000,60089041438605,60089041439383,60089044819574,60089044820629,994,0
600,60089039231000,60089049923591,60089049924313,60089053283338,60089053284560,994,0
601,60089047941000,60089058537873,60089058538688,60089061892027,60089061892805,994,0
602,60089056652000,60089068834741,60089068835408,60089072233654,60089072234839,994,0
603,60089065362000,60089076339490,60089076340101,60089079787440,60089079788643,994,0
604,60089074073000,60089084725791,60089084726569,60089088102815,60089088103686,994,0
605,60089082784000,60089093413295,60089093414184,60089096746893,60089096747912,994,0
606,60089091494000,60089102177206,60089102177891,60089105547193,60089105548008,994,0
607,60089100204000,60089111090912,60089111091653,60089114459492,60089114460399,994,0
608,60089108915000,60089121100966,60089121101874,60089124470231,60089124471305,994,0
609,60089117625000,60089128276846,60089128277550,60089131621482,60089131622445,994,0
610,60089126336000,60089136985572,60089136986294,60089140546670,60089140547985,994,0
611,60089135049000,60089145960464,60089145961260,60089149284895,60089149285766,994,0
612,60089143757000,60089154456061,60089154456765,60089157843752,60089157844826,994,0
613,60089152467000,60089163060269,60089163061435,60089166533533,60089166534255,994,0
614,60089161178000,60089173364285,60089173364877,60089176739142,60089176740216,994,0
615,60089169888000,60089180824904,60089180825830,60089184294095,60089184295058,994,0
616,60089178599000,60089189231409,60089189232409,60089192645433,60089192646489,994,0
617,60089187309000,60089197944653,60089197945431,60089201322085,60089201323011,994,0
618,60089196020000,60089206704361,60089206705138,60089210012922,60089210013589,994,0
619,60089204730000,60089215607678,60089215608493,60089218991591,60089218992776,994,0
620,60089213441000,60089225626029,60089225626992,60089229068923,60089229070034,994,0
621,60089222152000,60089232796112,60089232796927,60089236191970,60089236192951,994,0
622,60089230862000,60089241508098,60089241508912,60089244864918,60089244866103,994,0
623,60089239572000,60089250485563,60089250486156,60089253888439,60089253889513,994,0
624,60089248283000,60089258966753,60089258967549,60089262369406,60089262370499,994,0
625,60089256993000,60089267600183,60089267600979,60089271034799,60089271035688,994,0
626,60089265704000,60089277903402,60089277904384,60089281345019,60089281346019,994,0
627,60089274414000,60089285329189,60089285330059,60089288851712,60089288853064,994,0
628,60089283125000,60089293762416,60089293763156,60089297280828,60089297281865,994,0
629,60089291835000,60089302469956,60089302470734,60089305850129,60089305851110,994,0
630,60089300546000,60089311234997,60089311235830,60089314686965,60089314688150,994,0
631,60089309256000,60089320137389,60089320138129,60089323521783,60089323522709,994,0
632,60089317967000,60089330147943,60089330148739,60089333576208,60089333577226,994,0
633,60089326677000,60089337318304,60089337319193,60089340685180,60089340686051,994,0
634,60089335388000,60089346040734,60089346041456,60089349502813,60089349503906,994,0
635,60089344098000,60089355021403,60089355022199,60089358354076,60089358355038,994,0
636,60089352809000,60089363495704,60089363496537,60089366849543,60089366850432,994,0
637,60089361519000,60089372162819,60089372163689,60089375492084,60089375493232,994,0
638,60089370231000,60089382417965,60089382418631,60089385883785,60089385884785,994,0
639,60089378940000,60089389864381,60089389865010,60089393306627,60089393307571,994,0
640,60089387651000,60089398287922,60089398288811,60089401642391,60089401643169,994,0
641,60089396362000,60089406984889,60089406985815,60089410404857,60089410405783,994,0
642,60089405072000,60089415747837,60089415748800,60089419178509,60089419179676,994,0
643,60089413782000,60089424684469,60089424685377,60089428060531,60089428061864,994,0
644,60089422493000,60089434683450,60089434684357,60089438074011,60089438075214,994,0
645,60089431203000,60089441873737,60089441874663,60089445333390,60089445334446,994,0
646,60089439914000,60089450561611,60089450562518,60089453929061,60089453930302,994,0
647,60089448624000,60089459530577,60089459531484,60089462940823,60089462942212,994,0
648,60089457335000,60089468030470,60089468031248,60089471346346,60089471347698,994,0
649,60089466045000,60089476661178,60089476662029,60089479992906,60089479994017,994,0
650,60089474756000,60089486939527,60089486940805,60089490260366,60089490261348,994,0
651,60089483467000,60089494444683,60089494445480,60089497800319,60089497801485,994,0
652,60089492178000,60089502807985,60089502808762,60089506196046,60089506196824,994,0
653,60089500887000,60089511510118,60089511510951,60089515004827,60089515005994,994,0
654,60089509598000,60089520309695,60089520310566,60089523705738,60089523706812,994,0
655,60089518309000,60089529202939,60089529203643,60089532695148,60089532696018,994,0
656,60089527019000,60089539208271,60089539209178,60089542533981,60089542534999,994,0
657,60089535729000,60089546385725,60089546386762,60089549827119,60089549828601,994,0
658,60089544440000,60089555091877,60089555092636,60089558457382,60089558458531,994,0
659,60089553151000,60089564077342,60089564078231,60089567599496,60089567600533,994,0
660,60089561861000,60089572553903,60089572554810,60089576012000,60089576013093,994,0
661,60089570572000,60089581183481,60089581184314,60089584505894,60089584507042,994,0
662,60089579282000,60089591468497,60089591469367,60089594854243,60089594855243,994,0
663,60089587992000,60089598925135,60089598926264,60089602228418,60089602229548,994,0
664,60089596703000,60089607332565,60089607333325,60089610739589,60089610740589,994,0
665,60089605414000,60089616053328,60089616054291,60089619401612,60089619402575,994,0
666,60089614124000,60089624833906,60089624834813,60089628226097,60089628227022,994,0
667,60089622835000,60089633726501,60089633727298,60089637169581,60089637170784,994,0
668,60089631545000,60089643726796,60089643727426,60089647101913,60089647102857,994,0
669,60089640256000,60089650886176,60089650886954,60089654388144,60089654389163,994,0
670,60089648966000,60089659600921,60089659601847,60089663017982,60089663019019,994,0
671,60089657677000,60089668606423,60089668607219,60089671985299,60089671986429,994,0
672,60089666387000,60089677069854,60089677070650,60089680398174,60089680399415,994,0
673,60089675098000,60089685699469,60089685700265,60089689030363,60089689031493,994,0
674,60089683808000,60089695987670,60089695988374,60089699268861,60089699269843,994,0
675,60089692519000,60089703433012,60089703433845,60089706804203,60089706805684,994,0
676,60089701229000,60089711869924,60089711870980,60089715262115,60089715263078,994,0
677,60089709940000,60089720606761,60089720607576,60089724012026,60089724013303,994,0
678,60089718650000,60089729353246,60089729354098,60089732737788,60089732738937,994,0
679,60089727361000,60089738244508,60089738245416,60089741600606,60089741601236,994,0
680,60089736072000,60089748260322,60089748260988,60089751598994,60089751600012,994,0
681,60089744782000,60089755427776,60089755428461,60089758788096,60089758789022,994,0
682,60089753492000,60089764137205,60089764138076,60089767462192,60089767463026,994,0
683,60089762203000,60089773128226,60089773129060,60089776558824,60089776559880,994,0
684,60089770913000,60089781595990,60089781596935,60089784914514,60089784915422,994,0
685,60089779624000,60089790234438,60089790235235,60089793550055,60089793551074,994,0
686,60089788335000,60089800527010,60089800527732,60089803919127,60089803920367,994,0
687,60089797045000,60089807961741,60089807962852,60089811337617,60089811338506,994,0
688,60089805755000,60089816396079,60089816396875,60089819724418,60089819725622,994,0
689,60089814466000,60089825109620,60089825110471,60089828435922,60089828437199,994,0
690,60089823176000,60089833863364,60089833864234,60089837232980,60089837234110,994,0
691,60089831887000,60089842771700,60089842772441,60089846263076,60089846264094,994,0
692,60089840597000,60089852799643,60089852800532,60089856202352,60089856203611,994,0
693,60089849308000,60089859942245,60089859943227,60089863367121,60089863368362,994,0
694,60089858018000,60089868675082,60089868675897,60089872059199,60089872060217,994,0
695,60089866729000,60089877641974,60089877642826,60089881057590,60089881058720,994,0
696,60089875439000,60089886146071,60089886146682,60089889505002,60089889506558,994,0
697,60089884150000,60089894751575,60089894752686,60089898252210,60089898253450,994,0
698,60089892860000,60089905065017,60089905065720,60089908439170,60089908440226,994,0
699,60089901571000,60089912550247,60089912550988,60089915915568,60089915916438,994,0
700,60089910282000,60089920921086,60089920921937,60089924256073,60089924256888,994,0
701,60089918992000,60089929631682,60089929632497,60089932957614,60089932958891,994,0
702,60089927702000,60089938394315,60089938395167,60089941911061,60089941912190,994,0
703,60089936413000,60089947315577,60089947316540,60089950820378,60089950822064,994,0
704,60089945124000,60089957323594,60089957324409,60089960694766,60089960695655,994,0
705,60089953834000,60089964481733,60089964482493,60089967865295,60089967866183,994,0
706,60089962545000,60089973196570,60089973197311,60089976562613,60089976563613,994,0
707,60089971255000,60089982184980,60089982185851,60089985540356,60089985541634,994,0
708,60089979966000,60089990669337,60089990670318,60089994132972,60089994134379,994,0
709,60089988676000,60089999284563,60089999285378,60090002582921,60090002583884,994,0
710,60089997386000,60090009590857,60090009591616,60090012983085,60090012984177,994,0
711,60090006097000,60090017024143,60090017024865,60090020432704,60090020433315,994,0
712,60090014807000,60090025462814,60090025463796,60090028843783,60090028844783,994,0
713,60090023518000,60090034165874,60090034166689,60090037587175,60090037588453,994,0
714,60090032228000,60090042933210,60090042934062,60090046404901,60090046406068,994,0
715,60090040939000,60090051824991,60090051825936,60090055245330,60090055246719,994,0
716,60090049650000,60090061837397,60090061838305,60090065293903,60090065294921,994,0
717,60090058360000,60090069015499,60090069016351,60090072342857,60090072343801,994,0
718,60090067071000,60090077705373,60090077706225,60090081131749,60090081132805,994,0
719,60090075781000,60090086702820,60090086703765,60090090122752,60090090123807,994,0
720,60090084491000,60090095181677,60090095182566,60090098566312,60090098567053,994,0
721,60090093202000,60090103804903,60090103805885,60090107187131,60090107188131,994,0
722,60090101913000,60090114098771,60090114099790,60090117468462,60090117469703,994,0
723,60090110623000,60090121568020,60090121568816,60090124879767,60090124880619,994,0
724,60090119334000,60090129968692,60090129969525,60090133263957,60090133264660,994,0
725,60090128044000,60090138699158,60090138699843,60090142075201,60090142076219,994,0
726,60090136755000,60090147440588,60090147441476,60090150800519,60090150801556,994,0
727,60090145465000,60090156375146,60090156375887,60090159713818,60090159714485,994,0
728,60090154175000,60090166353978,60090166354626,60090169766354,60090169767521,994,0
729,60090162886000,60090173549506,60090173550395,60090176983585,60090176984641,994,0
730,60090171597000,60090182243251,60090182244343,60090185618219,60090185619349,994,0
731,60090180307000,60090191216642,60090191217531,60090194629684,60090194630629,994,0
732,60090189018000,60090199703980,60090199704887,60090203134726,60090203135726,994,0
733,60090197728000,60090208344706,60090208345632,60090211662360,60090211663675,994,0
734,60090206439000,60090218639981,60090218640722,60090222020857,60090222021746,994,0
735,60090215149000,60090226076619,60090226077305,60090229438884,60090229440162,994,0
736,60090223859000,60090234505495,60090234506254,60090237848908,60090237849852,994,0
737,60090232570000,60090243212313,60090243213257,60090246569226,60090246570282,994,0
738,60090241280000,60090251969854,60090251970983,60090255366470,60090255367655,994,0
739,60090249991000,60090260882727,60090260883486,60090264313195,60090264314288,994,0
740,60090258702000,60090270900503,60090270901688,60090274305601,60090274306546,994,0
741,60090267412000,60090278066216,60090278067161,60090281559073,60090281560148,994,0
742,60090276123000,60090286763757,60090286764553,60090290090300,60090290091615,994,0
743,60090284833000,60090295748667,60090295749519,60090299092877,60090299093877,994,0
744,60090293544000,60090304247783,60090304248931,60090307644603,60090307645603,994,0
745,60090302254000,60090312864972,60090312865694,60090316194237,60090316195089,994,0
746,60090310965000,60090323145729,60090323146507,60090326562827,60090326563716,994,0
747,60090319675000,60090330651663,60090330652367,60090334032113,60090334033261,994,0
748,60090328386000,60090339029409,60090339030094,60090342389470,60090342390303,994,0
749,60090337096000,60090347734338,60090347734986,60090351102085,60090351103122,994,0
750,60090345807000,60090356529953,60090356530916,60090359842162,60090359843329,994,0
751,60090354517000,60090365406919,60090365407678,60090368885276,60090368886220,994,0
752,60090363228000,60090375411010,60090375411991,60090378871015,60090378872145,994,0
753,60090371938000,60090382581834,60090382582705,60090385889618,60090385890525,994,0
754,60090380649000,60090391287005,60090391287894,60090394808287,60090394809454,994,0
755,60090389360000,60090400293452,60090400294211,60090403613124,60090403613976,994,0
756,60090398070000,60090408782808,60090408783641,60090412148110,60090412149165,994,0
757,60090406780000,60090417379775,60090417380775,60090420755225,60090420756077,994,0
758,60090415491000,60090427669180,60090427670050,60090431132074,60090431133185,994,0
759,60090424202000,60090435124448,60090435125318,60090438464398,60090438465287,994,0
760,60090432912000,60090443549378,60090443550230,60090446995198,60090446996587,994,0
761,60090441622000,60090452270141,60090452271104,60090455561184,60090455561851,994,0
762,60090450333000,60090461035200,60090461036200,60090464581131,60090464582353,994,0
763,60090459044000,60090469932055,60090469932944,60090473325820,60090473327042,994,0
764,60090467754000,60090479931961,60090479932850,60090483331485,60090483332615,994,0
765,60090476464000,60090487101822,60090487102619,60090490436958,60090490438162,994,0
766,60090485175000,60090495815085,60090495815882,60090499168850,60090499169591,994,0
767,60090493885000,60090504810903,60090504811736,60090508155371,60090508156001,994,0
768,60090502596000,60090513284555,60090513285426,60090516706135,60090516707098,994,0
769,60090511306000,60090521918541,60090521919337,60090525297417,60090525298657,994,0
770,60090520017000,60090532204631,60090532205353,60090535518118,60090535519044,994,0
771,60090528728000,60090539627695,60090539628880,60090542940997,60090542942182,994,0
772,60090537438000,60090548107218,60090548108144,60090551547335,60090551548594,994,0
773,60090546148000,60090556814370,60090556815407,60090560202153,60090560203468,994,0
774,60090554859000,60090565561559,60090565562336,60090568939305,60090568940527,994,0
775,60090563569000,60090574448747,60090574449599,60090577799567,60090577800493,994,0
776,60090572280000,60090584475782,60090584476338,60090587851455,60090587852770,994,0
777,60090580990000,60090591623533,60090591624755,60090595022094,60090595023372,994,0
778,60090589701000,60090600353629,60090600354222,60090603699561,60090603700505,994,0
779,60090598411000,60090609322576,60090609323613,60090612723304,60090612724637,994,0
780,60090607122000,60090617822988,60090617823766,60090621293697,60090621294845,994,0
781,60090615833000,60090626452677,60090626453492,60090629816886,60090629817905,994,0
782,60090624543000,60090636750230,60090636750952,60090640092532,60090640093477,994,0
783,60090633254000,60090644179739,60090644180498,60090647571541,60090647572485,994,0
784,60090641964000,60090652625521,60090652626206,60090656062249,60090656063212,994,0
785,60090650675000,60090661315599,60090661316303,60090664659975,60090664661179,994,0
786,60090659385000,60090670093491,60090670094288,60090673526552,60090673527811,994,0
787,60090668096000,60090678987365,60090678988309,60090682414888,60090682416148,994,0
788,60090676806000,60090688991215,60090688991826,60090692391017,60090692392017,994,0
789,60090685517000,60090696171984,60090696172762,60090699554767,60090699555749,994,0
790,60090694227000,60090704875284,60090704875988,60090708253252,60090708254289,994,0
791,60090702937000,60090713859805,60090713860620,60090717304810,60090717305903,994,0
792,60090711648000,60090722351809,60090722352902,60090725690963,60090725692056,994,0
793,60090720358000,60090730969258,60090730970239,60090734379856,60090734380948,994,0
794,60090729069000,60090741250033,60090741251107,60090744684928,60090744686168,994,0
795,60090737779000,60090748756671,60090748757579,60090752172084,60090752172825,994,0
796,60090746490000,60090757150695,60090757151472,60090760515256,60090760516459,994,0
797,60090755201000,60090765850902,60090765851754,60090769169352,60090769170519,994,0
798,60090763911000,60090774611942,60090774612887,60090778056318,60090778057003,994,0
799,60090772622000,60090783516353,60090783517223,60090786850062,60090786851099,994,0
800,60090781332000,60090793524240,60090793525166,60090796992060,60090796993264,994,0
801,60090790043000,60090800708287,60090800708991,60090804033478,60090804034681,994,0
802,60090798753000,60090809405216,60090809405976,60090812723056,60090812724167,994,0
803,60090807464000,60090818386330,60090818387145,60090821822076,60090821823132,994,0
804,60090816174000,60090826866816,60090826867742,60090830197840,60090830199174,994,0
805,60090824885000,60090835497839,60090835498635,60090838916844,60090838917974,994,0
806,60090833595000,60090845785762,60090845786929,60090849112805,60090849113953,994,0
807,60090842305000,60090853244493,60090853245419,60090856620758,60090856622369,994,0
808,60090851016000,60090861656775,60090861657609,60090865011040,60090865012281,994,0
809,60090859727000,60090870370964,60090870371890,60090873733951,60090873734914,994,0
810,60090868437000,60090879129560,60090879130394,60090882599714,60090882600954,994,0
811,60090877148000,60090888047156,60090888048137,60090891429346,60090891430976,994,0
812,60090885858000,60090898042414,60090898043358,60090901521215,60090901522697,994,0
813,60090894569000,60090905224053,60090905224812,60090908702225,60090908703021,994,0
814,60090903280000,60090913940353,60090913941149,60090917317655,60090917318988,994,0
815,60090911990000,60090922899059,60090922899800,60090926277694,60090926278935,994,0
816,60090920700000,60090931387471,60090931388286,60090934845884,60090934847161,994,0
817,60090929411000,60090940027197,60090940028067,60090943567628,60090943568739,994,0
818,60090938121000,60090950313621,60090950314547,60090953662460,60090953663737,994,0
819,60090946832000,60090957762444,60090957763259,60090961161468,60090961162579,994,0
820,60090955542000,60090966197875,60090966198745,60090969606639,60090969607713,994,0
821,60090964253000,60090974905175,60090974905971,60090978389494,60090978390624,994,0
822,60090972963000,60090983651382,60090983652363,60090987008350,60090987009684,994,0
823,60090981674000,60090992569329,60090992570218,60090995934964,60090995935872,994,0
824,60090990384000,60091002566809,60091002567883,60091005958444,60091005959722,994,0
825,60090999095000,60091009751541,60091009752522,60091013274620,60091013275676,994,0
826,60091007805000,60091018457137,60091018457859,60091021773717,60091021774754,994,0
827,60091016516000,60091027423566,60091027424344,60091030885571,60091030886515,994,0
828,60091025226000,60091035916867,60091035917904,60091039397112,60091039398335,994,0
829,60091033937000,60091044560593,60091044561352,60091048026079,60091048027135,994,0
830,60091042647000,60091054820127,60091054820850,60091058199151,60091058200189,994,0
831,60091051358000,60091062290321,60091062291080,60091065639086,60091065640141,994,0
832,60091060068000,60091070717789,60091070718641,60091074086850,60091074088257,994,0
833,60091068779000,60091079411015,60091079411885,60091082860761,60091082862131,994,0
834,60091077489000,60091088200536,60091088201555,60091091569561,60091091571079,994,0
835,60091086200000,60091097100410,60091097101225,60091100461249,60091100462397,994,0
836,60091094910000,60091107119019,60091107119723,60091110439007,60091110439914,994,0
837,60091103621000,60091114283918,60091114284807,60091117616313,60091117617276,994,0
838,60091112331000,60091122960922,60091122961737,60091126313094,60091126314168,994,0
839,60091121042000,60091131945943,60091131946998,60091135356448,60091135357596,994,0
840,60091129752000,60091140461966,60091140462892,60091143808675,60091143810157,994,0
841,60091138463000,60091149077988,60091149079007,60091152419698,60091152420605,994,0
842,60091147174000,60091159369393,60091159370356,60091162733751,60091162734806,994,0
843,60091155884000,60091166855457,60091166856420,60091170172315,60091170173222,994,0
844,60091164594000,60091175226610,60091175227536,60091178629912,60091178631023,994,0
845,60091173305000,60091183948188,60091183949373,60091187359156,60091187359971,994,0
846,60091182015000,60091192726895,60091192728080,60091196101160,60091196102308,994,0
847,60091190726000,60091201613546,60091201614416,60091204978348,60091204979385,994,0
848,60091199436000,60091211617952,60091211618711,60091215017272,60091215018272,994,0
849,60091208147000,60091218793036,60091218794017,60091222169634,60091222170875,994,0
850,60091216857000,60091227498373,60091227499206,60091230876156,60091230877026,994,0
851,60091225568000,60091236505486,60091236506301,60091239852659,60091239853585,994,0
852,60091234279000,60091244979972,60091244980639,60091248367385,60091248368311,994,0
853,60091242989000,60091253606884,60091253607624,60091256940149,60091256941519,994,0
854,60091251700000,60091263910955,60091263911863,60091267268331,60091267269517,994,0
855,60091260410000,60091271336575,60091271337408,60091274745229,60091274746488,994,0
856,60091269120000,60091279753302,60091279754024,60091283071512,60091283072845,994,0
857,60091277831000,60091288497694,60091288498917,60091291844404,60091291845200,994,0
858,60091286541000,60091297237068,60091297237883,60091300595667,60091300596555,994,0
859,60091295252000,60091306139756,60091306140719,60091309622947,60091309624262,994,0
860,60091303962000,60091316170440,60091316171422,60091319629519,60091319630649,994,0
861,60091312673000,60091323315413,60091323316191,60091326658881,60091326660233,994,0
862,60091321383000,60091332032120,60091332033009,60091335392311,60091335393348,994,0
863,60091330094000,60091341023419,60091341024252,60091344376017,60091344376943,994,0
864,60091338805000,60091349503979,60091349504720,60091352949670,60091352950503,994,0
865,60091347515000,60091358119020,60091358119890,60091361556822,60091361557970,994,0
866,60091356225000,60091368422406,60091368422962,60091371747116,60091371748097,994,0
867,60091364936000,60091375855211,60091375856008,60091379375402,60091379376476,994,0
868,60091373647000,60091384298549,60091384299549,60091387649370,60091387650259,994,0
869,60091382357000,60091393000516,60091393001720,60091396412707,60091396413707,994,0
870,60091391067000,60091401766205,60091401767001,60091405166729,60091405167599,994,0
871,60091399778000,60091410673393,60091410674300,60091414063176,60091414064343,994,0
872,60091408488000,60091420701021,60091420701836,60091424139193,60091424140341,994,0
873,60091417199000,60091427835123,60091427835901,60091431174258,60091431175073,994,0
874,60091425910000,60091436563497,60091436564738,60091439958077,60091439959336,994,0
875,60091434620000,60091445539463,60091445540240,60091449047097,60091449048023,994,0
876,60091443330000,60091454033097,60091454033949,60091457391417,60091457392473,994,0
877,60091452041000,60091462674786,60091462675638,60091466053347,60091466054458,994,0
878,60091460752000,60091472967783,60091472968728,60091476453918,60091476454918,994,0
879,60091469462000,60091480409014,60091480410236,60091483798779,60091483799520,994,0
880,60091478173000,60091488832000,60091488832649,60091492221395,60091492222395,994,0
881,60091486883000,60091497533023,60091497533745,60091500879991,60091500881306,994,0
882,60091495594000,60091506292470,60091506293470,60091509770439,60091509771531,994,0
883,60091504304000,60091515195362,60091515196159,60091518534831,60091518535738,994,0
884,60091513015000,60091525213602,60091525214416,60091528720755,60091528721644,994,0
885,60091521725000,60091532380926,60091532381796,60091535678765,60091535680024,994,0
886,60091530436000,60091541091430,60091541092207,60091544524194,60091544525342,994,0
887,60091539146000,60091550080932,60091550081747,60091553468827,60091553469845,994,0
888,60091547857000,60091558551548,60091558552344,60091561921461,60091561922498,994,0
889,60091556567000,60091567167015,60091567167719,60091570502891,60091570504039,994,0
890,60091565278000,60091577459716,60091577460642,60091580785685,60091580786611,994,0
891,60091573988000,60091584958558,60091584959576,60091588347360,60091588348471,994,0
892,60091582698000,60091593346433,60091593347026,60091596751661,60091596752512,994,0
893,60091591409000,60091602059122,60091602059955,60091605500960,60091605502127,994,0
894,60091600120000,60091610807699,60091610808570,60091614285705,60091614287130,994,0
895,60091608830000,60091619738443,60091619739350,60091623148837,60091623149967,994,0
896,60091617541000,60091629724756,60091629725645,60091633162891,60091633164095,994,0
897,60091626251000,60091636927340,60091636928229,60091640371734,60091640372882,994,0
898,60091634962000,60091645609473,60091645610121,60091649126867,60091649128015,994,0
899,60091643672000,60091654602217,60091654603013,60091658036870,60091658038148,994,0
900,60091652383000,60091663068277,60091663069055,60091666475116,60091666475986,994,0
901,60091661093000,60091671688873,60091671689651,60091675079675,60091675080712,994,0
902,60091669804000,60091682003075,60091682004130,60091685418191,60091685419135,994,0
903,60091678514000,60091689447231,60091689447898,60091692769292,60091692770348,994,0
904,60091687225000,60091697873995,60091697874810,60091701360241,60091701361315,994,0
905,60091695935000,60091706583832,60091706584721,60091709981264,60091709982060,994,0
906,60091704646000,60091715327799,60091715328595,60091718683934,60091718685008,994,0
907,60091713356000,60091724248542,60091724249468,60091727618788,60091727620122,994,0
908,60091722067000,60091734269152,60091734269893,60091737659935,60091737660843,994,0
909,60091730777000,60091741424236,60091741425143,60091744863889,60091744865630,994,0
910,60091739488000,60091750124536,60091750125443,60091753532652,60091753534189,994,0
911,60091748198000,60091759104834,60091759105631,60091762474488,60091762475525,994,0
912,60091756909000,60091767592283,60091767593061,60091770933122,60091770934511,994,0
913,60091765619000,60091776225472,60091776226547,60091779547978,60091779548904,994,0
914,60091774330000,60091786500452,60091786501341,60091789871383,60091789872624,994,0
915,60091783040000,60091793963145,60091793964442,60091797341873,60091797343058,994,0
916,60091791751000,60091802401854,60091802402705,60091805787618,60091805788600,994,0
917,60091800461000,60091811098024,60091811098709,60091814414178,60091814415363,994,0
918,60091809172000,60091819862398,60091819863268,60091823284366,60091823285218,994,0
919,60091817882000,60091828773512,60091828774327,60091832121166,60091832122184,994,0
920,60091826593000,60091838779788,60091838780640,60091842200923,60091842201757,994,0
921,60091835303000,60091845967464,60091845968594,60091849292470,60091849293803,994,0
922,60091844016000,60091854663801,60091854664579,60091858040696,60091858041900,994,0
923,60091852725000,60091863649119,60091863650026,60091867010736,60091867011921,994,0
924,60091861435000,60091872131086,60091872131790,60091875635684,60091875636647,994,0
925,60091870145000,60091880757257,60091880758405,60091884112651,60091884114059,994,0
926,60091878856000,60091891043217,60091891044162,60091894440167,60091894441297,994,0
927,60091887566000,60091898496115,60091898497041,60091901892787,60091901893935,994,0
928,60091896277000,60091906913842,60091906914712,60091910368699,60091910369699,994,0
929,60091904987000,60091915620882,60091915621642,60091918959166,60091918960351,994,0
930,60091913698000,60091924408367,60091924409515,60091927706447,60091927707706,994,0
931,60091922408000,60091933311481,60091933312296,60091936668505,60091936669487,994,0
932,60091931119000,60091943501424,60091943502109,60091946868966,60091946869855,994,0
933,60091939829000,60091950488952,60091950489730,60091953801532,60091953802551,994,0
934,60091948540000,60091959192938,60091959193623,60091962566851,60091962568017,994,0
935,60091957251000,60091968169107,60091968170051,60091971573723,60091971574909,994,0
936,60091965961000,60091976672778,60091976673667,60091979982636,60091979983913,994,0
937,60091974671000,60091985272689,60091985273541,60091988589584,60091988590640,994,0
938,60091983382000,60091995568613,60091995569391,60091998919119,60091998920211,994,0
939,60091992093000,60092003055973,60092003056751,60092006600478,60092006601645,994,0
940,60092000804000,60092011558385,60092011559403,60092015021427,60092015022612,994,0
941,60092009516000,60092020153685,60092020154408,60092023654394,60092023655302,994,0
942,60092018224000,60092028914633,60092028915337,60092032300472,60092032301657,994,0
943,60092026936000,60092037858080,60092037858710,60092041201623,60092041202679,994,0
944,60092035646000,60092047817246,60092047817764,60092051260936,60092051262066,994,0
945,60092044357000,60092055004459,60092055005163,60092058456687,60092058457872,994,0
946,60092053067000,60092063699389,60092063700074,60092067287005,60092067288060,994,0
947,60092061778000,60092072818669,60092072819391,60092076430451,60092076431470,994,0
948,60092070489000,60092081265710,60092081266395,60092084755919,60092084756993,994,0
949,60092079198000,60092089912455,60092089913344,60092093397793,60092093398719,994,0
950,60092087909000,60092100151045,60092100151712,60092103712606,60092103713291,994,0
951,60092096619000,60092107641017,60092107641905,60092111259688,60092111260855,994,0
952,60092105331000,60092116068799,60092116069651,60092119546656,60092119548175,994,0
953,60092114040000,60092124774766,60092124775414,60092128348289,60092128349900,994,0
954,60092122752000,60092133523121,60092133523714,60092136976960,60092136978219,994,0
955,60092131461000,60092142458328,60092142459198,60092145957907,60092145959018,994,0
956,60092140173000,60092152431234,60092152432252,60092155934702,60092155935591,994,0
957,60092148885000,60092159613095,60092159613873,60092163070582,60092163071860,994,0
958,60092157593000,60092168227655,60092168228284,60092171672123,60092171673030,994,0
959,60092166303000,60092177218805,60092177219509,60092180611052,60092180611811,994,0
960,60092175014000,60092185679291,60092185679903,60092189089556,60092189090501,994,0
961,60092183724000,60092194338832,60092194339573,60092197825763,60092197826837,994,0
962,60092192435000,60092204612904,60092204613608,60092208075354,60092208076409,994,0
963,60092201145000,60092212064450,60092212065190,60092215478770,60092215479399,994,0
964,60092209856000,60092220497658,60092220498306,60092223926867,60092223927497,994,0
965,60092218566000,60092229192847,60092229193828,60092232617704,60092232618611,994,0
966,60092227276000,60092237980295,60092237980887,60092241374559,60092241375430,994,0
967,60092235987000,60092246868668,60092246869298,60092250340340,60092250340932,994,0
968,60092244699000,60092256860018,60092256860796,60092260291728,60092260292765,994,0
969,60092253408000,60092264053602,60092264054176,60092267515626,60092267516700,994,0
970,60092262118000,60092272747717,60092272748624,60092276088611,60092276089519,994,0
971,60092270829000,60092281727571,60092281728219,60092285120243,60092285121151,994,0
972,60092279541000,60092290212687,60092290213446,60092293538970,60092293540452,994,0
973,60092288251000,60092298854932,60092298855450,60092302365788,60092302367159,994,0
974,60092296961000,60092309138670,60092309139522,60092312661564,60092312662675,994,0
975,60092305673000,60092316612456,60092316613123,60092320132313,60092320133257,994,0
976,60092314382000,60092324998720,60092324999442,60092328496262,60092328497725,994,0
977,60092323092000,60092333745335,60092333745909,60092337230821,60092337231451,994,0
978,60092331803000,60092342475783,60092342476598,60092345891733,60092345892788,994,0
979,60092340513000,60092351389675,60092351390582,60092354734717,60092354735828,994,0
980,60092349224000,60092361370433,60092361371303,60092364730920,60092364732105,994,0
981,60092357934000,60092368569683,60092368570442,60092371927207,60092371927985,994,0
982,60092366645000,60092377267705,60092377268446,60092380602600,60092380603785,994,0
983,60092375355000,60092386260411,60092386261152,60092389631769,60092389632732,994,0
984,60092384066000,60092394718823,60092394719508,60092398102403,60092398103421,994,0
985,60092392776000,60092403393994,60092403394697,60092406692925,60092406693722,994,0
986,60092401487000,60092413653843,60092413654584,60092416997719,60092416998367,994,0
987,60092410198000,60092421183703,60092421184370,60092424502227,60092424502913,994,0
988,60092418909000,60092429534967,60092429535523,60092432966158,60092432966973,994,0
989,60092427619000,60092438256175,60092438256804,60092441585458,60092441586403,994,0
990,60092436329000,60092446994549,60092446995197,60092450286443,60092450287314,994,0
991,60092445039000,60092455925514,60092455926200,60092459355798,60092459357168,994,0
992,60092453751000,60092465975513,60092465976383,60092469405185,60092469406148,994,0
993,60092462460000,60092473213374,60092473214078,60092476627528,60092476628750,994,0
994,60092471171000,60092481907841,60092481908507,60092485337328,60092485338420,994,0
995,60092479881000,60092490896510,60092490897325,60092494372552,60092494373311,994,0
996,60092488593000,60092499352811,60092499353459,60092502853316,60092502854297,994,0
997,60092497302000,60092508029592,60092508030129,60092511616801,60092511617819,994,0
998,60092506013000,60092518237424,60092518238294,60092521717892,60092521718577,994,0
999,60092514723000,60092525760728,60092525761487,60092529260381,60092529260974,994,0
1000,60092523435000,60092534164659,60092534165825,60092537577127,60092537578072,994,0
1001,60092532145000,60092542867237,60092542867885,60092546309779,60092546310538,994,0
1002,60092540855000,60092551620592,60092551621462,60092555030116,60092555030949,994,0
1003,60092549566000,60092560592298,60092560593169,60092564046526,60092564047618,994,0
1004,60092558277000,60092570499612,60092570500353,60092573893266,60092573894099,994,0
1005,60092566987000,60092577665344,60092577666140,60092581085979,60092581086960,994,0
1006,60092575697000,60092586336588,60092586337274,60092589768538,60092589769649,994,0
1007,60092584408000,60092595305091,60092595305758,60092598584653,60092598585875,994,0
1008,60092593119000,60092603794410,60092603795207,60092607139194,60092607140212,994,0
1009,60092601829000,60092612462210,60092612462766,60092615797068,60092615798142,994,0
1010,60092610539000,60092622701764,60092622702542,60092626085566,60092626086566,994,0
1011,60092619250000,60092630189920,60092630190642,60092633505519,60092633506463,994,0
1012,60092627960000,60092638639962,60092638640758,60092642011930,60092642012708,994,0
1013,60092636671000,60092647306410,60092647307206,60092650633601,60092650634712,994,0
1014,60092645381000,60092656054173,60092656055154,60092659400623,60092659401567,994,0
1015,60092654091000,60092664975787,60092664976472,60092668271793,60092668273089,994,0
1016,60092662802000,60092674961137,60092674961860,60092678349032,60092678350161,994,0
1017,60092671512000,60092682173721,60092682174499,60092685574356,60092685575782,994,0
1018,60092680224000,60092690850410,60092690851262,60092694171638,60092694172656,994,0
1019,60092688933000,60092699844635,60092699845394,60092703338695,60092703339862,994,0
1020,60092697645000,60092708331139,60092708332028,60092711765811,60092711766830,994,0
1021,60092706355000,60092716964587,60092716965310,60092720404796,60092720405889,994,0
1022,60092715065000,60092727245363,60092727246011,60092730690887,60092730692035,994,0
1023,60092723777000,60092734711297,60092734712112,60092738183821,60092738185210,994,0
1024,60092732487000,60092743107728,60092743108487,60092746625474,60092746626400,994,0
1025,60092741197000,60092751821435,60092751822139,60092755179848,60092755180737,994,0
1026,60092749907000,60092760604550,60092760605179,60092763898870,60092763900093,994,0
1027,60092758617000,60092769568830,60092769569589,60092773049872,60092773051150,994,0
1028,60092767330000,60092779586958,60092779587495,60092783170019,60092783170982,994,0
1029,60092776042000,60092786799949,60092786800579,60092790257269,60092790258751,994,0
1030,60092784750000,60092795478120,60092795479027,60092799033865,60092799034791,994,0
1031,60092793459000,60092804503585,60092804504363,60092807928109,60092807929220,994,0
1032,60092802171000,60092812955127,60092812955886,60092816381410,60092816382817,994,0
1033,60092810881000,60092821612168,60092821612908,60092825152432,60092825153747,994,0
1034,60092819591000,60092831849017,60092831849740,60092835453078,60092835454078,994,0
1035,60092828302000,60092839400748,60092839401451,60092843020382,60092843021956,994,0
1036,60092837013000,60092847739030,60092847739567,60092851244387,60092851245554,994,0
1037,60092845723000,60092856476590,60092856477386,60092859934891,60092859935873,994,0
1038,60092854433000,60092865201130,60092865201686,60092868644191,60092868644969,994,0
1039,60092863144000,60092874046911,60092874047967,60092877389324,60092877390269,994,0
1040,60092871855000,60092884034188,60092884035021,60092887353749,60092887354749,994,0
1041,60092880565000,60092891189605,60092891190327,60092894518203,60092894519221,994,0
1042,60092889275000,60092899890923,60092899891682,60092903235818,60092903236781,994,0
1043,60092897985000,60092908903314,60092908903981,60092912214172,60092912215117,994,0
1044,60092906697000,60092917382523,60092917383189,60092920723714,60092920724732,994,0
1045,60092915406000,60092926028434,60092926029045,60092929431569,60092929432347,994,0
1046,60092924118000,60092936285524,60092936286191,60092939693641,60092939694474,994,0
1047,60092932828000,60092943894273,60092943895106,60092947379945,60092947380963,994,0
1048,60092941541000,60092952167556,60092952168408,60092955509228,60092955510358,994,0
1049,60092950249000,60092960892374,60092960893060,60092964229380,60092964230621,994,0
1050,60092958959000,60092969686989,60092969687618,60092973191735,60092973192549,994,0
1051,60092967670000,60092978683176,60092978684195,60092982095626,60092982096423,994,0
1052,60092976381000,60092988613194,60092988614027,60092992206217,60092992207180,994,0
1053,60092985092000,60092995818666,60092995819314,60092999388116,60092999389412,994,0
1054,60092993801000,60093004555059,60093004556003,60093008062879,60093008063971,994,0
1055,60093002512000,60093013551006,60093013551802,60093017096974,60093017097862,994,0
1056,60093011223000,60093021990547,60093021991251,60093025529015,60093025530034,994,0
1057,60093019933000,60093030648236,60093030649181,60093034073205,60093034073890,994,0
1058,60093028643000,60093040865864,60093040866716,60093044385147,60093044386221,994,0
1059,60093037355000,60093048390187,60093048391020,60093051902748,60093051904173,994,0
1060,60093046065000,60093056805877,60093056806729,60093060448400,60093060449363,994,0
1061,60093054775000,60093065518418,60093065519566,60093069087959,60093069089015,994,0
1062,60093063486000,60093074166847,60093074167625,60093077494353,60093077495168,994,0
1063,60093072196000,60093083097017,60093083097572,60093086573781,60093086574466,994,0
1064,60093080907000,60093093113293,60093093114034,60093096594687,60093096595391,994,0
1065,60093089619000,60093100261895,60093100262618,60093103568272,60093103569123,994,0
1066,60093098327000,60093108960269,60093108960973,60093112350201,60093112351034,994,0
1067,60093107038000,60093117944254,60093117944846,60093121304815,60093121305593,994,0
1068,60093115750000,60093126423258,60093126424054,60093129772264,60093129772986,994,0
1069,60093124459000,60093135056392,60093135057188,60093138484693,60093138485878,994,0
1070,60093133170000,60093145322760,60093145323556,60093148705247,60093148706024,994,0
1071,60093141880000,60093152784453,60093152785194,60093156124811,60093156125829,994,0
1072,60093150591000,60093161209236,60093161210088,60093164622963,60093164624075,994,0
1073,60093159301000,60093169940369,60093169940999,60093173326486,60093173327504,994,0
1074,60093168015000,60093178690650,60093178691224,60093182053082,60093182053860,994,0
1075,60093176722000,60093187610338,60093187610949,60093191014399,60093191015196,994,0
1076,60093185433000,60093197629911,60093197630448,60093201016324,60093201017509,994,0
1077,60093194144000,60093204794939,60093204795717,60093208100463,60093208101537,994,0
1078,60093202853000,60093213453443,60093213454332,60093216848374,60093216849485,994,0
1079,60093211564000,60093222489927,60093222490723,60093225849951,60093225850729,994,0
1080,60093220275000,60093230938413,60093230938894,60093234351418,60093234352455,994,0
1081,60093228984000,60093239567565,60093239568491,60093242986533,60093242987589,994,0
1082,60093237695000,60093249866451,60093249867192,60093253362160,60093253363456,994,0
1083,60093246407000,60093257369015,60093257369700,60093260785724,60093260786743,994,0
1084,60093255117000,60093265748927,60093265749705,60093269152322,60093269153396,994,0
1085,60093263827000,60093274493061,60093274493931,60093277921677,60093277922529,994,0
1086,60093272538000,60093283226453,60093283227083,60093286541551,60093286542366,994,0
1087,60093281248000,60093292149660,60093292150197,60093295466554,60093295467702,994,0
1088,60093289959000,60093302128695,60093302129325,60093305512108,60093305512886,994,0
1089,60093298670000,60093309301797,60093309302446,60093312711951,60093312712988,994,0
1090,60093307380000,60093318024116,60093318025023,60093321382288,60093321383159,994,0
1091,60093316090000,60093327030859,60093327031526,60093330342532,60093330343291,994,0
1092,60093324801000,60093335483642,60093335484271,60093338899925,60093338901073,994,0
1093,60093333511000,60093344142645,60093344143423,60093347474021,60093347475318,994,0
1094,60093342221000,60093354414069,60093354414773,60093357891889,60093357892630,994,0
1095,60093350932000,60093361897429,60093361898096,60093365238842,60093365239676,994,0
1096,60093359643000,60093370316212,60093370316693,60093373705291,60093373706180,994,0
1097,60093368354000,60093379088363,60093379089252,60093382656794,60093382657850,994,0
1098,60093377064000,60093387842200,60093387842848,60093391309150,60093391310353,994,0
1099,60093385774000,60093396831684,60093396832425,60093400276949,60093400278189,994,0
1100,60093394486000,60093406736628,60093406737313,60093410321910,60093410323151,994,0
1101,60093403195000,60093413987229,60093413987933,60093417540475,60093417541605,994,0
1102,60093411906000,60093422660029,60093422660770,60093426220497,60093426221516,994,0
1103,60093420616000,60093431644828,60093431645532,60093435046704,60093435047686,994,0
1104,60093429328000,60093440131074,60093440131796,60093443584486,60093443586005,994,0
1105,60093438037000,60093448794022,60093448794818,60093452237120,60093452238620,994,0
1106,60093446749000,60093459016723,60093459017538,60093462479914,60093462481117,994,0
1107,60093455458000,60093466515139,60093466515787,60093470067699,60093470068959,994,0
1108,60093464170000,60093474816496,60093474817218,60093478121743,60093478122613,994,0
1109,60093472880000,60093483527648,60093483528592,60093486858302,60093486859542,994,0
1110,60093481591000,60093492291596,60093492292466,60093495741823,60093495742953,994,0
1111,60093490300000,60093501224080,60093501224747,60093504663141,60093504664456,994,0
1112,60093499011000,60093511197727,60093511198282,60093514524677,60093514525751,994,0
1113,60093507724000,60093518412236,60093518412959,60093521779631,60093521780464,994,0
1114,60093516432000,60093527144795,60093527145332,60093530476727,60093530477597,994,0
1115,60093525142000,60093536070965,60093536071872,60093539401322,60093539402434,994,0
1116,60093533853000,60093544554655,60093544555636,60093547994641,60093547995549,994,0
1117,60093542563000,60093553176270,60093553177084,60093556531979,60093556532720,994,0
1118,60093551274000,60093563463378,60093563463971,60093566831977,60093566833143,994,0
1119,60093559986000,60093570979905,60093570980683,60093574468188,60093574469318,994,0
1120,60093568695000,60093579450039,60093579450836,60093582900656,60093582901859,994,0
1121,60093577405000,60093588183487,60093588184302,60093591702622,60093591703770,994,0
1122,60093586115000,60093596922398,60093596923120,60093600505718,60093600506570,994,0
1123,60093594826000,60093605878382,60093605879419,60093609440721,60093609441832,994,0
1124,60093603537000,60093615793974,60093615794770,60093619295961,60093619296960,994,0
1125,60093612247000,60093623032780,60093623033557,60093626557747,60093626559247,994,0
1126,60093620957000,60093631732246,60093631733209,60093635267992,60093635269344,994,0
1127,60093629668000,60093640749952,60093640750749,60093644283809,60093644285013,994,0
1128,60093638381000,60093649175346,60093649175957,60093652740017,60093652741240,994,0
1129,60093647089000,60093657839905,60093657840794,60093661369688,60093661370910,994,0
1130,60093655799000,60093668084199,60093668085051,60093671612019,60093671613278,994,0
1131,60093664510000,60093675520560,60093675521615,60093678906195,60093678907417,994,0
1132,60093673220000,60093683867824,60093683868731,60093687299644,60093687300607,994,0
1133,60093681931000,60093692617346,60093692618253,60093695907370,60093695908426,994,0
1134,60093690641000,60093701353294,60093701354090,60093704668448,60093704669578,994,0
1135,60093699352000,60093710261612,60093710262371,60093713727432,60093713728635,994,0
1136,60093708062000,60093720260814,60093720261684,60093723637005,60093723638042,994,0
1137,60093716774000,60093727434546,60093727435675,60093730838811,60093730840199,994,0
1138,60093725484000,60093736140475,60093736141179,60093739462426,60093739463481,994,0
1139,60093734194000,60093745132496,60093745133441,60093748603446,60093748604853,994,0
1140,60093742904000,60093753609816,60093753610760,60093756999321,60093757000229,994,0
1141,60093751615000,60093762214135,60093762214949,60093765574900,60093765575844,994,0
1142,60093760326000,60093772515428,60093772516317,60093775863564,60093775864582,994,0
1143,60093769037000,60093780037307,60093780038196,60093783376350,60093783377442,994,0
1144,60093777746000,60093788393682,60093788394516,60093791760466,60093791761558,994,0
1145,60093786457000,60093797110871,60093797111742,60093800571265,60093800572321,994,0
1146,60093795168000,60093805853912,60093805854745,60093809174010,60093809175417,994,0
1147,60093803878000,60093814786526,60093814787581,60093818203698,60093818205050,994,0
1148,60093812589000,60093824782117,60093824782932,60093828193437,60093828194604,994,0
1149,60093821301000,60093831964108,60093831965015,60093835301540,60093835302706,994,0
1150,60093830010000,60093840672667,60093840673574,60093844116191,60093844117839,994,0
1151,60093838720000,60093849642447,60093849643373,60093853046157,60093853047046,994,0
1152,60093847431000,60093858126970,60093858127804,60093861580550,60093861581828,994,0
1153,60093856141000,60093866756289,60093866757271,60093870149276,60093870150443,994,0
1154,60093864851000,60093877050435,60093877051342,60093880512329,60093880513440,994,0
1155,60093873562000,60093884519758,60093884520406,60093887800468,60093887801764,994,0
1156,60093882272000,60093892919448,60093892920133,60093896236010,60093896237158,994,0
1157,60093890983000,60093901622896,60093901623674,60093905003328,60093905004309,994,0
1158,60093899693000,60093910382678,60093910383437,60093913735202,60093913735942,994,0
1159,60093908404000,60093919303180,60093919304088,60093922769334,60093922770500,994,0
1160,60093917114000,60093929294198,60093929295383,60093932719407,60093932720536,994,0
1161,60093925825000,60093936491651,60093936492577,60093939817731,60093939818805,994,0
1162,60093934535000,60093945217822,60093945218711,60093948545587,60093948546716,994,0
1163,60093943246000,60093954156787,60093954157602,60093957588867,60093957589996,994,0
1164,60093951957000,60093962648310,60093962649236,60093965976835,60093965977816,994,0
1165,60093960667000,60093971353407,60093971354444,60093974821486,60093974822430,994,0
1166,60093969378000,60093981608460,60093981609349,60093985065539,60093985066632,994,0
1167,60093978089000,60093989140635,60093989141616,60093992687306,60093992688473,994,0
1168,60093986799000,60093997536028,60093997537121,60094000931571,60094000932664,994,0
1169,60093995509000,60094006315198,60094006316217,60094009722593,60094009723945,994,0
1170,60094004223000,60094014995091,60094014995832,60094018423985,60094018425245,994,0
1171,60094012930000,60094023940131,60094023941020,60094027454395,60094027455451,994,0
1172,60094021641000,60094033930296,60094033931481,60094037367302,60094037368228,994,0
1173,60094030351000,60094041171343,60094041172120,60094044608459,60094044609255,994,0
1174,60094039062000,60094049794310,60094049795180,60094053250481,60094053251537,994,0
1175,60094047772000,60094058818349,60094058819238,60094062242336,60094062243558,994,0
1176,60094056483000,60094067250928,60094067251872,60094070722970,60094070723951,994,0
1177,60094065193000,60094075813413,60094075814358,60094079205437,60094079206586,994,0
1178,60094073903000,60094086078096,60094086078874,60094089442472,60094089443306,994,0
1179,60094082616000,60094093593382,60094093594086,60094097111332,60094097112313,994,0
1180,60094091325000,60094101965517,60094101966258,60094105381744,60094105382707,994,0
1181,60094100035000,60094110694520,60094110695409,60094114094970,60094114095970,994,0
1182,60094108746000,60094119430857,60094119432061,60094122852196,60094122853437,994,0
1183,60094117456000,60094128369379,60094128370175,60094131829439,60094131830847,994,0
1184,60094126167000,60094138383248,60094138383840,60094141701864,60094141703124,994,0
1185,60094134877000,60094145594998,60094145595720,60094149007892,60094149009077,994,0
1186,60094143588000,60094154235816,60094154236724,60094157715692,60094157716692,994,0
1187,60094152298000,60094163219152,60094163220134,60094166621547,60094166622861,994,0
1188,60094161009000,60094171697435,60094171697990,60094175152884,60094175153755,994,0
1189,60094169719000,60094180352550,60094180353383,60094183713963,60094183715092,994,0
1190,60094178430000,60094190614714,60094190615510,60094193952164,60094193953349,994,0
1191,60094187142000,60094198091685,60094198092482,60094201415469,60094201416561,994,0
1192,60094195851000,60094206540375,60094206541190,60094209987621,60094209989066,994,0
1193,60094204561000,60094215200231,60094215201194,60094218616755,60094218617569,994,0
1194,60094213272000,60094223957864,60094223958734,60094227303592,60094227304666,994,0
1195,60094221982000,60094232884422,60094232885718,60094236208909,60094236209983,994,0
1196,60094230693000,60094242872069,60094242872810,60094246233241,60094246234556,994,0
1197,60094239406000,60094250118504,60094250119208,60094253459621,60094253460565,994,0
1198,60094248115000,60094258732360,60094258733286,60094262056292,60094262057384,994,0
1199,60094256824000,60094267744214,60094267745085,60094271179423,60094271180590,994,0
1200,60094265535000,60094276242311,60094276243145,60094279539058,60094279539947,994,0
1201,60094274245000,60094284858927,60094284859797,60094288202099,60094288203006,994,0
1202,60094282956000,60094295136850,60094295137609,60094298549374,60094298550467,994,0
1203,60094291666000,60094302597118,60094302598099,60094306096308,60094306097827,994,0
1204,60094300377000,60094311010604,60094311011400,60094314310388,60094314311628,994,0
1205,60094309088000,60094319738126,60094319738885,60094323112095,60094323113483,994,0
1206,60094317798000,60094328500259,60094328501148,60094331828469,60094331829765,994,0
1207,60094326509000,60094337401762,60094337402929,60094340777971,60094340779194,994,0
1208,60094335219000,60094347426168,60094347427001,60094350913081,60094350914247,994,0
1209,60094343929000,60094354610659,60094354611529,60094357973165,60094357974109,994,0
1210,60094352640000,60094363267811,60094363268774,60094366607613,60094366608798,994,0
1211,60094361351000,60094372273147,60094372273869,60094375726671,60094375727782,994,0
1212,60094370061000,60094380772855,60094380773577,60094384123638,60094384124564,994,0
1213,60094378771000,60094389395803,60094389396489,60094392793105,60094392794290,994,0
1214,60094387482000,60094399675875,60094399676727,60094402981696,60094402982881,994,0
1215,60094396192000,60094407131365,60094407132124,60094410417575,60094410418612,994,0
1216,60094404903000,60094415532185,60094415533111,60094418884209,60094418885098,994,0
1217,60094413613000,60094424259873,60094424260855,60094427548694,60094427549342,994,0
1218,60094422324000,60094433019877,60094433020636,60094436464660,60094436465697,994,0
1219,60094431034000,60094441954213,60094441955102,60094445428163,60094445429125,994,0
1220,60094439745000,60094451940026,60094451941063,60094455311828,60094455312939,994,0
1221,60094448458000,60094459108888,60094459110054,60094462482449,60094462483616,994,0
1222,60094457166000,60094467807114,60094467808077,60094471100657,60094471101694,994,0
1223,60094465876000,60094476812375,60094476813283,60094480121418,60094480122826,994,0
1224,60094474587000,60094485272176,60094485273176,60094488707089,60094488708071,994,0
1225,60094483297000,60094493895921,60094493896717,60094497287704,60094497288519,994,0
1226,60094492008000,60094504199900,60094504200789,60094507648091,60094507649276,994,0
1227,60094500719000,60094511679705,60094511680482,60094515126136,60094515127377,994,0
1228,60094509429000,60094520069969,60094520070821,60094523397456,60094523398400,994,0
1229,60094518139000,60094528802750,60094528803565,60094532233422,60094532234515,994,0
1230,60094526850000,60094537535957,60094537536643,60094540953963,60094540955074,994,0
1231,60094535561000,60094546467349,60094546468256,60094549790059,60094549790799,994,0
1232,60094544271000,60094556465200,60094556465977,60094559810835,60094559812168,994,0
1233,60094552981000,60094563636598,60094563637468,60094566943548,60094566944641,994,0
1234,60094561692000,60094572339342,60094572340250,60094575612015,60094575613182,994,0
1235,60094570402000,60094581338623,60094581339512,60094584699647,60094584700702,994,0
1236,60094579113000,60094589791275,60094589792090,60094593201781,60094593202874,994,0
1237,60094587823000,60094598455576,60094598456279,60094601798785,60094601799785,994,0
1238,60094596534000,60094608724351,60094608725184,60094612121560,60094612122838,994,0
1239,60094605244000,60094616175008,60094616175859,60094619580883,60094619582235,994,0
1240,60094613955000,60094624605735,60094624606920,60094627999018,60094627999851,994,0
1241,60094622665000,60094633315146,60094633315942,60094636630874,60094636631985,994,0
1242,60094631376000,60094642071927,60094642072760,60094645372414,60094645373303,994,0
1243,60094640087000,60094650965522,60094650966300,60094654410676,60094654411824,994,0
1244,60094648797000,60094660975558,60094660976206,60094664290379,60094664291823,994,0
1245,60094657510000,60094668169327,60094668170382,60094671549332,60094671550314,994,0
1246,60094666218000,60094676862775,60094676863404,60094680229373,60094680230466,994,0
1247,60094674929000,60094685843852,60094685845018,60094689197524,60094689198820,994,0
1248,60094683639000,60094694329708,60094694330597,60094697645528,60094697646788,994,0
1249,60094692350000,60094702958878,60094702959712,60094706350884,60094706351884,994,0
1250,60094701060000,60094713256357,60094713257135,60094716684826,60094716686011,994,0
1251,60094709773000,60094720705773,60094720706625,60094724126149,60094724127149,994,0
1252,60094718481000,60094729120167,60094729120871,60094732444154,60094732445191,994,0
1253,60094727192000,60094737838763,60094737839411,60094741176454,60094741177713,994,0
1254,60094735902000,60094746583119,60094746583822,60094749903995,60094749904976,994,0
1255,60094744613000,60094755502399,60094755503177,60094758824979,60094758826109,994,0
1256,60094753323000,60094765485694,60094765486602,60094768926551,60094768927533,994,0
1257,60094762034000,60094772750426,60094772751259,60094776227227,60094776228005,994,0
1258,60094770745000,60094781501744,60094781502485,60094784995638,60094784996842,994,0
1259,60094779455000,60094790480209,60094790481302,60094793950567,60094793951715,994,0
1260,60094788165000,60094798952362,60094798953195,60094802419682,60094802420608,994,0
1261,60094796876000,60094807621921,60094807622866,60094811151093,60094811152038,994,0
1262,60094805586000,60094817834216,60094817834956,60094821266962,60094821268332,994,0
1263,60094814297000,60094825354409,60094825355428,60094828915173,60094828916655,994,0
1264,60094823007000,60094833744118,60094833745266,60094837363233,60094837364122,994,0
1265,60094831718000,60094842465936,60094842466806,60094845897978,60094845898719,994,0
1266,60094840429000,60094851216236,60094851217088,60094854690908,60094854692130,994,0
1267,60094849139000,60094860177164,60094860178201,60094863684706,60094863685651,994,0
1268,60094857849000,60094870080867,60094870081812,60094873544224,60094873545150,994,0
1269,60094866560000,60094877224617,60094877225358,60094880595123,60094880596068,994,0
1270,60094875270000,60094885918473,60094885919269,60094889281108,60094889282497,994,0
1271,60094883981000,60094894951346,60094894952309,60094898384036,60094898384944,994,0
1272,60094892691000,60094903376869,60094903377888,60094906774986,60094906776004,994,0
1273,60094901402000,60094912022965,60094912023669,60094915371842,60094915373008,994,0
1274,60094910112000,60094922289778,60094922290574,60094925632969,60094925634098,994,0
1275,60094918823000,60094929810008,60094929810860,60094933158866,60094933160162,994,0
1276,60094927534000,60094938183995,60094938185050,60094941572797,60094941574111,994,0
1277,60094936244000,60094946906721,60094946907498,60094950220708,60094950222097,994,0
1278,60094944954000,60094955664076,60094955664928,60094959182562,60094959183470,994,0
1279,60094953665000,60094964584060,60094964584764,60094967888955,60094967890085,994,0
1280,60094962375000,60094974575355,60094974576189,60094977937602,60094977938583,994,0
1281,60094971086000,60094981749920,60094981750605,60094985103685,60094985104667,994,0
1282,60094979796000,60094990447350,60094990448313,60094993834929,60094993835652,994,0
1283,60094988507000,60094999434482,60094999435334,60095002770580,60095002771617,994,0
1284,60094997217000,60095007901968,60095007903209,60095011336566,60095011337585,994,0
1285,60095005928000,60095016557657,60095016558379,60095019993811,60095019995088,994,0
1286,60095014638000,60095026835710,60095026836525,60095030196957,60095030198049,994,0
1287,60095023351000,60095034300793,60095034301793,60095037682187,60095037683206,994,0
1288,60095032059000,60095042697705,60095042698483,60095046234858,60095046236303,994,0
1289,60095040770000,60095051417209,60095051418042,60095054787899,60095054788881,994,0
1290,60095049480000,60095060173064,60095060174008,60095063543958,60095063544736,994,0
1291,60095058191000,60095069115270,60095069115937,60095072573998,60095072575035,994,0
1292,60095066902000,60095079078454,60095079079325,60095082584571,60095082585497,994,0
1293,60095075614000,60095086274649,60095086275353,60095089640877,60095089641673,994,0
1294,60095084323000,60095094947116,60095094947968,60095098363899,60095098364880,994,0
1295,60095093033000,60095103974359,60095103975303,60095107374068,60095107375087,994,0
1296,60095101744000,60095112446956,60095112447882,60095115831536,60095115832628,994,0
1297,60095110454000,60095121080830,60095121081849,60095124415503,60095124416818,994,0
1298,60095119164000,60095131342643,60095131343458,60095134657223,60095134658463,994,0
1299,60095127876000,60095138825114,60095138825762,60095142176490,60095142177398,994,0
1300,60095136586000,60095147215712,60095147216452,60095150603625,60095150604643,994,0
1301,60095145296000,60095155937604,60095155938345,60095159433776,60095159434924,994,0
1302,60095154006000,60095164712293,60095164712941,60095168103613,60095168104650,994,0
1303,60095162717000,60095173631851,60095173632666,60095177091116,60095177092375,994,0
1304,60095171427000,60095183617590,60095183618239,60095186940430,60095186941393,994,0
1305,60095180139000,60095190778693,60095190779489,60095194241420,60095194242402,994,0
1306,60095188849000,60095199480270,60095199481104,60095202903387,60095202904424,994,0
1307,60095197559000,60095208512328,60095208513125,60095211862815,60095211863815,994,0
1308,60095206270000,60095216972555,60095216973296,60095220348338,60095220349116,994,0
1309,60095214980000,60095225599392,60095225600207,60095228916102,60095228917194,994,0
1310,60095223690000,60095235871853,60095235872612,60095239201377,60095239202377,994,0
1311,60095232401000,60095243313287,60095243314436,60095246704478,60095246705367,994,0
1312,60095241112000,60095251748737,60095251749459,60095255117205,60095255118205,994,0
1313,60095249822000,60095260475629,60095260476444,60095263779116,60095263780024,994,0
1314,60095258533000,60095269228318,60095269229355,60095272576231,60095272577286,994,0
1315,60095267243000,60095278129358,60095278130339,60095281511882,60095281512900,994,0
1316,60095275954000,60095288135430,60095288136078,60095291492640,60095291493843,994,0
1317,60095284665000,60095295300588,60095295301273,60095298600927,60095298601705,994,0
1318,60095293375000,60095303993666,60095303994647,60095307310079,60095307310857,994,0
1319,60095302085000,60095312997390,60095312998205,60095316295285,60095316296396,994,0
1320,60095310796000,60095321485006,60095321485728,60095324901215,60095324902215,994,0
1321,60095319506000,60095330118251,60095330118991,60095333487867,60095333488849,994,0
1322,60095328217000,60095340405137,60095340405971,60095343672717,60095343673921,994,0
1323,60095336929000,60095347896220,60095347897201,60095351247188,60095351249022,994,0
1324,60095345638000,60095356289836,60095356290743,60095359732119,60095359733211,994,0
1325,60095354348000,60095365003932,60095365004969,60095368332049,60095368333141,994,0
1326,60095363059000,60095373755528,60095373756306,60095377067126,60095377067997,994,0
1327,60095371769000,60095382691216,60095382692179,60095386036462,60095386037573,994,0
1328,60095380480000,60095392669826,60095392670585,60095395999646,60095396011517,994,0
1329,60095389190000,60095399829835,60095399830669,60095403237637,60095403238711,994,0
1330,60095397901000,60095408547376,60095408548117,60095411863419,60095411864696,994,0
1331,60095406611000,60095417540897,60095417541638,60095420953606,60095420954717,994,0
1332,60095415322000,60095426017568,60095426018253,60095429477814,60095429478907,994,0
1333,60095424033000,60095434649183,60095434650072,60095437980837,60095437982004,994,0
1334,60095432743000,60095444925699,60095444926514,60095448275298,60095448276279,994,0
1335,60095441453000,60095452396059,60095452396856,60095455749621,60095455750824,994,0
1336,60095450164000,60095460813879,60095460814675,60095464136366,60095464137311,994,0
1337,60095458874000,60095469524735,60095469525605,60095472930925,60095472932092,994,0
1338,60095467585000,60095478283497,60095478284275,60095481662521,60095481663836,994,0
1339,60095476295000,60095487183426,60095487184241,60095490571746,60095490572802,994,0
1340,60095485006000,60095497197869,60095497198628,60095500670522,60095500672004,994,0
1341,60095493718000,60095504374193,60095504375082,60095507733051,60095507734125,994,0
1342,60095502427000,60095513077790,60095513078660,60095516412407,60095516413388,994,0
1343,60095511137000,60095522073718,60095522074514,60095525425483,60095525426613,994,0
1344,60095519848000,60095530549260,60095530550223,60095533927599,60095533928691,994,0
1345,60095528559000,60095539167653,60095539168578,60095542536880,60095542537769,994,0
1346,60095537269000,60095549470502,60095549471613,60095552874878,60095552875767,994,0
1347,60095545979000,60095556922677,60095556923899,60095560288294,60095560289386,994,0
1348,60095554690000,60095565325737,60095565326589,60095568715484,60095568716873,994,0
1349,60095563400000,60095574060704,60095574061463,60095577412895,60095577414024,994,0
1350,60095572111000,60095582790504,60095582791263,60095586095010,60095586096287,994,0
1351,60095580821000,60095591701636,60095591702507,60095595078068,60095595079105,994,0
1352,60095589532000,60095601716042,60095601716950,60095605184510,60095605185659,994,0
1353,60095598243000,60095608919644,60095608920366,60095612240687,60095612241557,994,0
1354,60095606953000,60095617589000,60095617589759,60095620853339,60095620854932,994,0
1355,60095615664000,60095626600336,60095626600984,60095630033026,60095630033934,994,0
1356,60095624374000,60095635055340,60095635056081,60095638534734,60095638535549,994,0
1357,60095633085000,60095643691566,60095643692566,60095647075072,60095647076294,994,0
1358,60095641795000,60095653977138,60095653977990,60095657277477,60095657278459,994,0
1359,60095650507000,60095661441702,60095661442572,60095664763615,60095664764467,994,0
1360,60095659216000,60095669855448,60095669856299,60095673161620,60095673162583,994,0
1361,60095667926000,60095678583321,60095678584247,60095681888883,60095681890031,994,0
1362,60095676637000,60095687318269,60095687318936,60095690687664,60095690688831,994,0
1363,60095685348000,60095696239791,60095696240532,60095699569611,60095699570445,994,0
1364,60095694058000,60095706247086,60095706247771,60095709579795,60095709580888,994,0
1365,60095702770000,60095713430262,60095713431243,60095716770527,60095716771416,994,0
1366,60095711479000,60095722124284,60095722125266,60095725532790,60095725533882,994,0
1367,60095720190000,60095731102898,60095731103713,60095734514792,60095734515959,994,0
1368,60095728900000,60095739585328,60095739586180,60095743026074,60095743027093,994,0
1369,60095737610000,60095748236110,60095748236980,60095751539449,60095751540579,994,0
1370,60095746321000,60095758503645,60095758504385,60095761829058,60095761830169,994,0
1371,60095755032000,60095766025949,60095766026616,60095769380232,60095769381492,994,0
1372,60095763742000,60095774403769,60095774404528,60095777726552,60095777727626,994,0
1373,60095772452000,60095783087421,60095783088310,60095786482482,60095786483556,994,0
1374,60095781163000,60095791848498,60095791849461,60095795296337,60095795297522,994,0
1375,60095789873000,60095800798112,60095800799279,60095804134803,60095804136247,994,0
1376,60095798584000,60095810751740,60095810752592,60095814139950,60095814141024,994,0
1377,60095807296000,60095817968361,60095817969046,60095821357718,60095821358718,994,0
1378,60095816006000,60095826645124,60095826645939,60095830020481,60095830021592,994,0
1379,60095824716000,60095835627256,60095835627997,60095838995762,60095838996799,994,0
1380,60095833427000,60095844120501,60095844121372,60095847398211,60095847399378,994,0
1381,60095842137000,60095852775431,60095852776301,60095856088863,60095856089752,994,0
1382,60095850847000,60095863029836,60095863030558,60095866462545,60095866463582,994,0
1383,60095859559000,60095870494641,60095870495585,60095873830573,60095873831628,994,0
1384,60095868268000,60095878910979,60095878911720,60095882200855,60095882202040,994,0
1385,60095876979000,60095887675038,60095887675779,60095891066840,60095891067821,994,0
1386,60095885690000,60095896394893,60095896395764,60095899697770,60095899698844,994,0
1387,60095894400000,60095905295933,60095905296804,60095908585050,60095908586143,994,0
1388,60095903110000,60095915287617,60095915288469,60095918579827,60095918580938,994,0
1389,60095911820000,60095922502534,60095922503441,60095925881151,60095925882558,994,0
1390,60095920531000,60095931170130,60095931170834,60095934551229,60095934552173,994,0
1391,60095929242000,60095940174633,60095940175448,60095943549694,60095943550824,994,0
1392,60095937952000,60095948664674,60095948665489,60095951943347,60095951944217,994,0
1393,60095946663000,60095957281215,60095957282456,60095960659443,60095960660610,994,0
1394,60095955373000,60095967555806,60095967556583,60095970871552,60095970872515,994,0
1395,60095964083000,60095975014796,60095975015721,60095978365394,60095978366542,994,0
1396,60095972795000,60095983425171,60095983425930,60095986833676,60095986834676,994,0
1397,60095981505000,60095992154396,60095992155137,60095995483310,60095995484124,994,0
1398,60095990215000,60096000888196,60096000889048,60096004374738,60096004375535,994,0
1399,60095998926000,60096009819662,60096009820292,60096013267556,60096013268371,994,0
1400,60096007636000,60096019817439,60096019818476,60096023256166,60096023257296,994,0
1401,60096016348000,60096026986004,60096026986892,60096030457527,60096030458564,994,0
1402,60096025058000,60096035694341,60096035695229,60096039181161,60096039182327,994,0
1403,60096033768000,60096044704843,60096044706065,60096048127293,60096048128237,994,0
1404,60096042478000,60096053175607,60096053176570,60096056520298,60096056521538,994,0
1405,60096051189000,60096061818092,60096061819018,60096065174431,60096065175413,994,0
1406,60096059899000,60096072120330,60096072121164,60096075412670,60096075413447,994,0
1407,60096068610000,60096079546061,60096079546783,60096082777419,60096082778623,994,0
1408,60096077320000,60096087960455,60096087961362,60096091264887,60096091266053,994,0
1409,60096086031000,60096096710921,60096096711810,60096100174241,60096100175186,994,0
1410,60096094741000,60096105429647,60096105430518,60096108813097,60096108814116,994,0
1411,60096103452000,60096114355261,60096114356224,60096117659637,60096117660934,994,0
1412,60096112162000,60096124347130,60096124348056,60096127641006,60096127641914,994,0
1413,60096120873000,60096131526380,60096131527325,60096134904460,60096134905404,994,0
1414,60096129583000,60096140254588,60096140255477,60096143516612,60096143517649,994,0
1415,60096138294000,60096149227887,60096149228701,60096152535781,60096152536615,994,0
1416,60096147004000,60096157692817,60096157693706,60096161048323,60096161049563,994,0
1417,60096155715000,60096166342136,60096166342858,60096169682438,60096169683530,994,0
1418,60096164425000,60096176622911,60096176623930,60096180057176,60096180058435,994,0
1419,60096173136000,60096184112660,60096184113512,60096187490055,60096187491055,994,0
1420,60096181847000,60096192508387,60096192509387,60096195969596,60096195970800,994,0
1421,60096190557000,60096201198835,60096201199632,60096204513526,60096204514730,994,0
1422,60096199268000,60096209952894,60096209953765,60096213302215,60096213303159,994,0
1423,60096207978000,60096218882101,60096218882823,60096222286403,60096222287662,994,0
1424,60096216688000,60096228876914,60096228877729,60096232310623,60096232311864,994,0
1425,60096225399000,60096236096627,60096236097535,60096239439318,60096239440374,994,0
1426,60096234110000,60096244756798,60096244757557,60096248030119,60096248031063,994,0
1427,60096242820000,60096253758374,60096253759097,60096257149565,60096257150843,994,0
1428,60096251531000,60096262233879,60096262234657,60096265671903,60096265672792,994,0
1429,60096260241000,60096270857883,60096270858698,60096274122389,60096274123704,994,0
1430,60096268951000,60096281136918,60096281138232,60096284582052,60096284583238,994,0
1431,60096277663000,60096288616296,60096288617315,60096291922024,60096291923117,994,0
1432,60096286373000,60096297015801,60096297016708,60096300377788,60096300378770,994,0
1433,60096295083000,60096305731731,60096305732453,60096309051922,60096309052848,994,0
1434,60096303793000,60096314480549,60096314481456,60096317850851,60096317851925,994,0
1435,60096312504000,60096323406292,60096323407237,60096326758965,60096326760039,994,0
1436,60096321214000,60096333411032,60096333411976,60096336829093,60096336830352,994,0
1437,60096329925000,60096340588523,60096340589301,60096343867362,60096343868992,994,0
1438,60096338635000,60096349312212,60096349312823,60096352692273,60096352693828,994,0
1439,60096347346000,60096358280585,60096358281288,60096361593368,60096361594183,994,0
1440,60096356056000,60096366737960,60096366738793,60096370089206,60096370090299,994,0
1441,60096364767000,60096375395297,60096375396056,60096378681710,60096378682617,994,0
1442,60096373478000,60096385667665,60096385668276,60096389123948,60096389124855,994,0
1443,60096382188000,60096393123877,60096393124784,60096396417438,60096396418586,994,0
1444,60096390899000,60096401543585,60096401544437,60096404952757,60096404953794,994,0
1445,60096399609000,60096410262033,60096410262848,60096413612687,60096413613928,994,0
1446,60096408320000,60096419008333,60096419009129,60096422303950,60096422304839,994,0
1447,60096417030000,60096427934132,60096427935003,60096431256656,60096431257731,994,0
1448,60096425741000,60096437914186,60096437915057,60096441208989,60096441209952,994,0
1449,60096434451000,60096445114937,60096445115585,60096448466405,60096448467294,994,0
1450,60096443162000,60096453810200,60096453811570,60096457144816,60096457145724,994,0
1451,60096451872000,60096462806110,60096462806887,60096466109708,60096466110597,994,0
1452,60096460583000,60096471276188,60096471277003,60096474681453,60096474682508,994,0
1453,60096469293000,60096479900507,60096479901396,60096483245753,60096483246883,994,0
1454,60096478003000,60096490174727,60096490175505,60096493491233,60096493492288,994,0
1455,60096486714000,60096497654365,60096497655143,60096500991167,60096500992519,994,0
1456,60096495425000,60096506074666,60096506075369,60096509337709,60096509338968,994,0
1457,60096504135000,60096514793725,60096514794503,60096518114120,60096518114971,994,0
1458,60096512846000,60096523544951,60096523546025,60096526836105,60096526837123,994,0
1459,60096521556000,60096532474157,60096532474990,60096535887014,60096535888200,994,0
1460,60096530267000,60096542457822,60096542458600,60096545828180,60096545829050,994,0
1461,60096538977000,60096549660128,60096549661017,60096553067578,60096553068819,994,0
1462,60096547688000,60096558328317,60096558328984,60096561744730,60096561745934,994,0
1463,60096556398000,60096567316857,60096567317560,60096570684770,60096570685733,994,0
1464,60096565109000,60096575809287,60096575810083,60096579197274,60096579198422,994,0
1465,60096573819000,60096584468180,60096584469309,60096587721630,60096587722612,994,0
1466,60096582530000,60096594710344,60096594711178,60096598084072,60096598085146,994,0
1467,60096591240000,60096602221964,60096602223019,60096605657321,60096605658321,994,0
1468,60096599951000,60096610599765,60096610600783,60096613872141,60096613873178,994,0
1469,60096608661000,60096619310991,60096619311694,60096622622052,60096622622848,994,0
1470,60096617372000,60096628070290,60096628071420,60096631406685,60096631407629,994,0
1471,60096626082000,60096636982127,60096636983034,60096640301484,60096640302484,994,0
1472,60096634793000,60096646993366,60096646994070,60096650465834,60096650467093,994,0
1473,60096643503000,60096654197060,60096654197820,60096657503307,60096657504400,994,0
1474,60096652214000,60096662843083,60096662844120,60096666187126,60096666188329,994,0
1475,60096660925000,60096671856437,60096671857437,60096675163776,60096675164813,994,0
1476,60096669635000,60096680336219,60096680337034,60096683697355,60096683698355,994,0
1477,60096678345000,60096688973057,60096688973816,60096692311211,60096692312211,994,0
1478,60096687056000,60096699241258,60096699242110,60096702534671,60096702535690,994,0
1479,60096695766000,60096706704063,60096706704841,60096710004939,60096710005550,994,0
1480,60096704477000,60096715105031,60096715105642,60096718379351,60096718380499,994,0
1481,60096713187000,60096723835608,60096723836460,60096727207410,60096727208503,994,0
1482,60096721898000,60096732604037,60096732605149,60096735988858,60096735990265,994,0
1483,60096730608000,60096741505522,60096741506263,60096744916231,60096744917564,994,0
1484,60096739319000,60096751500706,60096751501632,60096754907656,60096754908563,994,0
1485,60096748029000,60096758695123,60096758695974,60096762050573,60096762051721,994,0
1486,60096756740000,60096767377256,60096767377904,60096770776243,60096770777447,994,0
1487,60096765450000,60096776387129,60096776388295,60096779641635,60096779642653,994,0
1488,60096774161000,60096784846837,60096784847744,60096788182898,60096788184084,994,0
1489,60096782871000,60096793493785,60096793494508,60096796830050,60096796831217,994,0
1490,60096791582000,60096803769098,60096803769931,60096807155622,60096807156733,994,0
1491,60096800292000,60096811222403,60096811223199,60096814589704,60096814590686,994,0
1492,60096809003000,60096819641667,60096819642500,60096823055598,60096823056542,994,0
1493,60096817713000,60096828392022,60096828392818,60096831686750,60096831687565,994,0
1494,60096826424000,60096837114100,60096837114877,60096840423402,60096840424568,994,0
1495,60096835134000,60096846023899,60096846024584,60096849450200,60096849451682,994,0
1496,60096843845000,60096856051601,60096856052379,60096859385347,60096859385959,994,0
1497,60096852556000,60096863200777,60096863201481,60096866501598,60096866502857,994,0
1498,60096861266000,60096871919336,60096871920133,60096875215342,60096875216453,994,0
1499,60096869976000,60096880903746,60096880904598,60096884211678,60096884212641,994,0
1500,60096878687000,60096889437362,60096889438010,60096892775905,60096892777108,994,0
1501,60096887398000,60096898015903,60096898016755,60096901444945,60096901446279,994,0
1502,60096896108000,60096908365437,60096908366122,60096911701887,60096911702776,994,0
1503,60096904818000,60096915765631,60096915766483,60096919015063,60096919016082,994,0
1504,60096913529000,60096924180247,60096924181099,60096927511012,60096927512031,994,0
1505,60096922240000,60096932882584,60096932883325,60096936240460,60096936241293,994,0
1506,60096930950000,60096941791013,60096941791994,60096945497554,60096945498536,994,0
1507,60096939660000,60096950594979,60096950595720,60096953855837,60096953856763,994,0
1508,60096948371000,60096960573089,60096960573959,60096963806280,60096963807095,994,0
1509,60096957081000,60096967760098,60096967760709,60096971088771,60096971089752,994,0
1510,60096965792000,60096976452880,60096976453658,60096979737645,60096979738682,994,0
1511,60096974503000,60096985443345,60096985444105,60096988820703,60096988821740,994,0
1512,60096983213000,60096993908313,60096993908961,60096997227041,60096997228041,994,0
1513,60096991923000,60097002550206,60097002550928,60097005819212,60097005820378,994,0
1514,60097000634000,60097012833296,60097012833981,60097016153653,60097016154672,994,0
1515,60097009344000,60097020329952,60097020330786,60097023677680,60097023678662,994,0
1516,60097018055000,60097028697068,60097028697809,60097032037389,60097032038370,994,0
1517,60097026766000,60097037441350,60097037442035,60097040823725,60097040824762,994,0
1518,60097035476000,60097046163557,60097046164279,60097049595970,60097049596840,994,0
1519,60097044187000,60097055082208,60097055082986,60097058524269,60097058525528,994,0
1520,60097052897000,60097065106577,60097065107392,60097068546119,60097068547045,994,0
1521,60097061608000,60097072284457,60097072285271,60097075607888,60097075608944,994,0
1522,60097070318000,60097080953942,60097080954812,60097084272337,60097084273781,994,0
1523,60097079029000,60097089958611,60097089959426,60097093245024,60097093246098,994,0
1524,60097087739000,60097098427523,60097098428301,60097101710770,60097101711788,994,0
1525,60097096450000,60097107081693,60097107082397,60097110443366,60097110444921,994,0
1526,60097105160000,60097117371228,60097117372061,60097120742011,60097120743030,994,0
1527,60097113871000,60097124842181,60097124843125,60097128180798,60097128182261,994,0
1528,60097122581000,60097133227389,60097133228001,60097136571414,60097136572580,994,0
1529,60097131292000,60097141990578,60097141991448,60097145290621,60097145291899,994,0
1530,60097140002000,60097150703397,60097150704174,60097154024773,60097154025736,994,0
1531,60097148713000,60097159631251,60097159631973,60097162959775,60097162960961,994,0
1532,60097157423000,60097169605083,60097169605731,60097172940070,60097172941515,994,0
1533,60097166134000,60097176819167,60097176819889,60097180232802,60097180233894,994,0
1534,60097174844000,60097185489670,60097185490356,60097188758047,60097188759269,994,0
1535,60097183555000,60097194482988,60097194484080,60097197869567,60097197870882,994,0
1536,60097192265000,60097202956437,60097202957233,60097206268109,60097206269128,994,0
1537,60097200976000,60097211602070,60097211603015,60097214901539,60097214902669,994,0
1538,60097209686000,60097221880031,60097221880753,60097225164518,60097225165703,994,0
1539,60097218397000,60097229330558,60097229331391,60097232604971,60097232606193,994,0
1540,60097227107000,60097237749507,60097237750322,60097241016124,60097241017143,994,0
1541,60097235818000,60097246477825,60097246478603,60097249847164,60097249848164,994,0
1542,60097244528000,60097255217959,60097255218662,60097258505835,60097258506853,994,0
1543,60097253239000,60097264137591,60097264138369,60097267456708,60097267457689,994,0
1544,60097261950000,60097274137108,60097274137867,60097277457947,60097277459225,994,0
1545,60097270660000,60097281319044,60097281320099,60097284586827,60097284588068,994,0
1546,60097279370000,60097290039343,60097290040047,60097293335683,60097293336553,994,0
1547,60097288081000,60097298995013,60097298995661,60097302396203,60097302397259,994,0
1548,60097296792000,60097307483388,60097307484184,60097310822208,60097310823190,994,0
1549,60097305502000,60097316122614,60097316123391,60097319431731,60097319433045,994,0
1550,60097314213000,60097326407204,60097326407963,60097329679543,60097329680765,994,0
1551,60097322923000,60097333875342,60097333876101,60097337210274,60097337211237,994,0
1552,60097331633000,60097342278606,60097342279254,60097345666667,60097345667537,994,0
1553,60097340344000,60097350986480,60097350987165,60097354471152,60097354471911,994,0
1554,60097349054000,60097359739946,60097359740632,60097363138656,60097363139767,994,0
1555,60097357765000,60097368668616,60097368669486,60097372052307,60097372053362,994,0
1556,60097366476000,60097378666929,60097378667633,60097382012472,60097382013157,994,0
1557,60097375186000,60097385847235,60097385847883,60097389180148,60097389181037,994,0
1558,60097383896000,60097394538239,60097394538980,60097397858096,60097397859430,994,0
1559,60097392607000,60097403524815,60097403525704,60097406835099,60097406836043,994,0
1560,60097401317000,60097412020635,60097412021431,60097415363659,60097415364751,994,0
1561,60097410028000,60097420676139,60097420677287,60097423971330,60097423972589,994,0
1562,60097418738000,60097430921747,60097430922525,60097434302327,60097434303420,994,0
1563,60097427449000,60097438431219,60097438431922,60097441807761,60097441808483,994,0
1564,60097436160000,60097446790816,60097446791575,60097450219803,60097450220747,994,0
1565,60097444870000,60097455505727,60097455506709,60097458784640,60097458785733,994,0
1566,60097453581000,60097464280545,60097464281249,60097467576514,60097467577681,994,0
1567,60097462291000,60097473198326,60097473199363,60097476584405,60097476585628,994,0
1568,60097471002000,60097483189362,60097483190139,60097486488701,60097486489701,994,0
1569,60097479712000,60097490373519,60097490374223,60097493665581,60097493666599,994,0
1570,60097488423000,60097499060245,60097499061153,60097502484251,60097502485306,994,0
1571,60097497133000,60097508074211,60097508075007,60097511352457,60097511353605,994,0
1572,60097505844000,60097516547011,60097516547826,60097519848017,60097519848628,994,0
1573,60097514554000,60097525177034,60097525177830,60097528467447,60097528468743,994,0
1574,60097523265000,60097535455661,60097535456272,60097538805019,60097538806130,994,0
1575,60097531975000,60097542917744,60097542918484,60097546286860,60097546287934,994,0
1576,60097540686000,60097551324452,60097551325008,60097554633643,60097554634513,994,0
1577,60097549396000,60097560066826,60097560067493,60097563343184,60097563343832,994,0
1578,60097558106000,60097568810681,60097568811274,60097572289538,60097572290520,994,0
1579,60097566817000,60097577718555,60097577718869,60097581048449,60097581049357,994,0
1580,60097575528000,60097587714961,60097587715683,60097591064188,60097591065485,994,0
1581,60097584238000,60097594891452,60097594892340,60097598318087,60097598319124,994,0
1582,60097592948000,60097603588455,60097603589585,60097606906591,60097606907554,994,0
1583,60097601659000,60097612600513,60097612601291,60097615966371,60097615967593,994,0
1584,60097610370000,60097621057425,60097621058240,60097624405487,60097624406579,994,0
1585,60097619080000,60097629726818,60097629727577,60097633088287,60097633089638,994,0
1586,60097627791000,60097639988797,60097639989704,60097643458636,60097643459691,994,0
1587,60097636502000,60097647436694,60097647437287,60097650738330,60097650739311,994,0
1588,60097645212000,60097655845329,60097655845996,60097659239316,60097659240371,994,0
1589,60097653922000,60097664593295,60097664594092,60097667929820,60097667930782,994,0
1590,60097662633000,60097673322688,60097673323762,60097676693767,60097676694730,994,0
1591,60097671343000,60097682227839,60097682228746,60097685584400,60097685585678,994,0
1592,60097680054000,60097692248634,60097692249634,60097695599973,60097695600787,994,0
1593,60097688764000,60097699435125,60097699436069,60097702795426,60097702796371,994,0
1594,60097697475000,60097708101295,60097708102147,60097711464078,60097711465227,994,0
1595,60097706185000,60097717115872,60097717116723,60097720438988,60097720440081,994,0
1596,60097714896000,60097725585543,60097725586284,60097728870697,60097728871512,994,0
1597,60097723607000,60097734212695,60097734213454,60097737646571,60097737647626,994,0
1598,60097732317000,60097744501970,60097744502804,60097747820680,60097747821494,994,0
1599,60097741027000,60097751956330,60097751957016,60097755251429,60097755252429,994,0
1600,60097749738000,60097760397502,60097760398335,60097763687823,60097763688989,994,0
1601,60097758448000,60097769102302,60097769103117,60097772464974,60097772465641,994,0
1602,60097767159000,60097777918601,60097777919435,60097781412217,60097781413514,994,0
1603,60097775870000,60097786887974,60097786888715,60097790375813,60097790376739,994,0
1604,60097784581000,60097796840325,60097796841010,60097800295312,60097800296312,994,0
1605,60097793290000,60097804056594,60097804057353,60097807455432,60097807456469,994,0
1606,60097802001000,60097812789893,60097812790486,60097816209010,60097816210010,994,0
1607,60097810712000,60097821769526,60097821770433,60097825209679,60097825210957,994,0
1608,60097819422000,60097830193290,60097830194141,60097833592721,60097833593777,994,0
1609,60097828133000,60097838840423,60097838840960,60097842259317,60097842260503,994,0
1610,60097836843000,60097849076643,60097849077421,60097852533148,60097852533833,994,0
1611,60097845553000,60097856664484,60097856665262,60097860115008,60097860116323,994,0
1612,60097854264000,60097865001026,60097865001934,60097868360402,60097868361310,994,0
1613,60097862974000,60097873718067,60097873718863,60097877223868,60097877225368,994,0
1614,60097871685000,60097882387145,60097882387867,60097885694354,60097885695188,994,0
1615,60097880395000,60097891284370,60097891285166,60097894559006,60097894559691,994,0
1616,60097889106000,60097901303554,60097901304276,60097904649152,60097904650152,994,0
1617,60097897816000,60097908474804,60097908475748,60097911892624,60097911893624,994,0
1618,60097906527000,60097917180419,60097917181048,60097920601776,60097920602665,994,0
1619,60097915237000,60097926171681,60097926172495,60097929603279,60097929604149,994,0
1620,60097923948000,60097934672629,60097934673481,60097937973135,60097937973969,994,0
1621,60097932658000,60097943503225,60097943504096,60097946833527,60097946834583,994,0
1622,60097941369000,60097953550464,60097953551242,60097956831600,60097956832526,994,0
1623,60097950079000,60097961026695,60097961027325,60097964362997,60097964364108,994,0
1624,60097958790000,60097969442866,60097969443570,60097972771150,60097972772187,994,0
1625,60097967501000,60097978153666,60097978154407,60097981444969,60097981445839,994,0
1626,60097976211000,60097986888614,60097986889485,60097990213916,60097990215250,994,0
1627,60097984921000,60097995817562,60097995818321,60097999152530,60097999153586,994,0
1628,60097993632000,60098005915541,60098005916449,60098009440139,60098009441361,994,0
1629,60098002343000,60098013060884,60098013061681,60098016592278,60098016593593,994,0
1630,60098011053000,60098021731610,60098021732240,60098025086375,60098025087505,994,0
1631,60098019763000,60098030714465,60098030715039,60098034038878,60098034040100,994,0
1632,60098028474000,60098039183840,60098039184469,60098042483012,60098042484253,994,0
1633,60098037184000,60098047818603,60098047819288,60098051218942,60098051220145,994,0
1634,60098045895000,60098058097915,60098058098526,60098061543680,60098061545013,994,0
1635,60098054605000,60098065583127,60098065583701,60098068923892,60098068925077,994,0
1636,60098063316000,60098074003780,60098074004317,60098077385952,60098077387026,994,0
1637,60098072027000,60098082722950,60098082723636,60098086003141,60098086004308,994,0
1638,60098080737000,60098091433269,60098091434010,60098094736626,60098094737756,994,0
1639,60098089447000,60098100374346,60098100375105,60098103716425,60098103717703,994,0
1640,60098098158000,60098110347900,60098110348548,60098113643739,60098113644924,994,0
1641,60098106869000,60098117545539,60098117546057,60098120789452,60098120790730,994,0
1642,60098115579000,60098126234728,60098126235524,60098129579067,60098129580585,994,0
1643,60098124290000,60098135236453,60098135237360,60098138641643,60098138642699,994,0
1644,60098133000000,60098143718105,60098143718753,60098147179222,60098147180296,994,0
1645,60098141711000,60098152356720,60098152357313,60098155675356,60098155676541,994,0
1646,60098150421000,60098162610236,60098162611051,60098166058797,60098166059834,994,0
1647,60098159132000,60098170092060,60098170092856,60098173435065,60098173436436,994,0
1648,60098167842000,60098178519416,60098178520249,60098181894125,60098181895070,994,0
1649,60098176553000,60098187199309,60098187199938,60098190612518,60098190613888,994,0
1650,60098185263000,60098195981182,60098195981831,60098199352484,60098199353688,994,0
1651,60098193974000,60098204894296,60098204895000,60098208189802,60098208190969,994,0
1652,60098202684000,60098214887443,60098214888240,60098218248949,60098218250245,994,0
1653,60098211394000,60098222090082,60098222090712,60098225535902,60098225536717,994,0
1654,60098220105000,60098230755568,60098230756216,60098234052703,60098234053740,994,0
1655,60098228816000,60098239747218,60098239747737,60098243075428,60098243076168,994,0
1656,60098237526000,60098248249482,60098248250130,60098251615691,60098251616784,994,0
1657,60098246237000,60098256897726,60098256898282,60098260240677,60098260241288,994,0
1658,60098254947000,60098267148595,60098267149409,60098270489397,60098270490304,994,0
1659,60098263658000,60098274706232,60098274706862,60098278078701,60098278079497,994,0
1660,60098272369000,60098283005626,60098283006200,60098286378206,60098286379206,994,0
1661,60098281079000,60098291734908,60098291735667,60098295152783,60098295153857,994,0
1662,60098289789000,60098300508152,60098300509004,60098303869954,60098303871491,994,0
1663,60098298500000,60098309413247,60098309413895,60098312768420,60098312769642,994,0
1664,60098307210000,60098319420079,60098319420746,60098322767474,60098322768455,994,0
1665,60098315921000,60098326606163,60098326606829,60098330070631,60098330071557,994,0
1666,60098324631000,60098335279241,60098335279741,60098338737487,60098338738505,994,0
1667,60098333342000,60098344292873,60098344293576,60098347667100,60098347668063,994,0
1668,60098342052000,60098352770377,60098352770933,60098356189605,60098356190512,994,0
1669,60098350763000,60098361398881,60098361399677,60098364826072,60098364827312,994,0
1670,60098359473000,60098371666323,60098371666990,60098374981273,60098374982347,994,0
1671,60098368184000,60098379129980,60098379130832,60098382459356,60098382460356,994,0
1672,60098376894000,60098387541077,60098387541670,60098390907860,60098390908972,994,0
1673,60098385605000,60098396286692,60098396287377,60098399668605,60098399669938,994,0
1674,60098394315000,60098405016936,60098405017547,60098408387756,60098408388627,994,0
1675,60098403026000,60098413956679,60098413957624,60098417410055,60098417410833,994,0
1676,60098411736000,60098423931678,60098423932197,60098427369146,60098427370387,994,0
1677,60098420447000,60098431119188,60098431119910,60098434607915,60098434609193,994,0
1678,60098429157000,60098439807099,60098439807580,60098443148827,60098443149845,994,0
1679,60098437868000,60098448819601,60098448820249,60098452150755,60098452151644,994,0
1680,60098446578000,60098457279661,60098457280476,60098460644834,60098460645667,994,0
1681,60098455289000,60098465898869,60098465899462,60098469219504,60098469220690,994,0
1682,60098464000000,60098476206070,60098476206552,60098479506798,60098479507446,994,0
1683,60098472710000,60098483646264,60098483646968,60098487013510,60098487014566,994,0
1684,60098481420000,60098492077935,60098492078713,60098495484941,60098495486015,994,0
1685,60098490131000,60098500806420,60098500807124,60098504183852,60098504185148,994,0
1686,60098498841000,60098509561850,60098509562572,60098512967040,60098512967911,994,0
1687,60098507552000,60098518461334,60098518462019,60098521819988,60098521820673,994,0
1688,60098516262000,60098528467036,60098528467944,60098531800301,60098531801431,994,0
1689,60098524973000,60098535647675,60098535648231,60098538959478,60098538961015,994,0
1690,60098533683000,60098544346031,60098544346883,60098547688555,60098547689555,994,0
1691,60098542394000,60098553340163,60098553340626,60098556714632,60098556715261,994,0
1692,60098551104000,60098561803094,60098561803723,60098565120025,60098565121081,994,0
1693,60098559815000,60098570442764,60098570443301,60098573795659,60098573796399,994,0
1694,60098568525000,60098580738410,60098580739132,60098584103360,60098584104008,994,0
1695,60098577236000,60098588207918,60098588208715,60098591522035,60098591522980,994,0
1696,60098585947000,60098596626812,60098596627479,60098599944725,60098599945447,994,0
1697,60098594657000,60098605311445,60098605311908,60098608754728,60098608755617,994,0
1698,60098603368000,60098614078004,60098614078652,60098617428806,60098617429843,994,0
1699,60098612078000,60098622991266,60098622991933,60098626399086,60098626399920,994,0
1700,60098620788000,60098632982024,60098632982561,60098636302604,60098636303863,994,0
1701,60098629499000,60098640175126,60098640175885,60098643520150,60098643521354,994,0
1702,60098638209000,60098648855889,60098648856389,60098652179710,60098652180469,994,0
1703,60098646921000,60098657856947,60098657857521,60098661191879,60098661193212,994,0
1704,60098655631000,60098666328211,60098666329007,60098669683809,60098669684717,994,0
1705,60098664341000,60098674948530,60098674949511,60098678303184,60098678304369,994,0
1706,60098673052000,60098685254138,60098685254861,60098688700292,60098688701218,994,0
1707,60098681762000,60098692777684,60098692778480,60098696107393,60098696108652,994,0
1708,60098690472000,60098701126392,60098701126800,60098704431565,60098704432472,994,0
1709,60098699183000,60098709858914,60098709859655,60098713177050,60098713177994,994,0
1710,60098707893000,60098718608047,60098718608585,60098721915016,60098721915998,994,0
1711,60098716605000,60098727519791,60098727520347,60098730901000,60098730902223,994,0
1712,60098725315000,60098737523030,60098737523753,60098741025702,60098741026795,994,0
1713,60098734025000,60098744710503,60098744711207,60098748144453,60098748145582,994,0
1714,60098742735000,60098753406192,60098753406932,60098756778679,60098756779568,994,0
1715,60098751446000,60098762392713,60098762393491,60098765744904,60098765745904,994,0
1716,60098760157000,60098770871569,60098770872236,60098774207779,60098774208890,994,0
1717,60098768867000,60098779518184,60098779518832,60098782865801,60098782866931,994,0
1718,60098777578000,60098789766793,60098789767423,60098793168817,60098793170095,994,0
1719,60098786288000,60098797229283,60098797229690,60098800704770,60098800705399,994,0
1720,60098794999000,60098805663176,60098805663806,60098809037034,60098809038386,994,0
1721,60098803710000,60098814422328,60098814422939,60098817726556,60098817727593,994,0
1722,60098812420000,60098823119591,60098823120184,60098826458560,60098826459671,994,0
1723,60098821131000,60098832047427,60098832048075,60098835389266,60098835390303,994,0
1724,60098829841000,60098842039055,60098842039685,60098845473672,60098845474727,994,0
1725,60098838551000,60098849241861,60098849242343,60098852516571,60098852517793,994,0
1726,60098847262000,60098857958050,60098857958735,60098861399833,60098861400907,994,0
1727,60098855972000,60098866936441,60098866937089,60098870323965,60098870325039,994,0
1728,60098864685000,60098875383187,60098875383668,60098878823044,60098878823933,994,0
1729,60098873393000,60098884164246,60098884164949,60098887646029,60098887647177,994,0
1730,60098882104000,60098894363669,60098894364355,60098897855360,60098897856637,994,0
1731,60098890815000,60098901898289,60098901899029,60098905323553,60098905324942,994,0
1732,60098899526000,60098910295534,60098910296386,60098913912946,60098913914039,994,0
1733,60098908236000,60098918985001,60098918985593,60098922479506,60098922480543,994,0
1734,60098916946000,60098927742060,60098927742745,60098931334565,60098931335750,994,0
1735,60098925657000,60098936720099,60098936720729,60098940187123,60098940188142,994,0
1736,60098934368000,60098946647117,60098946647635,60098950136122,60098950137233,994,0
1737,60098943078000,60098953880034,60098953880478,60098957351502,60098957352150,994,0
1738,60098951788000,60098962553334,60098962553871,60098966088079,60098966089228,994,0
1739,60098960499000,60098971545947,60098971546670,60098974949564,60098974950694,994,0
1740,60098969210000,60098980018563,60098980019156,60098983380346,60098983381532,994,0
1741,60098977920000,60098988563975,60098988564660,60098991977943,60098991979017,994,0
1742,60098986630000,60098998822380,60098998823083,60099002152626,60099002153663,994,0
1743,60098995341000,60099006301388,60099006301832,60099009716023,60099009716968,994,0
1744,60099004053000,60099014698337,60099014699060,60099017997602,60099017998269,994,0
1745,60099012762000,60099023414711,60099023415248,60099026824754,60099026825754,994,0
1746,60099021472000,60099032192011,60099032192881,60099035514183,60099035515054,994,0
1747,60099030183000,60099041086181,60099041086810,60099044440575,60099044441871,994,0
1748,60099038894000,60099051077124,60099051077698,60099054434000,60099054434833,994,0
1749,60099047604000,60099058293781,60099058294300,60099061662509,60099061663416,994,0
1750,60099056314000,60099066958915,60099066959507,60099070286698,60099070287550,994,0
1751,60099065025000,60099075957232,60099075957917,60099079437033,60099079438219,994,0
1752,60099073736000,60099084466181,60099084466921,60099087791575,60099087793020,994,0
1753,60099082447000,60099093301925,60099093302517,60099096697541,60099096698337,994,0
1754,60099091156000,60099103372275,60099103373238,60099106720762,60099106721521,994,0
1755,60099099867000,60099110889524,60099110890357,60099114220011,60099114221011,994,0
1756,60099108579000,60099119221714,60099119222344,60099122678516,60099122679997,994,0
1757,60099117288000,60099127951181,60099127951773,60099131295594,60099131296705,994,0
1758,60099125998000,60099136707832,60099136708499,60099140155745,60099140156615,994,0
1759,60099134710000,60099145631928,60099145632594,60099148966137,60099148966767,994,0
1760,60099143421000,60099155603389,60099155603982,60099158943562,60099158944599,994,0
1761,60099152130000,60099162854954,60099162855769,60099166306830,60099166308107,994,0
1762,60099160840000,60099171479754,60099171480439,60099174901426,60099174902445,994,0
1763,60099169551000,60099180521516,60099180522238,60099183899707,60099183900799,994,0
1764,60099178262000,60099188971946,60099188972557,60099192326452,60099192327304,994,0
1765,60099186973000,60099197623654,60099197624061,60099200980048,60099200980715,994,0
1766,60099195682000,60099207867781,60099207868355,60099211200676,60099211201676,994,0
1767,60099204393000,60099215346753,60099215347327,60099218667369,60099218668332,994,0
1768,60099213105000,60099223740702,60099223741406,60099227069671,60099227070615,994,0
1769,60099221814000,60099232548798,60099232549446,60099235967340,60099235968766,994,0
1770,60099230524000,60099241239135,60099241239690,60099244591733,60099244592677,994,0
1771,60099239235000,60099250150267,60099250151045,60099253455477,60099253456236,994,0
1772,60099247947000,60099260140821,60099260141210,60099263572438,60099263573401,994,0
1773,60099256656000,60099267327498,60099267328035,60099270770688,60099270771429,994,0
1774,60099265366000,60099276033335,60099276034057,60099279405933,60099279406766,994,0
1775,60099274077000,60099285136207,60099285137300,60099288640860,60099288641527,994,0
1776,60099282789000,60099293582860,60099293583619,60099297024384,60099297025772,994,0
1777,60099291498000,60099302255086,60099302255604,60099305729943,60099305730795,994,0
1778,60099300209000,60099312475213,60099312475824,60099315910015,60099315911089,994,0
1779,60099308919000,60099319964796,60099319965462,60099323472190,60099323473208,994,0
1780,60099317631000,60099328406152,60099328406985,60099331822361,60099331823583,994,0
1781,60099326340000,60099337093471,60099337094378,60099340628994,60099340630179,994,0
1782,60099335051000,60099345839789,60099345840567,60099349261757,60099349262591,994,0
1783,60099343761000,60099354807588,60099354808569,60099358299908,60099358300778,994,0
1784,60099352473000,60099364726827,60099364727624,60099368246555,60099368247240,994,0
1785,60099361182000,60099371934911,60099371935522,60099375402064,60099375403231,994,0
1786,60099369893000,60099380692451,60099380693174,60099384098494,60099384099346,994,0
1787,60099378603000,60099389557566,60099389558158,60099392895368,60099392896349,994,0
1788,60099387315000,60099398011033,60099398011718,60099401380557,60099401381335,994,0
1789,60099396025000,60099406672370,60099406672852,60099410100024,60099410100857,994,0
1790,60099404735000,60099416924257,60099416924831,60099420294892,60099420295874,994,0
1791,60099413447000,60099424413117,60099424413784,60099427779845,60099427781011,994,0
1792,60099422156000,60099432830455,60099432831066,60099436243701,60099436244479,994,0
1793,60099430867000,60099441551422,60099441552014,60099444861779,60099444863076,994,0
1794,60099439577000,60099450289962,60099450290647,60099453694838,60099453695801,994,0
1795,60099448289000,60099459173058,60099459173798,60099462502637,60099462503304,994,0
1796,60099456999000,60099469182390,60099469183056,60099472588914,60099472589617,994,0
1797,60099465709000,60099476397066,60099476397380,60099479734034,60099479734738,994,0
1798,60099474419000,60099485227143,60099485227661,60099488731092,60099488732426,994,0
1799,60099483130000,60099494183497,60099494184016,60099497630206,60099497631614,994,0
1800,60099491840000,60099502662483,60099502663354,60099506119192,60099506120618,994,0
1801,60099500551000,60099511310302,60099511310913,60099514783326,60099514784233,994,0
1802,60099509262000,60099521522522,60099521523022,60099525008805,60099525009453,994,0
1803,60099517972000,60099529080975,60099529081475,60099532538554,60099532539517,994,0
1804,60099526683000,60099537417183,60099537417776,60099540911022,60099540912003,994,0
1805,60099535393000,60099546139446,60099546140076,60099549571396,60099549572359,994,0
1806,60099544103000,60099554874931,60099554875653,60099558282103,60099558283066,994,0
1807,60099552814000,60099563852323,60099563852860,60099567289791,60099567290865,994,0
1808,60099561526000,60099573842155,60099573842692,60099577360549,60099577361604,994,0
1809,60099570236000,60099581038812,60099581039368,60099584537743,60099584538817,994,0
1810,60099578946000,60099589597928,60099589599039,60099592941655,60099592942952,994,0
1811,60099587657000,60099598616560,60099598617078,60099601966639,60099601967658,994,0
1812,60099596367000,60099607059712,60099607060416,60099610530162,60099610531032,994,0
1813,60099605077000,60099615687439,60099615688142,60099619193666,60099619194758,994,0
1814,60099613788000,60099625996603,60099625997288,60099629399590,60099629400904,994,0
1815,60099622499000,60099633485444,60099633486222,60099636838154,60099636839431,994,0
1816,60099631209000,60099641848746,60099641849301,60099645188288,60099645189196,994,0
1817,60099639919000,60099650600453,60099650601379,60099653967810,60099653968773,994,0
1818,60099648630000,60099659318401,60099659319141,60099662782443,60099662783387,994,0
1819,60099657340000,60099668250755,60099668251478,60099671567854,60099671568817,994,0
1820,60099666051000,60099678232347,60099678232958,60099681749000,60099681749648,994,0
1821,60099674763000,60099685532282,60099685532874,60099688991009,60099688991805,994,0
1822,60099683472000,60099694235674,60099694236174,60099697654420,60099697655161,994,0
1823,60099692183000,60099703216269,60099703216954,60099706715756,60099706716848,994,0
1824,60099700893000,60099711686848,60099711687366,60099715300741,60099715302130,994,0
1825,60099709604000,60099720347963,60099720348667,60099723787079,60099723788209,994,0
1826,60099718314000,60099730555683,60099730556424,60099733969022,60099733969707,994,0
1827,60099727024000,60099738087469,60099738088339,60099741613233,60099741615029,994,0
1828,60099735734000,60099746517511,60099746518418,60099750002497,60099750003793,994,0
1829,60099744445000,60099755190885,60099755191514,60099758627612,60099758628668,994,0
1830,60099753154000,60099763922129,60099763923147,60099767387671,60099767388597,994,0
1831,60099761865000,60099772915446,60099772916206,60099776301952,60099776303156,994,0
1832,60099770575000,60099782871223,60099782872019,60099786282080,60099786283173,994,0
1833,60099779286000,60099789952548,60099789953325,60099793301979,60099793302794,994,0
1834,60099787996000,60099798624625,60099798625311,60099801914113,60099801915113,994,0
1835,60099796707000,60099807623202,60099807623924,60099810978782,60099810979819,994,0
1836,60099805418000,60099816109725,60099816110503,60099819443046,60099819444027,994,0
1837,60099814128000,60099824742784,60099824743784,60099828136660,60099828137586,994,0
1838,60099822838000,60099835032152,60099835032782,60099838449028,60099838450121,994,0
1839,60099831549000,60099842476994,60099842477605,60099845772389,60099845773204,994,0
1840,60099840259000,60099850888869,60099850889480,60099854223227,60099854224449,994,0
1841,60099848970000,60099859592762,60099859593447,60099862914249,60099862915119,994,0
1842,60099857680000,60099868391895,60099868392747,60099871666771,60099871667771,994,0
1843,60099866391000,60099877324675,60099877325397,60099880843588,60099880844958,994,0
1844,60099875101000,60099887303822,60099887304581,60099890631106,60099890632495,994,0
1845,60099883812000,60099894479535,60099894480239,60099897761560,60099897762782,994,0
1846,60099892522000,60099903170632,60099903171169,60099906499656,60099906500841,994,0
1847,60099901233000,60099912171412,60099912172060,60099915607825,60099915608936,994,0
1848,60099909944000,60099920652694,60099920653250,60099923985515,60099923986552,994,0
1849,60099918654000,60099929282217,60099929282735,60099932599056,60099932599926,994,0
1850,60099927364000,60099939541881,60099939542844,60099943132238,60099943133441,994,0
1851,60099936075000,60099947087741,60099947088685,60099950561598,60099950562876,994,0
1852,60099944786000,60099955445450,60099955446246,60099958855751,60099958856862,994,0
1853,60099953496000,60099964179527,60099964180027,60099967512125,60099967513218,994,0
1854,60099962206000,60099972922697,60099972923253,60099976202111,60099976202870,994,0
1855,60099970917000,60099981897052,60099981897496,60099985371075,60099985372335,994,0
1856,60099979628000,60099991938995,60099991939587,60099995472351,60099995473407,994,0
1857,60099988338000,60099999111208,60099999111893,60100002532176,60100002533324,994,0
1858,60099997049000,60100007800397,60100007801249,60100011252365,60100011253476,994,0
1859,60100005759000,60100016810177,60100016810899,60100020454552,60100020455367,994,0
1860,60100014470000,60100025276959,60100025277719,60100028859131,60100028860112,994,0
1861,60100023180000,60100033947611,60100033948241,60100037503986,60100037504653,994,0
1862,60100031891000,60100044158572,60100044159165,60100047577911,60100047578966,994,0
1863,60100040602000,60100051652636,60100051653173,60100055208437,60100055209419,994,0
1864,60100049312000,60100060080770,60100060081400,60100063656182,60100063657460,994,0
1865,60100058022000,60100068784237,60100068785015,60100072187927,60100072188742,994,0
1866,60100066733000,60100077527463,60100077527981,60100081019838,60100081020912,994,0
1867,60100075443000,60100086388836,60100086389429,60100089744490,60100089745119,994,0
1868,60100084155000,60100096345742,60100096346298,60100099655711,60100099656692,994,0
1869,60100092864000,60100103531455,60100103531992,60100106992053,60100106993294,994,0
1870,60100101575000,60100112231774,60100112232385,60100115558891,60100115560039,994,0
1871,60100110285000,60100121226091,60100121226869,60100124582671,60100124583615,994,0
1872,60100118995000,60100129701910,60100129702651,60100133053027,60100133054157,994,0
1873,60100127707000,60100138329396,60100138329933,60100141626161,60100141627439,994,0
1874,60100136417000,60100148645060,60100148645856,60100151955603,60100151956436,994,0
1875,60100145127000,60100156079680,60100156080217,60100159403111,60100159404204,994,0
1876,60100153838000,60100164487333,60100164487740,60100167775431,60100167776468,994,0
1877,60100162548000,60100173220299,60100173220855,60100176566082,60100176567268,994,0
1878,60100171259000,60100182020969,60100182021673,60100185520456,60100185521752,994,0
1879,60100179970000,60100191013416,60100191013934,60100194564569,60100194565865,994,0
1880,60100188680000,60100200923582,60100200924396,60100204516031,60100204516938,994,0
1881,60100197390000,60100208161128,60100208161591,60100211646022,60100211646781,994,0
1882,60100206101000,60100216858483,60100216859002,60100220301896,60100220302729,994,0
1883,60100214811000,60100225858893,60100225859430,60100229305287,60100229306028,994,0
1884,60100223522000,60100234308398,60100234309009,60100237712181,60100237713144,994,0
1885,60100232233000,60100242977624,60100242978124,60100246481036,60100246481925,994,0
1886,60100240943000,60100253174363,60100253175066,60100256663053,60100256663942,994,0
1887,60100249654000,60100260730519,60100260731074,60100264171931,60100264172894,994,0
1888,60100258364000,60100269111357,60100269112264,60100272641214,60100272642010,994,0
1889,60100267074000,60100277822509,60100277823027,60100281280810,60100281281958,994,0
1890,60100275785000,60100286485735,60100286486420,60100289832203,60100289833240,994,0
1891,60100284496000,60100295405978,60100295406682,60100298751002,60100298751910,994,0
1892,60100293206000,60100305376347,60100305376810,60100308724205,60100308725501,994,0
1893,60100301916000,60100312612338,60100312612949,60100316112121,60100316112806,994,0
1894,60100310627000,60100321267398,60100321267935,60100324595311,60100324596255,994,0
1895,60100319338000,60100330283215,60100330283807,60100333591221,60100333592313,994,0
1896,60100328048000,60100338751756,60100338752386,60100342111151,60100342112355,994,0
1897,60100336759000,60100347369149,60100347369649,60100350818154,60100350818969,994,0
1898,60100345469000,60100357650573,60100357651184,60100361013930,60100361014689,994,0
1899,60100354180000,60100365178248,60100365179007,60100368492216,60100368493216,994,0
1900,60100362890000,60100373546012,60100373546549,60100376874629,60100376875480,994,0
1901,60100371601000,60100382348015,60100382348959,60100385817650,60100385819428,994,0
1902,60100380311000,60100391106370,60100391106981,60100394685616,60100394686727,994,0
1903,60100389022000,60100400061947,60100400062521,60100403474545,60100403476045,994,0
1904,60100397732000,60100409975964,60100409976520,60100413454396,60100413455359,994,0
1905,60100406442000,60100417221937,60100417222437,60100420671109,60100420672053,994,0
1906,60100415153000,60100425904126,60100425904848,60100429386483,60100429387038,994,0
1907,60100423864000,60100434901906,60100434902313,60100438476225,60100438477300,994,0
1908,60100432574000,60100443363484,60100443364503,60100446817675,60100446819119,994,0
1909,60100441285000,60100452025322,60100452025766,60100455525438,60100455526734,994,0
1910,60100449995000,60100462232838,60100462233616,60100465746732,60100465748065,994,0
1911,60100458706000,60100469775587,60100469776161,60100473224203,60100473225074,994,0
1912,60100467416000,60100478175888,60100478176647,60100481649449,60100481650615,994,0
1913,60100476127000,60100486790707,60100486791133,60100490249082,60100490249879,994,0
1914,60100484837000,60100495524877,60100495525395,60100498931308,60100498932456,994,0
1915,60100493548000,60100504477231,60100504477972,60100507763608,60100507764885,994,0
1916,60100502258000,60100514446138,60100514446897,60100517802662,60100517803921,994,0
1917,60100510969000,60100521657888,60100521658591,60100525002616,60100525003505,994,0
1918,60100519679000,60100530328077,60100530328799,60100533643249,60100533644212,994,0
1919,60100528390000,60100539333283,60100539334042,60100542677492,60100542678418,994,0
1920,60100537102000,60100547780732,60100547781362,60100551098441,60100551099627,994,0
1921,60100545811000,60100556450495,60100556451273,60100559777167,60100559778538,994,0
1922,60100554521000,60100566723622,60100566724048,60100570023739,60100570024480,994,0
1923,60100563231000,60100574180501,60100574181223,60100577643691,60100577644877,994,0
1924,60100571942000,60100582664005,60100582664820,60100586029400,60100586030400,994,0
1925,60100580653000,60100591414713,60100591415213,60100594787163,60100594788292,994,0
1926,60100589364000,60100600157327,60100600158012,60100603582499,60100603583499,994,0
1927,60100598074000,60100609108237,60100609109015,60100612533113,60100612534539,994,0
1928,60100606784000,60100619035273,60100619035884,60100622489964,60100622490797,994,0
1929,60100615495000,60100626284875,60100626285449,60100629786732,60100629787602,994,0
1930,60100624205000,60100634971101,60100634971731,60100638541310,60100638542347,994,0
1931,60100632916000,60100643987381,60100643987900,60100647401942,60100647402683,994,0
1932,60100641626000,60100652436460,60100652437015,60100655850632,60100655851558,994,0
1933,60100650337000,60100661095760,60100661096445,60100664556210,60100664557339,994,0
1934,60100659047000,60100671306295,60100671306906,60100674727782,60100674728782,994,0
1935,60100667758000,60100678815970,60100678816618,60100682293068,60100682293938,994,0
1936,60100676469000,60100687111234,60100687111956,60100690592702,60100690593573,994,0
1937,60100685179000,60100695829442,60100695829960,60100699138836,60100699139855,994,0
1938,60100693889000,60100704598834,60100704599186,60100708016617,60100708018154,994,0
1939,60100702600000,60100713497633,60100713497948,60100716922379,60100716923212,994,0
1940,60100711310000,60100723499335,60100723500187,60100726892656,60100726893674,994,0
1941,60100720025000,60100730711845,60100730712234,60100734035536,60100734036739,994,0
1942,60100728731000,60100739378126,60100739378663,60100742687891,60100742688762,994,0
1943,60100737442000,60100748388240,60100748388999,60100751768505,60100751769579,994,0
1944,60100746152000,60100756839596,60100756840318,60100760258676,60100760259342,994,0
1945,60100754863000,60100765493785,60100765494470,60100768860013,60100768860920,994,0
1946,60100763573000,60100775771857,60100775772338,60100779237714,60100779238658,994,0
1947,60100772284000,60100783295087,60100783295847,60100786762667,60100786763315,994,0
1948,60100780997000,60100791635611,60100791636185,60100795019635,60100795020709,994,0
1949,60100789705000,60100800388596,60100800389466,60100803690546,60100803691528,994,0
1950,60100798415000,60100809115859,60100809116229,60100812498957,60100812499975,994,0
1951,60100807126000,60100818047380,60100818047917,60100821387423,60100821388071,994,0
1952,60100815836000,60100828041249,60100828042175,60100831318829,60100831319533,994,0
1953,60100824547000,60100835200925,60100835201462,60100838598264,60100838599227,994,0
1954,60100833257000,60100843912484,60100843913132,60100847345490,60100847346582,994,0
1955,60100841968000,60100852917839,60100852918765,60100856328992,60100856329622,994,0
1956,60100850678000,60100861375214,60100861375788,60100864740960,60100864742330,994,0
1957,60100859389000,60100870020514,60100870021143,60100873313464,60100873314371,994,0
1958,60100868100000,60100880298400,60100880299030,60100883645850,60100883646850,994,0
1959,60100876810000,60100887869242,60100887870001,60100891302914,60100891303969,994,0
1960,60100885521000,60100896285783,60100896286394,60100899734252,60100899735326,994,0
1961,60100894231000,60100905013287,60100905013972,60100908462477,60100908463533,994,0
1962,60100902941000,60100913734105,60100913734920,60100917163833,60100917164814,994,0
1963,60100911652000,60100922677978,60100922678645,60100926161187,60100926162187,994,0
1964,60100920363000,60100932617885,60100932618551,60100936187704,60100936188834,994,0
1965,60100929074000,60100939835394,60100939835987,60100943349862,60100943351306,994,0
1966,60100937783000,60100948576268,60100948577101,60100952101032,60100952102180,994,0
1967,60100946494000,60100957538400,60100957539159,60100961078831,60100961080016,994,0
1968,60100955204000,60100966002479,60100966003553,60100969406095,60100969407206,994,0
1969,60100963915000,60100974660316,60100974661168,60100978057414,60100978058618,994,0
1970,60100972625000,60100984891980,60100984892962,60100988326726,60100988327745,994,0
1971,60100981336000,60100992406081,60100992406896,60100995751494,60100995752661,994,0
1972,60100990047000,60101000804549,60101000805345,60101004236517,60101004237702,994,0
1973,60100998757000,60101009508052,60101009508867,60101012967465,60101012968632,994,0
1974,60101007467000,60101018254852,60101018255667,60101021675228,60101021676580,994,0
1975,60101016178000,60101027197799,60101027198781,60101030644101,60101030645175,994,0
1976,60101024889000,60101037136780,60101037137669,60101040622840,60101040623618,994,0
1977,60101033599000,60101044377030,60101044377956,60101047763683,60101047765257,994,0
1978,60101042310000,60101053064515,60101053065459,60101056506520,60101056507372,994,0
1979,60101051020000,60101062054184,60101062055055,60101065511856,60101065513134,994,0
1980,60101059731000,60101070518392,60101070519281,60101074047823,60101074048990,994,0
1981,60101068441000,60101079173026,60101079173859,60101082650401,60101082651679,994,0
1982,60101077152000,60101089365876,60101089366690,60101092786122,60101092787029,994,0
1983,60101085862000,60101096813329,60101096814180,60101100093946,60101100095316,994,0
1984,60101094572000,60101105215722,60101105216556,60101108570320,60101108571876,994,0
1985,60101103283000,60101113923670,60101113924726,60101117263157,60101117264435,994,0
1986,60101111994000,60101122685766,60101122686674,60101126073846,60101126075235,994,0
1987,60101120704000,60101131598102,60101131598917,60101134908905,60101134910145,994,0
1988,60101129415000,60101141598175,60101141599083,60101144918199,60101144919292,994,0
1989,60101138125000,60101148806629,60101148807444,60101152095950,60101152096802,994,0
1990,60101146836000,60101157480485,60101157481466,60101160803972,60101160805120,994,0
1991,60101155546000,60101166471283,60101166472302,60101169768067,60101169769641,994,0
1992,60101164257000,60101174933806,60101174934658,60101178257831,60101178258738,994,0
1993,60101172967000,60101183586792,60101183587607,60101186992982,60101186994019,994,0
1994,60101181678000,60101193861549,60101193862326,60101197268758,60101197270073,994,0
1995,60101190388000,60101201388112,60101201388798,60101204759359,60101204760414,994,0
1996,60101199099000,60101209746580,60101209747284,60101213079790,60101213081086,994,0
1997,60101207809000,60101218450343,60101218451121,60101221805349,60101221806478,994,0
1998,60101216520000,60101227196828,60101227197698,60101230508241,60101230509186,994,0
1999,60101225230000,60101236137146,60101236137998,60101239426096,60101239427059,994,0
2000,60101233941000,60101246123478,60101246124441,60101249559483,60101249560465,994,0
2001,60101242651000,60101253313135,60101253313913,60101256671104,60101256672159,994,0
2002,60101251362000,60101261989250,60101261990009,60101265315552,60101265316534,994,0
2003,60101260073000,60101270990660,60101270991549,60101274303981,60101274305092,994,0
2004,60101268783000,60101279465479,60101279466405,60101282815355,60101282816429,994,0
2005,60101277493000,60101288125576,60101288126372,60101291415711,60101291416859,994,0
2006,60101286204000,60101298385740,60101298386518,60101301721746,60101301722838,994,0
2007,60101294914000,60101305854471,60101305855137,60101309210587,60101309211680,994,0
2008,60101303625000,60101314266438,60101314267346,60101317555185,60101317556370,994,0
2009,60101312336000,60101322974775,60101322975627,60101326265615,60101326266448,994,0
2010,60101321046000,60101331735482,60101331736445,60101335177525,60101335178451,994,0
2011,60101329756000,60101340666615,60101340667430,60101344077546,60101344078528,994,0
2012,60101338467000,60101350647299,60101350648336,60101354061360,60101354062582,994,0
2013,60101347177000,60101357841345,60101357842123,60101361150555,60101361151703,994,0
2014,60101355888000,60101366519553,60101366520238,60101369821207,60101369822447,994,0
2015,60101364599000,60101375523592,60101375524463,60101378981857,60101378982949,994,0
2016,60101373309000,60101384013985,60101384014893,60101387381584,60101387382843,994,0
2017,60101382019000,60101392646193,60101392646860,60101396086124,60101396086958,994,0
2018,60101390730000,60101402909209,60101402910061,60101406206641,60101406207697,994,0
2019,60101399440000,60101410372773,60101410373699,60101413711594,60101413712668,994,0
2020,60101408151000,60101418789408,60101418790148,60101422258042,60101422259505,994,0
2021,60101416861000,60101427501300,60101427502022,60101430754880,60101430755880,994,0
2022,60101425572000,60101436278674,60101436279433,60101439581365,60101439582624,994,0
2023,60101434282000,60101445180658,60101445181584,60101448622404,60101448623497,994,0
2024,60101442993000,60101455177472,60101455178212,60101458606014,60101458607236,994,0
2025,60101451703000,60101462370963,60101462371851,60101465658987,60101465659746,994,0
2026,60101460414000,60101471050633,60101471051763,60101474401176,60101474402120,994,0
2027,60101469124000,60101480073228,60101480074117,60101483418956,60101483420104,994,0
2028,60101477835000,60101488559103,60101488559899,60101491853997,60101491855201,994,0
2029,60101486545000,60101497161977,60101497162847,60101500445205,60101500446298,994,0
2030,60101495256000,60101507441752,60101507442512,60101510741777,60101510742647,994,0
2031,60101503966000,60101514903798,60101514904779,60101518320396,60101518321433,994,0
2032,60101512677000,60101523305580,60101523306766,60101526681808,60101526683160,994,0
2033,60101521387000,60101532043417,60101532044195,60101535311368,60101535312534,994,0
2034,60101530098000,60101540805310,60101540806050,60101544176315,60101544177445,994,0
2035,60101538808000,60101549710331,60101549710961,60101553118281,60101553119503,994,0
2036,60101547519000,60101559721218,60101559721922,60101563110483,60101563111705,994,0
2037,60101556230000,60101566876395,60101566877413,60101570194845,60101570195826,994,0
2038,60101564940000,60101575582361,60101575583121,60101578875275,60101578876201,994,0
2039,60101573651000,60101584590216,60101584591345,60101587874851,60101587876166,994,0
2040,60101582361000,60101593044498,60101593045405,60101596504855,60101596505966,994,0
2041,60101591072000,60101601686317,60101601686965,60101605004637,60101605005767,994,0
2042,60101599782000,60101611966536,60101611967203,60101615268172,60101615269394,994,0
2043,60101608494000,60101619470915,60101619471656,60101622810421,60101622811310,994,0
2044,60101617203000,60101627835976,60101627836957,60101631226814,60101631227944,994,0
2045,60101625913000,60101636567146,60101636568072,60101639893152,60101639894355,994,0
2046,60101634624000,60101645316779,60101645317353,60101648658099,60101648658785,994,0
2047,60101643334000,60101654246726,60101654247448,60101657564936,60101657565565,994,0
2048,60101652046000,60101664262558,60101664263299,60101667583712,60101667584897,994,0
2049,60101660756000,60101671427364,60101671428068,60101674731481,60101674732796,994,0
2050,60101669466000,60101680104534,60101680105275,60101683370188,60101683371225,994,0
2051,60101678177000,60101689110833,60101689111666,60101692498598,60101692499913,994,0
2052,60101686887000,60101697566652,60101697567412,60101700897788,60101700898788,994,0
2053,60101695598000,60101706216453,60101706217193,60101709625310,60101709626143,994,0
2054,60101704308000,60101716501432,60101716502117,60101719807215,60101719808419,994,0
2055,60101713019000,60101723961588,60101723962533,60101727322538,60101727323594,994,0
2056,60101721729000,60101732364741,60101732365630,60101735723599,60101735724802,994,0
2057,60101730440000,60101741132559,60101741133374,60101744624972,60101744626083,994,0
2058,60101739150000,60101749845229,60101749845989,60101753219420,60101753220309,994,0
2059,60101747861000,60101758751121,60101758751825,60101762116997,60101762118293,994,0
2060,60101756572000,60101768749990,60101768750861,60101772102459,60101772103551,994,0
2061,60101765282000,60101775926870,60101775927703,60101779266209,60101779267357,994,0
2062,60101773992000,60101784639040,60101784639874,60101787946194,60101787947120,994,0
2063,60101782703000,60101793629858,60101793630673,60101796934123,60101796935271,994,0
2064,60101791413000,60101802099159,60101802100140,60101805534516,60101805535386,994,0
2065,60101800124000,60101810726514,60101810727385,60101814029298,60101814030131,994,0
2066,60101808834000,60101821056327,60101821057012,60101824425721,60101824426943,994,0
2067,60101817545000,60101828555335,60101828556261,60101831896507,60101831897581,994,0
2068,60101826255000,60101836917914,60101836918506,60101840286993,60101840288160,994,0
2069,60101834966000,60101845642695,60101845643399,60101849038719,60101849039997,994,0
2070,60101843676000,60101854391513,60101854391958,60101857754426,60101857755575,994,0
2071,60101852387000,60101863286294,60101863286924,60101866628503,60101866629578,994,0
2072,60101861097000,60101873295570,60101873296219,60101876719928,60101876720909,994,0
2073,60101869809000,60101880491210,60101880491784,60101883821067,60101883822086,994,0
2074,60101878518000,60101889191917,60101889192398,60101892581885,60101892582959,994,0
2075,60101887229000,60101898183753,60101898184197,60101901535518,60101901536407,994,0
2076,60101895939000,60101906643072,60101906643609,60101910042318,60101910042948,994,0
2077,60101904650000,60101915270076,60101915270909,60101918741729,60101918742544,994,0
2078,60101913360000,60101925587907,60101925588740,60101928984375,60101928985023,994,0
2079,60101922072000,60101933020063,60101933020749,60101936382069,60101936382847,994,0
2080,60101930782000,60101941545105,60101941545846,60101944976203,60101944976999,994,0
2081,60101939492000,60101950169924,60101950170553,60101953535059,60101953536059,994,0
2082,60101948203000,60101958921649,60101958922260,60101962419080,60101962420062,994,0
2083,60101956913000,60101967812319,60101967813041,60101971204176,60101971205324,994,0
2084,60101965623000,60101977822410,60101977823151,60101981204841,60101981205508,994,0
2085,60101974335000,60101985003975,60101985005068,60101988345221,60101988346092,994,0
2086,60101983044000,60101993696479,60101993697479,60101997095595,60101997096725,994,0
2087,60101991755000,60102002696611,60102002697129,60102006062061,60102006062968,994,0
2088,60102000466000,60102011148893,60102011149523,60102014487788,60102014488992,994,0
2089,60102009176000,60102019789638,60102019790360,60102023238569,60102023239532,994,0
2090,60102017886000,60102030077469,60102030078154,60102033486937,60102033487956,994,0
2091,60102026597000,60102037608829,60102037609606,60102041101019,60102041102112,994,0
2092,60102035308000,60102045976111,60102045976871,60102049490209,60102049491190,994,0
2093,60102044023000,60102054693319,60102054693893,60102058008713,60102058009880,994,0
2094,60102052728000,60102063434563,60102063435174,60102066794550,60102066795513,994,0
2095,60102061440000,60102072365658,60102072366714,60102075666386,60102075667349,994,0
2096,60102070150000,60102082342157,60102082342842,60102085679459,60102085680348,994,0
2097,60102078860000,60102089554444,60102089555148,60102092877042,60102092877802,994,0
2098,60102087571000,60102098217374,60102098217929,60102101540435,60102101541620,994,0
2099,60102096281000,60102107217099,60102107217580,60102110686604,60102110687752,994,0
2100,60102104992000,60102115694899,60102115695696,60102119094590,60102119095627,994,0
2101,60102113702000,60102124347477,60102124348088,60102127657446,60102127658520,994,0
2102,60102122413000,60102134605049,60102134605642,60102137970425,60102137971406,994,0
2103,60102131124000,60102142093946,60102142094446,60102145466304,60102145467100,994,0
2104,60102139834000,60102150490525,60102150491192,60102153863734,60102153864568,994,0
2105,60102148544000,60102159198492,60102159199214,60102162548071,60102162549090,994,0
2106,60102157254000,60102167945254,60102167945903,60102171297445,60102171298464,994,0
2107,60102165965000,60102176885739,60102176886424,60102180290263,60102180291503,994,0
2108,60102174676000,60102186870311,60102186871108,60102190414113,60102190414964,994,0
2109,60102183387000,60102194073876,60102194074636,60102197424623,60102197425530,994,0
2110,60102192097000,60102202756787,60102202757473,60102206076515,60102206077497,994,0
2111,60102200807000,60102211759753,60102211760364,60102215149851,60102215150832,994,0
2112,60102209518000,60102220245942,60102220246665,60102223657392,60102223658781,994,0
2113,60102218228000,60102228868428,60102228868928,60102232180100,60102232181230,994,0
2114,60102226939000,60102239133926,60102239135037,60102242459802,60102242460857,994,0
2115,60102235649000,60102246632286,60102246633082,60102249970125,60102249971347,994,0
2116,60102244360000,60102254998661,60102254999457,60102258354648,60102258355889,994,0
2117,60102253070000,60102263704961,60102263705702,60102266992041,60102266993226,994,0
2118,60102261781000,60102272487409,60102272488260,60102275786303,60102275787507,994,0
2119,60102270491000,60102281381874,60102281382819,60102284708214,60102284709325,994,0
2120,60102279202000,60102291386910,60102291387688,60102294752101,60102294753212,994,0
2121,60102287913000,60102298571197,60102298571975,60102301848296,60102301849814,994,0
2122,60102296623000,60102307249609,60102307250405,60102310601336,60102310602262,994,0
2123,60102305333000,60102316276222,60102316277185,60102319640468,60102319641617,994,0
2124,60102314044000,60102324734412,60102324735264,60102328127880,60102328128862,994,0
2125,60102322754000,60102333364749,60102333365693,60102336709532,60102336710699,994,0
2126,60102331465000,60102343644413,60102343645339,60102346923345,60102346924345,994,0
2127,60102340175000,60102351118070,60102351118996,60102354385076,60102354386298,994,0
2128,60102348886000,60102359509908,60102359510871,60102362919358,60102362920469,994,0
2129,60102357596000,60102368242726,60102368243523,60102371629565,60102371630880,994,0
2130,60102366307000,60102376990285,60102376991100,60102380288421,60102380289550,994,0
2131,60102375018000,60102385921325,60102385922158,60102389339516,60102389340442,994,0
2132,60102383728000,60102395904027,60102395904879,60102399216848,60102399217885,994,0
2133,60102392441000,60102403090018,60102403090981,60102406392413,60102406393524,994,0
2134,60102401149000,60102411803041,60102411803985,60102415131657,60102415132731,994,0
2135,60102409859000,60102420797932,60102420798691,60102424225826,60102424226919,994,0
2136,60102418570000,60102429262788,60102429263862,60102432577850,60102432579201,994,0
2137,60102427280000,60102437885940,60102437886811,60102441280131,60102441281501,994,0
2138,60102435991000,60102448183790,60102448184660,60102451596017,60102451597314,994,0
2139,60102444703000,60102455675539,60102455676261,60102459136988,60102459137822,994,0
2140,60102453412000,60102464066247,60102464067025,60102467405975,60102467407031,994,0
2141,60102462122000,60102472788547,60102472789529,60102476205941,60102476206941,994,0
2142,60102470834000,60102481525347,60102481526125,60102484881797,60102484882816,994,0
2143,60102479543000,60102490463553,60102490464479,60102493765244,60102493766374,994,0
2144,60102488254000,60102500451311,60102500452182,60102503767632,60102503768799,994,0
2145,60102496964000,60102507608506,60102507609432,60102511021234,60102511022382,994,0
2146,60102505675000,60102516320658,60102516321454,60102519575960,60102519577405,994,0
2147,60102514385000,60102525318642,60102525319605,60102528642036,60102528642999,994,0
2148,60102523096000,60102533774757,60102533775498,60102537144041,60102537145022,994,0
2149,60102531806000,60102542415095,60102542415928,60102545812267,60102545813637,994,0
2150,60102540517000,60102552716055,60102552716963,60102556152098,60102556153209,994,0
2151,60102549227000,60102560160101,60102560160934,60102563393422,60102563394533,994,0
2152,60102557938000,60102568589346,60102568590272,60102571849111,60102571850167,994,0
2153,60102566648000,60102577311701,60102577312442,60102580610633,60102580611874,994,0
2154,60102575359000,60102586049983,60102586050723,60102589390525,60102589391933,994,0
2155,60102584070000,60102594954245,60102594955189,60102598273528,60102598274917,994,0
2156,60102592780000,60102604958966,60102604960188,60102608275638,60102608276749,994,0
2157,60102601493000,60102612140827,60102612141697,60102615490388,60102615491407,994,0
2158,60102610201000,60102620842868,60102620843757,60102624174873,60102624175744,994,0
2159,60102618911000,60102629819759,60102629820463,60102633211394,60102633212339,994,0
2160,60102627622000,60102638306227,60102638306967,60102641703028,60102641704028,994,0
2161,60102636333000,60102646964730,60102646965434,60102650346366,60102650347514,994,0
2162,60102645043000,60102657228006,60102657228932,60102660548678,60102660549678,994,0
2163,60102653753000,60102664686496,60102664687422,60102667938502,60102667939465,994,0
2164,60102662464000,60102673096223,60102673097093,60102676416654,60102676417803,994,0
2165,60102671174000,60102681815300,60102681816374,60102685266695,60102685268009,994,0
2166,60102679885000,60102690595822,60102690596730,60102693908884,60102693910013,994,0
2167,60102688596000,60102699482195,60102699483140,60102702761072,60102702762072,994,0
2168,60102697306000,60102709481379,60102709482287,60102712834459,60102712835644,994,0
2169,60102706016000,60102716689981,60102716690963,60102720078005,60102720079357,994,0
2170,60102714727000,60102725356300,60102725357059,60102728783064,60102728783916,994,0
2171,60102723437000,60102734359117,60102734359876,60102737694845,60102737696067,994,0
2172,60102732148000,60102742850214,60102742851066,60102746343016,60102746344164,994,0
2173,60102740858000,60102751475700,60102751476551,60102754868113,60102754869261,994,0
2174,60102749569000,60102761758493,60102761759290,60102765151943,60102765152795,994,0
2175,60102758279000,60102769210909,60102769211724,60102772527674,60102772529008,994,0
2176,60102766990000,60102777628044,60102777628803,60102781056012,60102781057568,994,0
2177,60102775700000,60102786363640,60102786364529,60102789744960,60102789746164,994,0
2178,60102784412000,60102795083588,60102795084643,60102798363483,60102798364297,994,0
2179,60102793122000,60102804018313,60102804019165,60102807366430,60102807367337,994,0
2180,60102801832000,60102814024978,60102814025830,60102817377817,60102817378817,994,0
2181,60102810545000,60102821203932,60102821204913,60102824583308,60102824584308,994,0
2182,60102819253000,60102829894213,60102829894991,60102833204608,60102833205719,994,0
2183,60102827964000,60102838890271,60102838891105,60102842183666,60102842185185,994,0
2184,60102836675000,60102847403998,60102847404831,60102850792355,60102850793504,994,0
2185,60102845384000,60102856015502,60102856016206,60102859405304,60102859406526,994,0
2186,60102854095000,60102866277463,60102866278092,60102869572506,60102869573987,994,0
2187,60102862806000,60102873792841,60102873793786,60102877210402,60102877211513,994,0
2188,60102871516000,60102882189383,60102882190327,60102885601870,60102885603000,994,0
2189,60102880227000,60102890868461,60102890869331,60102894223578,60102894224911,994,0
2190,60102888937000,60102899620779,60102899621705,60102903068062,60102903069655,994,0
2191,60102897648000,60102908559782,60102908560763,60102911956639,60102911957787,994,0
2192,60102906358000,60102918544484,60102918545262,60102921995638,60102921996545,994,0
2193,60102915069000,60102925732012,60102925732790,60102929002740,60102929004000,994,0
2194,60102923779000,60102934420608,60102934421405,60102937799762,60102937800688,994,0
2195,60102932490000,60102943651684,60102943652536,60102946989486,60102946990505,994,0
2196,60102941201000,60102951876838,60102951878041,60102955207158,60102955208214,994,0
2197,60102949911000,60102960550842,60102960551730,60102963846625,60102963847755,994,0
2198,60102958621000,60102970802432,60102970803210,60102974265159,60102974265956,994,0
2199,60102967334000,60102978277292,60102978278236,60102981595594,60102981596816,994,0
2200,60102976042000,60102986675352,60102986676241,60102990053062,60102990054488,994,0
2201,60102984753000,60102995404393,60102995405282,60102998690862,60102998692325,994,0
2202,60102993463000,60103004165007,60103004165859,60103007439199,60103007440199,994,0
2203,60103002174000,60103013067862,60103013068955,60103016497738,60103016498849,994,0
2204,60103010884000,60103023079453,60103023080546,60103026371756,60103026372626,994,0
2205,60103019595000,60103030269333,60103030270111,60103033567080,60103033568209,994,0
2206,60103028305000,60103038933837,60103038934615,60103042233769,60103042234658,994,0
2207,60103037016000,60103047922951,60103047923821,60103051324752,60103051325808,994,0
2208,60103045727000,60103056419233,60103056420177,60103059852627,60103059853757,994,0
2209,60103054437000,60103065053311,60103065054014,60103068393909,60103068395076,994,0
2210,60103063147000,60103075331308,60103075332123,60103078752369,60103078753277,994,0
2211,60103071858000,60103082798317,60103082799094,60103086106915,60103086108137,994,0
2212,60103080569000,60103091211562,60103091212525,60103094533549,60103094534623,994,0
2213,60103089279000,60103099921603,60103099922436,60103103260775,60103103261812,994,0
2214,60103097989000,60103108687847,60103108688662,60103112053593,60103112054704,994,0
2215,60103106700000,60103117597961,60103117598794,60103121029855,60103121030855,994,0
2216,60103115410000,60103127592071,60103127592997,60103130923021,60103130924039,994,0
2217,60103124121000,60103134771488,60103134772228,60103138217511,60103138218734,994,0
2218,60103132831000,60103143469047,60103143469769,60103146848163,60103146849256,994,0
2219,60103141542000,60103152483253,60103152484197,60103155744740,60103155746092,994,0
2220,60103150253000,60103160936313,60103160937165,60103164293208,60103164294152,994,0
2221,60103158963000,60103169599298,60103169600113,60103173044878,60103173046285,994,0
2222,60103167673000,60103179840389,60103179841037,60103183158117,60103183159413,994,0
2223,60103176384000,60103187303082,60103187303878,60103190608810,60103190609718,994,0
2224,60103185094000,60103195734550,60103195735235,60103199163389,60103199164296,994,0
2225,60103193805000,60103204462757,60103204463553,60103207822577,60103207823559,994,0
2226,60103202515000,60103213207464,60103213208557,60103216552303,60103216553488,994,0
2227,60103211226000,60103222121337,60103222122004,60103225404547,60103225405769,994,0
2228,60103219936000,60103232141929,60103232142614,60103235407472,60103235408453,994,0
2229,60103228647000,60103239297271,60103239297920,60103242670221,60103242671425,994,0
2230,60103237357000,60103247985331,60103247986071,60103251267614,60103251268688,994,0
2231,60103246068000,60103256987667,60103256988518,60103260462283,60103260463301,994,0
2232,60103254778000,60103265469393,60103265470393,60103268828751,60103268829936,994,0
2233,60103263489000,60103274113360,60103274114286,60103277516014,60103277517365,994,0
2234,60103272200000,60103284388969,60103284389635,60103287795419,60103287796530,994,0
2235,60103280910000,60103291887940,60103291888736,60103295316501,60103295317964,994,0
2236,60103289621000,60103300269945,60103300270723,60103303593728,60103303594710,994,0
2237,60103298331000,60103308966560,60103308967374,60103312308213,60103312309676,994,0
2238,60103307042000,60103317740989,60103317741841,60103321162365,60103321163661,994,0
2239,60103315752000,60103326649732,60103326650695,60103330053738,60103330055127,994,0
2240,60103324463000,60103336655453,60103336656194,60103340036348,60103340037607,994,0
2241,60103333175000,60103343817222,60103343818111,60103347136802,60103347137746,994,0
2242,60103341883000,60103352520911,60103352521874,60103355802583,60103355803528,994,0
2243,60103350594000,60103361523284,60103361524006,60103364821604,60103364822512,994,0
2244,60103359305000,60103369991622,60103369992585,60103373437238,60103373438219,994,0
2245,60103368016000,60103378636977,60103378637940,60103381930428,60103381931316,994,0
2246,60103376726000,60103388897623,60103388898382,60103392263443,60103392264555,994,0
2247,60103385437000,60103396363150,60103396363872,60103399621471,60103399622323,994,0
2248,60103394147000,60103404798395,60103404799303,60103408169734,60103408170827,994,0
2249,60103402857000,60103413487306,60103413488047,60103416857090,60103416858719,994,0
2250,60103411568000,60103422253754,60103422254606,60103425720574,60103425721871,994,0
2251,60103420278000,60103431169276,60103431170035,60103434476985,60103434477800,994,0
2252,60103428989000,60103441176793,60103441177589,60103444521317,60103444522428,994,0
2253,60103437701000,60103448349599,60103448350395,60103451661253,60103451662401,994,0
2254,60103446410000,60103457049398,60103457050084,60103460466663,60103460467459,994,0
2255,60103455120000,60103466046271,60103466047123,60103469347462,60103469348499,994,0
2256,60103463831000,60103474528443,60103474529294,60103477799004,60103477800041,994,0
2257,60103472541000,60103483149243,60103483150058,60103486533619,60103486534545,994,0
2258,60103481252000,60103493445111,60103493445888,60103496831709,60103496832653,994,0
2259,60103489962000,60103500897249,60103500898008,60103504193921,60103504194995,994,0
2260,60103498673000,60103509306809,60103509308068,60103512595852,60103512596815,994,0
2261,60103507383000,60103518021183,60103518022090,60103521349355,60103521350263,994,0
2262,60103516094000,60103526778649,60103526779372,60103530051137,60103530052248,994,0
2263,60103524804000,60103535690930,60103535691726,60103539039010,60103539040028,994,0
2264,60103533515000,60103545688003,60103545688743,60103549168156,60103549169063,994,0
2265,60103542225000,60103552883623,60103552884401,60103556247555,60103556248777,994,0
2266,60103550936000,60103561570590,60103561571590,60103564900188,60103564901318,994,0
2267,60103559646000,60103570569907,60103570570629,60103573875709,60103573876672,994,0
2268,60103568357000,60103579030745,60103579031467,60103582383121,60103582384047,994,0
2269,60103577067000,60103587670008,60103587671045,60103591093291,60103591094439,994,0
2270,60103585778000,60103597965339,60103597966117,60103601281752,60103601282678,994,0
2271,60103594488000,60103605418292,60103605419033,60103608697724,60103608699150,994,0
2272,60103603199000,60103613856389,60103613857630,60103617236524,60103617237617,994,0
2273,60103611909000,60103622555300,60103622556078,60103625861324,60103625862362,994,0
2274,60103620620000,60103631301896,60103631302952,60103634690605,60103634691698,994,0
2275,60103629330000,60103640225640,60103640226584,60103643562849,60103643564016,994,0
2276,60103638041000,60103650225490,60103650226305,60103653577774,60103653578700,994,0
2277,60103646751000,60103657406981,60103657407870,60103660682487,60103660683598,994,0
2278,60103655462000,60103666102411,60103666103429,60103669521712,60103669523009,994,0
2279,60103664172000,60103675075839,60103675076636,60103678375715,60103678376530,994,0
2280,60103672883000,60103683559177,60103683560325,60103686872164,60103686873590,994,0
2281,60103681593000,60103692232477,60103692233514,60103695589890,60103695591094,994,0
2282,60103690304000,60103702484697,60103702485493,60103705866369,60103705867851,994,0
2283,60103699016000,60103710016687,60103710017613,60103713377544,60103713378896,994,0
2284,60103707725000,60103718376580,60103718377303,60103721677271,60103721678123,994,0
2285,60103716435000,60103727076399,60103727077288,60103730347572,60103730348331,994,0
2286,60103725146000,60103735837458,60103735838569,60103739114408,60103739115334,994,0
2287,60103733857000,60103744766553,60103744767461,60103748136429,60103748137411,994,0
2288,60103742567000,60103754737867,60103754738830,60103758108409,60103758109224,994,0
2289,60103751277000,60103761939876,60103761940784,60103765248956,60103765249993,994,0
2290,60103759988000,60103770627158,60103770628065,60103774034385,60103774035311,994,0
