t,t_sim,phase,law,detected,meas_x,meas_y,meas_z,meas_range,meas_conf,bearing_rad,psi_deg,lambda_deg,lambda_dot_deg_s,r_hat_m,rdot_hat_m_s,vc_m_s,a_cmd_m_s2,v_perp_m_s,cmd_vn,cmd_ve,cmd_vd,cmd_yaw_deg,alt_m,gt_cam_x,gt_cam_y,gt_cam_z,gt_tag_x,gt_tag_y,gt_tag_z,gt_range,ext_x,ext_y,ext_z,ext_fresh,tgt_n_hat,tgt_e_hat,tgt_vn_hat,tgt_ve_hat,ext_age_s,cue_stale,coast_phase,ekf_dn_hat,ekf_de_hat,ekf_dvn_hat,ekf_dve_hat,ekf_p_diag0,ekf_p_diag1,ekf_p_diag2,ekf_p_diag3,meas_source
3.970,10.952,TAKEOFF,pronav,0,,,,,,,96.449,,,,,,,0.0000,,,,,0.0000,0.1200,0.0300,0.2290,6.5000,-28.3720,0.5000,29.1110,,,,,,,,,,,,,,,,,,,,
4.171,11.064,TAKEOFF,pronav,0,,,,,,,96.450,,,,,,,0.0000,,,,,-0.0040,0.1200,0.0300,0.2290,6.5000,-28.3720,0.5000,29.1110,,,,,,,,,,,,,,,,,,,,
4.373,11.188,TAKEOFF,pronav,0,,,,,,,96.452,,,,,,,0.0000,,,,,-0.0080,0.1200,0.0300,0.2290,6.5000,-28.3720,0.5000,29.1110,,,,,,,,,,,,,,,,,,,,
4.576,11.288,TAKEOFF,pronav,0,,,,,,,96.454,,,,,,,0.0000,,,,,-0.0110,0.1200,0.0300,0.2290,6.5000,-28.3720,0.5000,29.1110,,,,,,,,,,,,,,,,,,,,
4.778,11.416,TAKEOFF,pronav,0,,,,,,,96.455,,,,,,,0.0000,,,,,-0.0120,0.1200,0.0300,0.2290,6.5000,-28.3720,0.5000,29.1110,,,,,,,,,,,,,,,,,,,,
4.979,11.536,TAKEOFF,pronav,0,,,,,,,96.458,,,,,,,0.0000,,,,,-0.0140,0.1200,0.0300,0.2290,6.5000,-28.3720,0.5000,29.1110,,,,,,,,,,,,,,,,,,,,
5.180,11.652,TAKEOFF,pronav,0,,,,,,,96.458,,,,,,,0.0000,,,,,-0.0140,0.1200,0.0300,0.2290,6.5000,-28.3720,0.5000,29.1110,,,,,,,,,,,,,,,,,,,,
5.381,11.784,TAKEOFF,pronav,0,,,,,,,96.455,,,,,,,0.0000,,,,,-0.0130,0.1200,0.0300,0.2290,6.5000,-28.3720,0.5000,29.1110,,,,,,,,,,,,,,,,,,,,
5.583,11.876,TAKEOFF,pronav,0,,,,,,,96.454,,,,,,,0.0000,,,,,-0.0110,0.1200,0.0300,0.2290,6.5000,-28.3720,0.5000,29.1110,,,,,,,,,,,,,,,,,,,,
5.784,11.988,TAKEOFF,pronav,0,,,,,,,96.448,,,,,,,0.0000,,,,,-0.0090,0.1200,0.0300,0.2290,6.5000,-28.3720,0.5000,29.1110,,,,,,,,,,,,,,,,,,,,
5.985,12.112,TAKEOFF,pronav,0,,,,,,,96.442,,,,,,,0.0000,,,,,-0.0070,0.1200,0.0300,0.2290,6.5000,-28.3720,0.5000,29.1110,,,,,,,,,,,,,,,,,,,,
6.186,12.244,TAKEOFF,pronav,0,,,,,,,96.436,,,,,,,0.0000,,,,,-0.0050,0.1200,0.0300,0.2290,6.5000,-28.3720,0.5000,29.1110,,,,,,,,,,,,,,,,,,,,
6.389,12.368,TAKEOFF,pronav,0,,,,,,,96.430,,,,,,,0.0000,,,,,-0.0030,0.1200,0.0300,0.2290,6.5000,-28.3720,0.5000,29.1110,,,,,,,,,,,,,,,,,,,,
6.589,12.460,TAKEOFF,pronav,0,,,,,,,96.427,,,,,,,0.0000,,,,,-0.0030,0.1200,0.0300,0.2290,6.5000,-28.3720,0.5000,29.1110,,,,,,,,,,,,,,,,,,,,
6.792,12.576,TAKEOFF,pronav,0,,,,,,,96.428,,,,,,,0.0000,,,,,-0.0020,0.1200,0.0300,0.2290,6.5000,-28.3720,0.5000,29.1110,,,,,,,,,,,,,,,,,,,,
6.994,12.708,TAKEOFF,pronav,0,,,,,,,96.432,,,,,,,0.0000,,,,,0.0000,0.1200,0.0300,0.2290,6.5000,-28.3720,0.5000,29.1110,,,,,,,,,,,,,,,,,,,,
7.195,12.840,TAKEOFF,pronav,0,,,,,,,96.434,,,,,,,0.0000,,,,,0.0020,0.1200,0.0300,0.2290,6.5000,-28.3720,0.5000,29.1110,,,,,,,,,,,,,,,,,,,,
7.396,12.940,TAKEOFF,pronav,0,,,,,,,96.434,,,,,,,0.0000,,,,,0.0020,0.1200,0.0300,0.2290,6.5000,-28.3720,0.5000,29.1110,,,,,,,,,,,,,,,,,,,,
7.598,13.036,TAKEOFF,pronav,0,,,,,,,96.439,,,,,,,0.0000,,,,,0.0020,0.1200,0.0300,0.2290,6.5000,-28.3720,0.5000,29.1110,,,,,,,,,,,,,,,,,,,,
7.799,13.168,TAKEOFF,pronav,0,,,,,,,96.451,,,,,,,0.0000,,,,,0.0010,0.1200,0.0300,0.2290,6.5000,-28.3720,0.5000,29.1110,,,,,,,,,,,,,,,,,,,,
8.000,13.292,TAKEOFF,pronav,0,,,,,,,96.458,,,,,,,0.0000,,,,,0.0000,0.1200,0.0300,0.2290,6.5000,-28.3720,0.5000,29.1110,,,,,,,,,,,,,,,,,,,,
8.200,13.408,TAKEOFF,pronav,0,,,,,,,96.462,,,,,,,0.0000,,,,,0.0000,0.1200,0.0300,0.2290,6.5000,-28.3720,0.5000,29.1110,,,,,,,,,,,,,,,,,,,,
8.401,13.500,TAKEOFF,pronav,0,,,,,,,96.461,,,,,,,0.0000,,,,,0.0000,0.1200,0.0300,0.2290,6.5000,-28.3720,0.5000,29.1110,,,,,,,,,,,,,,,,,,,,
8.603,13.632,TAKEOFF,pronav,0,,,,,,,96.459,,,,,,,0.0000,,,,,0.0000,0.1200,0.0300,0.2290,6.5000,-28.3720,0.5000,29.1110,,,,,,,,,,,,,,,,,,,,
8.803,13.752,TAKEOFF,pronav,0,,,,,,,96.456,,,,,,,0.0000,,,,,0.0010,0.1200,0.0300,0.2290,6.5000,-28.3720,0.5000,29.1110,,,,,,,,,,,,,,,,,,,,
9.004,13.872,TAKEOFF,pronav,0,,,,,,,96.448,,,,,,,0.0000,,,,,0.0020,0.1200,0.0300,0.2290,6.5000,-28.3720,0.5000,29.1110,,,,,,,,,,,,,,,,,,,,
9.207,13.996,TAKEOFF,pronav,0,,,,,,,96.431,,,,,,,0.0000,,,,,0.0040,0.1200,0.0300,0.2290,6.5000,-28.3720,0.5000,29.1110,,,,,,,,,,,,,,,,,,,,
9.409,14.092,TAKEOFF,pronav,0,,,,,,,96.413,,,,,,,0.0000,,,,,0.0050,0.1200,0.0300,0.2290,6.5000,-28.3720,0.5000,29.1110,,,,,,,,,,,,,,,,,,,,
9.610,14.224,TAKEOFF,pronav,0,,,,,,,96.393,,,,,,,0.0000,,,,,0.0050,0.1200,0.0300,0.2290,6.5000,-28.3720,0.5000,29.1110,,,,,,,,,,,,,,,,,,,,
9.811,14.352,TAKEOFF,pronav,0,,,,,,,96.381,,,,,,,0.0000,,,,,0.0040,0.1200,0.0300,0.2290,6.5000,-28.3720,0.5000,29.1110,,,,,,,,,,,,,,,,,,,,
10.012,14.456,TAKEOFF,pronav,0,,,,,,,96.381,,,,,,,0.0000,,,,,0.0030,0.1200,0.0300,0.2290,6.5000,-28.3720,0.5000,29.1110,,,,,,,,,,,,,,,,,,,,
10.214,14.576,TAKEOFF,pronav,0,,,,,,,96.382,,,,,,,0.0000,,,,,0.0030,0.1200,0.0300,0.2290,6.5000,-28.3720,0.5000,29.1110,,,,,,,,,,,,,,,,,,,,
10.415,14.696,TAKEOFF,pronav,0,,,,,,,96.381,,,,,,,0.0000,,,,,0.0030,0.1200,0.0300,0.2290,6.5000,-28.3720,0.5000,29.1110,,,,,,,,,,,,,,,,,,,,
10.617,14.788,TAKEOFF,pronav,0,,,,,,,96.377,,,,,,,0.0000,,,,,0.0040,0.1200,0.0300,0.2290,6.5000,-28.3720,0.5000,29.1110,,,,,,,,,,,,,,,,,,,,
10.818,14.920,TAKEOFF,pronav,0,,,,,,,96.370,,,,,,,0.0000,,,,,0.0060,0.1200,0.0300,0.2290,6.5000,-28.3720,0.5000,29.1110,,,,,,,,,,,,,,,,,,,,
11.019,15.040,TAKEOFF,pronav,0,,,,,,,96.358,,,,,,,0.0000,,,,,0.0080,0.1200,0.0300,0.2290,6.5000,-28.3720,0.5000,29.1110,,,,,,,,,,,,,,,,,,,,
11.220,15.160,TAKEOFF,pronav,0,,,,,,,96.346,,,,,,,0.0000,,,,,0.0100,0.1200,0.0300,0.2290,6.5000,-28.3720,0.5000,29.1110,,,,,,,,,,,,,,,,,,,,
11.426,15.280,TAKEOFF,pronav,0,,,,,,,96.341,,,,,,,0.0000,,,,,0.0110,0.1200,0.0300,0.2290,6.5000,-28.3720,0.5000,29.1110,,,,,,,,,,,,,,,,,,,,
11.628,15.380,TAKEOFF,pronav,0,,,,,,,96.341,,,,,,,0.0000,,,,,0.0120,0.1200,0.0300,0.2290,6.5000,-28.3720,0.5000,29.1110,,,,,,,,,,,,,,,,,,,,
11.832,15.512,TAKEOFF,pronav,0,,,,,,,96.340,,,,,,,0.0000,,,,,0.0120,0.1200,0.0300,0.2290,6.5000,-28.3720,0.5000,29.1110,,,,,,,,,,,,,,,,,,,,
12.033,15.644,TAKEOFF,pronav,0,,,,,,,96.332,,,,,,,0.0000,,,,,0.0100,0.1200,0.0300,0.2290,6.5000,-28.3720,0.5000,29.1110,,,,,,,,,,,,,,,,,,,,
12.233,15.756,TAKEOFF,pronav,0,,,,,,,96.318,,,,,,,0.0000,,,,,0.0100,0.1200,0.0300,0.2290,6.5000,-28.3720,0.5000,29.1110,,,,,,,,,,,,,,,,,,,,
12.436,15.844,TAKEOFF,pronav,0,,,,,,,96.306,,,,,,,0.0000,,,,,0.0110,0.1200,0.0300,0.2290,6.5000,-28.3720,0.5000,29.1110,,,,,,,,,,,,,,,,,,,,
12.637,15.976,TAKEOFF,pronav,0,,,,,,,96.283,,,,,,,0.0000,,,,,0.0130,0.1200,0.0300,0.2290,6.5000,-28.3720,0.5000,29.1110,,,,,,,,,,,,,,,,,,,,
12.838,16.096,TAKEOFF,pronav,0,,,,,,,96.271,,,,,,,0.0000,,,,,0.0130,0.1200,0.0300,0.2290,6.5000,-28.3720,0.5000,29.1110,,,,,,,,,,,,,,,,,,,,
13.039,16.216,TAKEOFF,pronav,0,,,,,,,96.265,,,,,,,0.0000,,,,,0.0130,0.1200,0.0300,0.2290,6.5000,-28.3720,0.5000,29.1110,,,,,,,,,,,,,,,,,,,,
13.240,16.336,TAKEOFF,pronav,0,,,,,,,96.264,,,,,,,0.0000,,,,,0.0130,0.1200,0.0300,0.2290,6.5000,-28.3720,0.5000,29.1110,,,,,,,,,,,,,,,,,,,,
13.441,16.436,TAKEOFF,pronav,0,,,,,,,96.265,,,,,,,0.0000,,,,,0.0120,0.1200,0.0300,0.2290,6.5000,-28.3720,0.5000,29.1110,,,,,,,,,,,,,,,,,,,,
13.642,16.556,TAKEOFF,pronav,0,,,,,,,96.266,,,,,,,0.0000,,,,,0.0110,0.1200,0.0300,0.2290,6.5000,-28.3720,0.5000,29.1110,,,,,,,,,,,,,,,,,,,,
13.843,16.676,TAKEOFF,pronav,0,,,,,,,96.271,,,,,,,0.0000,,,,,0.0100,0.1198,0.0300,0.2293,6.5000,-28.3720,0.5000,29.1110,,,,,,,,,,,,,,,,,,,,
14.045,16.800,TAKEOFF,pronav,0,,,,,,,96.286,,,,,,,0.0000,,,,,0.0110,0.1188,0.0294,0.2307,6.5000,-28.3720,0.5000,29.1107,,,,,,,,,,,,,,,,,,,,
14.246,16.900,TAKEOFF,pronav,0,,,,,,,96.251,,,,,,,0.0000,,,,,0.0120,0.1174,0.0287,0.2330,6.5000,-28.3720,0.5000,29.1102,,,,,,,,,,,,,,,,,,,,
14.447,17.020,TAKEOFF,pronav,0,,,,,,,96.210,,,,,,,0.0000,,,,,0.0160,0.1139,0.0262,0.2385,6.5000,-28.3720,0.5000,29.1086,,,,,,,,,,,,,,,,,,,,
14.648,17.140,TAKEOFF,pronav,0,,,,,,,96.180,,,,,,,0.0000,,,,,0.0230,0.1094,0.0224,0.2455,6.5000,-28.3720,0.5000,29.1058,,,,,,,,,,,,,,,,,,,,
14.849,17.260,TAKEOFF,pronav,0,,,,,,,96.164,,,,,,,0.0000,,,,,0.0320,0.1033,0.0165,0.2555,6.5000,-28.3720,0.5000,29.1013,,,,,,,,,,,,,,,,,,,,
15.054,17.392,TAKEOFF,pronav,0,,,,,,,96.158,,,,,,,0.0000,,,,,0.0460,0.0955,0.0085,0.2696,6.5000,-28.3720,0.5000,29.0951,,,,,,,,,,,,,,,,,,,,
15.257,17.492,TAKEOFF,pronav,0,,,,,,,96.141,,,,,,,0.0000,,,,,0.0590,0.0892,0.0020,0.2823,6.5000,-28.3720,0.5000,29.0900,,,,,,,,,,,,,,,,,,,,
15.459,17.620,TAKEOFF,pronav,0,,,,,,,96.098,,,,,,,0.0000,,,,,0.0750,0.0810,-0.0066,0.3012,6.5000,-28.3720,0.5000,29.0833,,,,,,,,,,,,,,,,,,,,
15.660,17.740,TAKEOFF,pronav,0,,,,,,,96.047,,,,,,,0.0000,,,,,0.0940,0.0744,-0.0133,0.3188,6.5000,-28.3720,0.5000,29.0781,,,,,,,,,,,,,,,,,,,,
15.862,17.856,TAKEOFF,pronav,0,,,,,,,96.028,,,,,,,0.0000,,,,,0.1150,0.0679,-0.0195,0.3388,6.5000,-28.3720,0.5000,29.0734,,,,,,,,,,,,,,,,,,,,
16.063,17.988,TAKEOFF,pronav,0,,,,,,,96.063,,,,,,,0.0000,,,,,0.1400,0.0617,-0.0248,0.3616,6.5000,-28.3720,0.5000,29.0695,,,,,,,,,,,,,,,,,,,,
16.264,18.088,TAKEOFF,pronav,0,,,,,,,96.110,,,,,,,0.0000,,,,,0.1600,0.0579,-0.0275,0.3785,6.5000,-28.3720,0.5000,29.0676,,,,,,,,,,,,,,,,,,,,
16.465,18.216,TAKEOFF,pronav,0,,,,,,,96.161,,,,,,,0.0000,,,,,0.1820,0.0537,-0.0296,0.4017,6.5000,-28.3720,0.5000,29.0664,,,,,,,,,,,,,,,,,,,,
16.666,18.336,TAKEOFF,pronav,0,,,,,,,96.190,,,,,,,0.0000,,,,,0.2050,0.0512,-0.0301,0.4214,6.5000,-28.3720,0.5000,29.0664,,,,,,,,,,,,,,,,,,,,
16.866,18.448,TAKEOFF,pronav,0,,,,,,,96.208,,,,,,,0.0000,,,,,0.2270,0.0497,-0.0293,0.4422,6.5000,-28.3720,0.5000,29.0674,,,,,,,,,,,,,,,,,,,,
17.068,18.568,TAKEOFF,pronav,0,,,,,,,96.211,,,,,,,0.0000,,,,,0.2480,0.0492,-0.0278,0.4611,6.5000,-28.3720,0.5000,29.0690,,,,,,,,,,,,,,,,,,,,
17.270,18.664,TAKEOFF,pronav,0,,,,,,,96.201,,,,,,,0.0000,,,,,0.2620,0.0494,-0.0259,0.4777,6.5000,-28.3720,0.5000,29.0708,,,,,,,,,,,,,,,,,,,,
17.471,18.780,TAKEOFF,pronav,0,,,,,,,96.197,,,,,,,0.0000,,,,,0.2800,0.0505,-0.0231,0.4947,6.5000,-28.3720,0.5000,29.0732,,,,,,,,,,,,,,,,,,,,
17.672,18.912,TAKEOFF,pronav,0,,,,,,,96.212,,,,,,,0.0000,,,,,0.2890,0.0524,-0.0200,0.5015,6.5000,-28.3720,0.5000,29.0758,,,,,,,,,,,,,,,,,,,,
17.874,19.040,TAKEOFF,pronav,0,,,,,,,96.230,,,,,,,0.0000,,,,,0.2820,0.0549,-0.0171,0.4944,6.5000,-28.3720,0.5000,29.0782,,,,,,,,,,,,,,,,,,,,
18.075,19.160,TAKEOFF,pronav,0,,,,,,,96.252,,,,,,,0.0000,,,,,0.2710,0.0573,-0.0150,0.4862,6.5000,-28.3720,0.5000,29.0797,,,,,,,,,,,,,,,,,,,,
18.276,19.260,TAKEOFF,pronav,0,,,,,,,96.274,,,,,,,0.0000,,,,,0.2650,0.0597,-0.0134,0.4827,6.5000,-28.3720,0.5000,29.0807,,,,,,,,,,,,,,,,,,,,
18.476,19.372,TAKEOFF,pronav,0,,,,,,,96.306,,,,,,,0.0000,,,,,0.2670,0.0629,-0.0118,0.4836,6.5000,-28.3720,0.5000,29.0816,,,,,,,,,,,,,,,,,,,,
18.677,19.504,TAKEOFF,pronav,0,,,,,,,96.335,,,,,,,0.0000,,,,,0.2750,0.0666,-0.0106,0.4890,6.5000,-28.3720,0.5000,29.0820,,,,,,,,,,,,,,,,,,,,
18.878,19.628,TAKEOFF,pronav,0,,,,,,,96.365,,,,,,,0.0000,,,,,0.2870,0.0698,-0.0099,0.4954,6.5000,-28.3720,0.5000,29.0819,,,,,,,,,,,,,,,,,,,,
19.078,19.736,TAKEOFF,pronav,0,,,,,,,96.397,,,,,,,0.0000,,,,,0.2990,0.0730,-0.0097,0.5029,6.5000,-28.3720,0.5000,29.0813,,,,,,,,,,,,,,,,,,,,
19.280,19.840,TAKEOFF,pronav,0,,,,,,,96.416,,,,,,,0.0000,,,,,0.3080,0.0758,-0.0100,0.5098,6.5000,-28.3720,0.5000,29.0805,,,,,,,,,,,,,,,,,,,,
19.481,19.968,TAKEOFF,pronav,0,,,,,,,96.424,,,,,,,0.0000,,,,,0.3220,0.0785,-0.0107,0.5169,6.5000,-28.3720,0.5000,29.0792,,,,,,,,,,,,,,,,,,,,
19.682,20.096,TAKEOFF,pronav,0,,,,,,,96.417,,,,,,,0.0000,,,,,0.3320,0.0810,-0.0119,0.5240,6.5000,-28.3720,0.5000,29.0774,,,,,,,,,,,,,,,,,,,,
19.883,20.208,TAKEOFF,pronav,0,,,,,,,96.409,,,,,,,0.0000,,,,,0.3420,0.0828,-0.0134,0.5296,6.5000,-28.3720,0.5000,29.0756,,,,,,,,,,,,,,,,,,,,
20.085,20.308,TAKEOFF,pronav,0,,,,,,,96.404,,,,,,,0.0000,,,,,0.3500,0.0841,-0.0149,0.5339,6.5000,-28.3720,0.5000,29.0739,,,,,,,,,,,,,,,,,,,,
20.286,20.428,TAKEOFF,pronav,0,,,,,,,96.401,,,,,,,0.0000,,,,,0.3580,0.0854,-0.0172,0.5388,6.5000,-28.3720,0.5000,29.0714,,,,,,,,,,,,,,,,,,,,
20.489,20.560,TAKEOFF,pronav,0,,,,,,,96.403,,,,,,,0.0000,,,,,0.3650,0.0867,-0.0202,0.5437,6.5000,-28.3720,0.5000,29.0682,,,,,,,,,,,,,,,,,,,,
20.690,20.680,TAKEOFF,pronav,0,,,,,,,96.410,,,,,,,0.0000,,,,,0.3700,0.0876,-0.0231,0.5476,6.5000,-28.3720,0.5000,29.0651,,,,,,,,,,,,,,,,,,,,
20.891,20.784,TAKEOFF,pronav,0,,,,,,,96.417,,,,,,,0.0000,,,,,0.3750,0.0885,-0.0265,0.5516,6.5000,-28.3720,0.5000,29.0616,,,,,,,,,,,,,,,,,,,,
21.093,20.900,TAKEOFF,pronav,0,,,,,,,96.423,,,,,,,0.0000,,,,,0.3790,0.0894,-0.0300,0.5553,6.5000,-28.3720,0.5000,29.0580,,,,,,,,,,,,,,,,,,,,
21.294,21.024,TAKEOFF,pronav,0,,,,,,,96.429,,,,,,,0.0000,,,,,0.3840,0.0904,-0.0341,0.5593,6.5000,-28.3720,0.5000,29.0538,,,,,,,,,,,,,,,,,,,,
21.495,21.156,TAKEOFF,pronav,0,,,,,,,96.428,,,,,,,0.0000,,,,,0.3880,0.0915,-0.0389,0.5638,6.5000,-28.3720,0.5000,29.0489,,,,,,,,,,,,,,,,,,,,
21.696,21.256,TAKEOFF,pronav,0,,,,,,,96.418,,,,,,,0.0000,,,,,0.3910,0.0923,-0.0425,0.5671,6.5000,-28.3720,0.5000,29.0452,,,,,,,,,,,,,,,,,,,,
21.902,21.388,TAKEOFF,pronav,0,,,,,,,96.402,,,,,,,0.0000,,,,,0.3960,0.0934,-0.0475,0.5716,6.5000,-28.3720,0.5000,29.0401,,,,,,,,,,,,,,,,,,,,
22.104,21.488,TAKEOFF,pronav,0,,,,,,,96.384,,,,,,,0.0000,,,,,0.3980,0.0942,-0.0519,0.5758,6.5000,-28.3720,0.5000,29.0356,,,,,,,,,,,,,,,,,,,,
22.307,21.616,TAKEOFF,pronav,0,,,,,,,96.356,,,,,,,0.0000,,,,,0.4010,0.0949,-0.0564,0.5802,6.5000,-28.3720,0.5000,29.0311,,,,,,,,,,,,,,,,,,,,
22.329,21.628,CUE_WAIT,pronav,0,,,,,,,96.356,,,,,4.5000,0.0000,0.0000,0.0000,0.0000,-0.0990,96.3562,0.4010,0.0950,-0.0568,0.5806,6.5000,-28.3720,0.5000,29.0307,,,,0,,,,,,,,,,,,,,,,
22.380,21.656,CUE_WAIT,pronav,0,,,,,,,96.348,,,,,4.5000,0.0000,0.0000,0.0000,0.0000,-0.0980,96.3478,0.4020,0.0951,-0.0581,0.5820,6.5000,-28.3720,0.5000,29.0294,,,,0,,,,,,,,,,,,,,,,
22.431,21.684,CUE_WAIT,pronav,0,,,,,,,96.343,,,,,4.5000,0.0000,0.0000,0.0000,0.0000,-0.0980,96.3434,0.4020,0.0951,-0.0588,0.5827,6.5000,-28.3720,0.5000,29.0287,,,,0,,,,,,,,,,,,,,,,
22.482,21.716,CUE_WAIT,pronav,0,,,,,,,96.334,,,,,4.5000,0.0000,0.0000,0.0000,0.0000,-0.0970,96.3345,0.4030,0.0952,-0.0599,0.5839,6.5000,-28.3720,0.5000,29.0277,,,,0,,,,,,,,,,,,,,,,
22.532,21.748,CUE_WAIT,pronav,0,,,,,,,96.328,,,,,4.5000,0.0000,0.0000,0.0000,0.0000,-0.0960,96.3279,0.4040,0.0952,-0.0609,0.5852,6.5000,-28.3720,0.5000,29.0266,,,,0,,,,,,,,,,,,,,,,
22.585,21.784,CUE_WAIT,pronav,0,,,,,,,96.323,,,,,4.5000,0.0000,0.0000,0.0000,0.0000,-0.0950,96.3227,0.4050,0.0953,-0.0620,0.5866,6.5000,-28.3720,0.5000,29.0256,,,,0,,,,,,,,,,,,,,,,
22.634,21.816,CUE_WAIT,pronav,0,,,,,,,96.317,,,,,4.5000,0.0000,0.0000,0.0000,0.0000,-0.0940,96.3172,0.4060,0.0952,-0.0631,0.5883,6.5000,-28.3720,0.5000,29.0245,,,,0,,,,,,,,,,,,,,,,
22.684,21.848,CUE_WAIT,pronav,0,,,,,,,96.313,,,,,4.5000,0.0000,0.0000,0.0000,0.0000,-0.0930,96.3135,0.4070,0.0952,-0.0640,0.5898,6.5000,-28.3720,0.5000,29.0236,,,,0,,,,,,,,,,,,,,,,
22.737,21.880,CUE_WAIT,pronav,0,,,,,,,96.310,,,,,4.5000,0.0000,0.0000,0.0000,0.0000,-0.0920,166.0519,0.4080,0.0951,-0.0648,0.5912,6.5000,-28.3720,0.5000,29.0228,-28.2740,7.0117,0.4176,1,-28.2740,7.0117,-0.8242,0.2716,0.1720,,,,,,,,,,,
22.786,21.880,CUE_WAIT,pronav,0,,,,,,,96.310,,,,,4.5000,0.0000,0.0000,0.0000,0.0000,-0.0920,166.0455,0.4080,0.0951,-0.0648,0.5912,6.5000,-28.3720,0.5000,29.0228,,,,0,-28.3152,7.0253,-0.8242,0.2716,,,,,,,,,,,,
22.839,21.916,CUE_WAIT,pronav,0,,,,,,,96.311,,,,,4.5000,0.0000,0.0000,0.0000,0.0000,-0.0910,166.0377,0.4090,0.0950,-0.0658,0.5930,6.5000,-28.3720,0.5000,29.0219,,,,0,-28.3564,7.0388,-0.8242,0.2716,,,,,,,,,,,,
22.891,21.948,CUE_WAIT,pronav,0,,,,,,,96.407,,,,,4.5000,0.0000,0.0000,0.0000,0.0000,-0.0890,166.0299,0.4110,0.0949,-0.0670,0.5952,6.5000,-28.3720,0.5000,29.0208,,,,0,-28.3976,7.0524,-0.8242,0.2716,,,,,,,,,,,,
22.944,21.980,CUE_WAIT,pronav,0,,,,,,,96.675,,,,,4.5000,0.0000,0.0000,0.0000,0.0000,-0.0870,166.0448,0.4130,0.0950,-0.0685,0.5979,6.5000,-28.3720,0.5000,29.0194,-28.2921,7.0092,0.4154,1,-28.3508,7.0319,-0.2907,-0.1010,0.1680,,,,,,,,,,,
22.996,22.012,CUE_WAIT,pronav,0,,,,,,,97.262,,,,,4.5000,0.0000,0.0000,0.0000,0.0000,-0.0840,166.0597,0.4160,0.0952,-0.0706,0.6005,6.5000,-28.3720,0.5000,29.0173,,,,0,-28.3653,7.0269,-0.2907,-0.1010,,,,,,,,,,,,
23.047,22.048,CUE_WAIT,pronav,0,,,,,,,98.036,,,,,4.5000,0.0000,0.0000,0.0000,0.0000,-0.0830,166.0748,0.4170,0.0955,-0.0733,0.6022,6.5000,-28.3720,0.5000,29.0145,,,,0,-28.3798,7.0218,-0.2907,-0.1010,,,,,,,,,,,,
23.098,22.080,CUE_WAIT,pronav,0,,,,,,,99.552,,,,,4.5000,0.0000,0.0000,0.0000,0.0000,-0.0810,166.1208,0.4190,0.0960,-0.0773,0.6030,6.5000,-28.3720,0.5000,29.0106,-28.2928,6.9646,0.3880,1,-28.3334,6.9854,0.2302,0.5802,0.1720,,,,,,,,,,,
23.150,22.112,CUE_WAIT,pronav,0,,,,,,,101.104,,,,,4.5000,0.0000,0.0000,0.0000,0.0000,-0.0810,166.0585,0.4190,0.0965,-0.0816,0.6026,6.5000,-28.3720,0.5000,29.0063,,,,0,-28.3219,7.0145,0.2302,0.5802,,,,,,,,,,,,
23.200,22.116,CUE_WAIT,pronav,0,,,,,,,101.104,,,,,4.5000,0.0000,0.0000,0.0000,0.0000,-0.0810,165.9976,0.4190,0.0967,-0.0834,0.6022,6.5000,-28.3720,0.5000,29.0045,,,,0,-28.3104,7.0435,0.2302,0.5802,,,,,,,,,,,,
23.251,22.144,CUE_WAIT,pronav,0,,,,,,,102.706,,,,,4.5000,0.0000,0.0000,0.0000,0.0000,-0.0820,166.0623,0.4180,0.0970,-0.0866,0.6013,6.5000,-28.3720,0.5000,29.0012,-28.3112,6.9648,0.3862,1,-28.3063,7.0079,0.0205,-0.5349,0.1320,,,,,,,,,,,
23.301,22.180,CUE_WAIT,pronav,0,,,,,,,105.380,,,,,4.5000,0.0000,0.0000,0.0000,0.0000,-0.0850,166.1110,0.4150,0.0976,-0.0924,0.5991,6.5000,-28.3720,0.5000,28.9954,,,,0,-28.3052,6.9811,0.0205,-0.5349,,,,,,,,,,,,
23.352,22.212,CUE_WAIT,pronav,0,,,,,,,107.839,,,,,4.5000,0.0000,0.0000,0.0000,0.0000,-0.0900,166.1602,0.4100,0.0980,-0.0999,0.5957,6.5000,-28.3720,0.5000,28.9881,,,,0,-28.3042,6.9544,0.0205,-0.5349,,,,,,,,,,,,
23.404,22.236,CUE_WAIT,pronav,0,,,,,,,109.517,,,,,4.5000,0.0000,0.0000,0.0000,0.0000,-0.0920,166.2093,0.4080,0.0982,-0.1073,0.5919,6.5000,-28.3720,0.5000,28.9807,,,,0,-28.3032,6.9276,0.0205,-0.5349,,,,,,,,,,,,
23.453,22.256,CUE_WAIT,pronav,0,,,,,,,111.302,,,,,4.5000,0.0000,0.0000,0.0000,0.0000,-0.0960,166.2601,0.4040,0.0982,-0.1103,0.5904,6.5000,-28.3720,0.5000,28.9778,,,,0,-28.3022,6.9009,0.0205,-0.5349,,,,,,,,,,,,
23.505,22.276,DASH,pronav,0,,,,,,,113.971,,,,,4.5000,0.0000,0.0000,0.0000,0.0000,-0.0990,166.1773,0.4010,0.0981,-0.1155,0.5876,6.5000,-28.3720,0.5000,28.9728,-28.3616,7.0037,0.3860,1,-28.3374,6.9519,-0.3580,-0.2946,0.1640,,,,,,,,,,,
23.556,22.312,DASH,pronav,0,,,,,,,117.241,,,,,4.5000,0.0000,0.0000,-15.6233,3.4514,-0.1060,166.2122,0.3940,0.0977,-0.1243,0.5830,6.5000,-28.3720,0.5000,28.9642,,,,0,-28.3553,6.9372,-0.3580,-0.2946,,,,,,,,,,,,
23.607,22.344,DASH,pronav,0,,,,,,,120.271,,,,,4.5000,0.0000,0.0000,-15.6254,3.4421,-0.1110,166.2471,0.3890,0.0965,-0.1349,0.5782,6.5000,-28.3720,0.5000,28.9541,,,,0,-28.3732,6.9224,-0.3580,-0.2946,,,,,,,,,,,,
23.660,22.344,DASH,pronav,0,,,,,,,120.271,,,,,4.5000,0.0000,0.0000,-15.6275,3.4323,-0.1110,166.2836,0.3890,0.0965,-0.1349,0.5782,6.5000,-28.3720,0.5000,28.9541,,,,0,-28.3911,6.9077,-0.3580,-0.2946,,,,,,,,,,,,
23.710,22.360,DASH,pronav,0,,,,,,,122.501,,,,,4.5000,0.0000,0.0000,-15.6297,3.4225,-0.1140,166.3201,0.3860,0.0960,-0.1386,0.5762,6.5000,-28.3720,0.5000,28.9507,,,,0,-28.4090,6.8930,-0.3580,-0.2946,,,,,,,,,,,,
23.760,22.360,DASH,pronav,0,,,,,,,122.501,,,,,4.5000,0.0000,0.0000,-15.6318,3.4128,-0.1140,166.3565,0.3860,0.0960,-0.1386,0.5762,6.5000,-28.3720,0.5000,28.9507,,,,0,-28.4269,6.8782,-0.3580,-0.2946,,,,,,,,,,,,
23.812,22.376,DASH,pronav,0,,,,,,,124.740,,,,,4.5000,0.0000,0.0000,-15.6338,3.4036,-0.1180,166.3907,0.3820,0.0954,-0.1422,0.5734,6.5000,-28.3720,0.5000,28.9473,,,,0,-28.4448,6.8635,-0.3580,-0.2946,,,,,,,,,,,,
23.863,22.408,DASH,pronav,0,,,,,,,128.292,,,,,4.5000,0.0000,0.0000,-15.5922,3.5891,-0.1270,166.1666,0.3730,0.0929,-0.1546,0.5612,6.5000,-28.3720,0.5000,28.9357,-28.2712,7.0277,0.3945,1,-28.3478,6.9561,-0.1781,-0.2065,0.1960,,,,,,,,,,,
23.913,22.436,DASH,pronav,0,,,,,,,130.498,,,,,4.5000,0.0000,0.0000,-15.6437,3.3578,-0.1290,166.0882,0.3710,0.0906,-0.1654,0.5532,6.4280,-28.0840,0.5000,28.6289,-28.3023,7.0199,0.4402,1,-28.3241,6.9903,0.5909,-0.6635,0.1240,,,,,,,,,,,
23.965,22.456,DASH,pronav,0,,,,,,,132.680,,,,,4.5000,0.0000,0.0000,-15.6467,3.3436,-0.1310,166.1377,0.3690,0.0894,-0.1714,0.5504,6.3561,-27.7960,0.5000,28.3266,,,,0,-28.2945,6.9571,0.5909,-0.6635,,,,,,,,,,,,
24.015,22.476,DASH,pronav,0,,,,,,,135.672,,,,,4.5000,0.0000,0.0000,-15.6496,3.3300,-0.1310,166.1853,0.3690,0.0881,-0.1796,0.5482,6.2845,-27.5080,0.5000,28.0221,,,,0,-28.2650,6.9239,0.5909,-0.6635,,,,,,,,,,,,
24.066,22.508,DASH,pronav,0,,,,,,,137.778,,,,,4.5000,0.0000,0.0000,-15.6525,3.3164,-0.1290,166.2331,0.3710,0.0866,-0.1951,0.5486,6.2131,-27.2200,0.5000,27.7107,,,,0,-28.2354,6.8907,0.5909,-0.6635,,,,,,,,,,,,
24.117,22.512,DASH,pronav,0,,,,,,,139.029,,,,,4.5000,0.0000,0.0000,-15.6555,3.3021,-0.1260,166.2830,0.3740,0.0862,-0.2018,0.5500,6.1421,-26.9320,0.5000,27.4077,,,,0,-28.2059,6.8576,0.5909,-0.6635,,,,,,,,,,,,
24.169,22.540,DASH,pronav,0,,,,,,,141.920,,,,,4.5000,0.0000,0.0000,-15.6584,3.2884,-0.1190,166.3311,0.3810,0.0860,-0.2143,0.5537,6.0717,-26.6440,0.5000,27.0991,,,,0,-28.1763,6.8244,0.5909,-0.6635,,,,,,,,,,,,
24.219,22.568,DASH,pronav,0,,,,,,,145.161,,,,,4.5000,0.0000,0.0000,-15.6613,3.2748,-0.1000,166.3787,0.4000,0.0867,-0.2378,0.5630,6.0018,-26.3560,0.5000,26.7797,,,,0,-28.1468,6.7912,0.5909,-0.6635,,,,,,,,,,,,
24.271,22.576,DASH,pronav,0,,,,,,,145.962,,,,,4.5000,0.0000,0.0000,-15.4892,4.0104,-0.1000,166.1661,0.4000,0.0867,-0.2378,0.5630,6.0018,-26.3560,0.5000,26.7797,-28.0014,6.9561,0.4796,1,-28.0477,6.8769,1.9607,-0.2866,0.1560,,,,,,,,,,,
24.324,22.608,DASH,pronav,0,,,,,,,149.082,,,,,4.5000,0.0000,0.0000,-15.4875,4.0170,-0.0740,166.1446,0.4260,0.0893,-0.2702,0.5772,5.9327,-26.0680,0.5000,26.4514,,,,0,-27.9497,6.8625,1.9607,-0.2866,,,,,,,,,,,,
24.373,22.632,DASH,pronav,0,,,,,,,151.009,,,,,4.5000,0.0000,0.0000,-15.4860,4.0228,-0.0620,166.1254,0.4380,0.0934,-0.3047,0.5923,5.7969,-25.4920,0.5000,25.8251,,,,0,-27.8516,6.8482,1.9607,-0.2866,,,,,,,,,,,,
24.423,22.640,DASH,pronav,0,,,,,,,151.773,,,,,4.5000,0.0000,0.0000,-15.4843,4.0295,-0.0620,166.1034,0.4380,0.0934,-0.3047,0.5923,5.7969,-25.4920,0.5000,25.8251,,,,0,-27.7536,6.8339,1.9607,-0.2866,,,,,,,,,,,,
24.475,22.672,DASH,pronav,0,,,,,,,154.817,,,,,4.5000,0.0000,0.0000,-15.6128,3.4989,-0.0300,166.1255,0.4700,0.0995,-0.3450,0.6088,5.7969,-25.4920,0.5000,25.7846,-26.8399,6.5806,0.4118,1,-27.1662,6.6762,6.2619,-1.9042,0.1520,,,,,,,,,,,
24.525,22.700,DASH,pronav,0,,,,,,,157.470,,,,,4.5000,0.0000,0.0000,-15.6159,3.4849,-0.0090,166.1618,0.4910,0.1078,-0.3916,0.6262,5.6760,-24.9640,0.5000,25.1957,,,,0,-26.8531,6.5810,6.2619,-1.9042,,,,,,,,,,,,
24.576,22.724,DASH,pronav,0,,,,,,,159.368,,,,,4.5000,0.0000,0.0000,-15.6188,3.4716,0.0040,166.1965,0.5040,0.1129,-0.4174,0.6351,5.6116,-24.6760,0.5000,24.8743,,,,0,-26.5400,6.4858,6.2619,-1.9042,,,,,,,,,,,,
24.630,22.740,DASH,pronav,0,,,,,,,161.262,,,,,4.5000,0.0000,0.0000,-15.6219,3.4578,0.0250,166.2325,0.5250,0.1201,-0.4522,0.6463,5.5485,-24.3880,0.5000,24.5440,,,,0,-26.2269,6.3906,6.2619,-1.9042,,,,,,,,,,,,
24.678,22.764,DASH,pronav,0,,,,,,,163.162,,,,,4.5000,0.0000,0.0000,-15.5158,3.9063,0.0380,166.1122,0.5380,0.1339,-0.5140,0.6643,5.4868,-24.1000,0.5000,24.1863,-25.7154,6.3719,0.4056,1,-25.7948,6.3413,9.1094,-2.1823,0.1440,,,,,,,,,,,
24.728,22.780,DASH,pronav,0,,,,,,,165.045,,,,,4.5000,0.0000,0.0000,-15.5148,3.9105,0.0580,166.1023,0.5580,0.1398,-0.5392,0.6710,5.4265,-23.8120,0.5000,23.8663,,,,0,-25.3393,6.2322,9.1094,-2.1823,,,,,,,,,,,,
24.780,22.804,DASH,pronav,0,,,,,,,166.924,,,,,4.5000,0.0000,0.0000,-15.5138,3.9144,0.0710,166.0933,0.5710,0.1506,-0.5837,0.6820,5.4265,-23.8120,0.5000,23.8207,,,,0,-24.8838,6.1231,9.1094,-2.1823,,,,,,,,,,,,
24.830,22.840,DASH,pronav,0,,,,,,,170.538,,,,,4.5000,0.0000,0.0000,-15.5129,3.9178,0.1010,166.0853,0.6010,0.1703,-0.6615,0.6989,5.3677,-23.5240,0.5000,23.4467,,,,0,-24.4284,6.0139,9.1094,-2.1823,,,,,,,,,,,,
24.882,22.868,DASH,pronav,0,,,,,,,173.270,,,,,4.5000,0.0000,0.0000,-15.5122,3.9206,0.1290,166.0787,0.6290,0.1964,-0.7592,0.7168,5.2014,-22.6600,0.5000,22.4665,,,,0,-23.9729,5.9048,9.1094,-2.1823,,,,,,,,,,,,
24.932,22.888,DASH,pronav,0,,,,,,,173.926,,,,,4.5000,0.0000,0.0000,-15.5112,3.9245,0.1290,166.0698,0.6290,0.2060,-0.7942,0.7224,5.2014,-22.6600,0.5000,22.4303,,,,0,-23.5174,5.7957,9.1094,-2.1823,,,,,,,,,,,,
24.983,22.908,DASH,pronav,0,,,,,,,175.514,,,,,4.5000,0.0000,0.0000,-15.5706,3.6818,0.1430,166.1032,0.6430,0.2339,-0.8937,0.7364,5.0996,-22.0840,0.5000,21.7431,-24.6402,6.0507,0.4279,1,-24.0089,5.9051,9.8598,-2.6101,0.1880,,,,,,,,,,,
25.034,22.936,DASH,pronav,0,,,,,,,178.411,,,,,4.5000,0.0000,0.0000,-15.4169,4.2800,0.1640,165.9894,0.6640,0.2531,-0.9603,0.7444,5.0996,-22.0840,0.5000,21.6739,-23.4446,5.8553,0.4268,1,-23.4731,5.8230,10.2942,-2.1355,0.1160,,,,,,,,,,,
25.087,22.972,DASH,pronav,0,,,,,,,-179.577,,,,,4.5000,0.0000,0.0000,-15.4119,4.2979,0.1810,165.9493,0.6810,0.2867,-1.0743,0.7557,5.0516,-21.7960,0.5000,21.2640,,,,0,-22.9584,5.7162,10.2942,-2.1355,,,,,,,,,,,,
25.137,23.004,DASH,pronav,0,,,,,,,-178.066,,,,,4.5000,0.0000,0.0000,-15.3912,4.3716,0.1870,165.7845,0.6870,0.3287,-1.2134,0.7662,5.0057,-21.5080,0.5000,20.8283,-22.0185,5.5830,0.3635,1,-22.1885,5.5936,13.1353,-2.8549,0.0880,,,,,,,,,,,
25.187,23.020,DASH,pronav,0,,,,,,,-177.136,,,,,4.5000,0.0000,0.0000,-15.3823,4.4027,0.1930,165.7216,0.6930,0.3438,-1.2623,0.7692,4.9204,-20.9320,0.5000,20.1969,,,,0,-21.5318,5.4508,13.1353,-2.8549,,,,,,,,,,,,
25.239,23.044,DASH,pronav,0,,,,,,,-176.335,,,,,4.5000,0.0000,0.0000,-15.3756,4.4262,0.1970,165.6740,0.6970,0.3864,-1.3989,0.7758,4.8811,-20.6440,0.5000,19.7649,,,,0,-20.8750,5.3081,13.1353,-2.8549,,,,,,,,,,,,
25.301,23.068,DASH,pronav,0,,,,,,,-175.318,,,,,4.5000,0.0000,0.0000,-15.3690,4.4492,0.2020,165.6274,0.7020,0.4208,-1.5074,0.7795,4.8440,-20.3560,0.5000,19.3627,,,,0,-20.2182,5.1653,13.1353,-2.8549,,,,,,,,,,,,
25.342,23.068,DASH,pronav,0,,,,,,,-175.318,,,,,4.5000,0.0000,0.0000,-15.3580,4.4869,0.2020,165.5509,0.7020,0.4208,-1.5074,0.7795,4.8440,-20.3560,0.5000,19.3627,,,,0,-19.5615,5.0226,13.1353,-2.8549,,,,,,,,,,,,
25.393,23.104,DASH,pronav,0,,,,,,,-174.694,,,,,4.5000,0.0000,0.0000,-15.4178,4.2768,0.2030,165.4242,0.7030,0.4637,-1.6403,0.7824,4.8149,-20.1160,0.5000,18.9833,-20.8193,5.4182,0.4230,1,-20.0535,5.2028,12.6066,-3.0104,0.0920,,,,,,,,,,,
25.443,23.136,DASH,pronav,0,,,,,,,-174.215,,,,,4.5000,0.0000,0.0000,-15.4172,4.2791,0.2010,165.4195,0.7010,0.5229,-1.8213,0.7840,4.7520,-19.5400,0.5000,18.2186,,,,0,-19.4231,5.0523,12.6066,-3.0104,,,,,,,,,,,,
25.495,23.156,DASH,pronav,0,,,,,,,-174.161,,,,,4.5000,0.0000,0.0000,-15.4114,4.2999,0.1990,165.3767,0.6990,0.5437,-1.8842,0.7840,4.7520,-19.5400,0.5000,18.1527,,,,0,-18.7928,4.9018,12.6066,-3.0104,,,,,,,,,,,,
25.546,23.172,DASH,pronav,0,,,,,,,-174.160,,,,,4.5000,0.0000,0.0000,-15.4130,4.2943,0.1950,165.3883,0.6950,0.6017,-2.0577,0.7828,4.6990,-18.9640,0.5000,17.3980,,,,0,-18.1625,4.7513,12.6066,-3.0104,,,,,,,,,,,,
25.597,23.200,DASH,pronav,0,,,,,,,-174.336,,,,,4.5000,0.0000,0.0000,-15.4141,4.2901,0.1910,165.3968,0.6910,0.6398,-2.1707,0.7812,4.6990,-18.9640,0.5000,17.2792,,,,0,-17.5321,4.6008,12.6066,-3.0104,,,,,,,,,,,,
25.647,23.236,DASH,pronav,0,,,,,,,-174.917,,,,,4.5000,0.0000,0.0000,-15.4164,4.2820,0.1790,165.4135,0.6790,0.7038,-2.3583,0.7774,4.6763,-18.6760,0.5000,16.7966,,,,0,-16.9018,4.4502,12.6066,-3.0104,,,,,,,,,,,,
25.698,23.264,DASH,pronav,0,,,,,,,-175.340,,,,,4.5000,0.0000,0.0000,-15.4091,4.3079,0.1700,165.3603,0.6700,0.7799,-2.5798,0.7716,4.6388,-18.1000,0.5000,15.9951,,,,0,-16.2715,4.2997,12.6066,-3.0104,,,,,,,,,,,,
25.749,23.284,DASH,pronav,0,,,,,,,-175.837,,,,,4.5000,0.0000,0.0000,-15.4124,4.2962,0.1640,165.3843,0.6640,0.8063,-2.6560,0.7694,4.6240,-17.8120,0.5000,15.6317,,,,0,-15.6411,4.1492,12.6066,-3.0104,,,,,,,,,,,,
25.799,23.300,DASH,pronav,0,,,,,,,-176.400,,,,,4.5000,0.0000,0.0000,-15.5101,3.9288,0.1530,165.3232,0.6530,0.8513,-2.7858,0.7655,4.6240,-17.8120,0.5000,15.4949,-19.7396,5.2730,0.4158,1,-17.8481,4.7633,10.9942,-3.0130,0.1800,,,,,,,,,,,
25.850,23.332,DASH,pronav,0,,,,,,,-177.414,,,,,4.5000,0.0000,0.0000,-15.5235,3.8758,0.1350,165.4375,0.6350,0.9261,-3.0005,0.7591,4.6118,-17.5240,0.5000,14.9861,,,,0,-17.2984,4.6126,10.9942,-3.0130,,,,,,,,,,,,
25.900,23.356,DASH,pronav,0,,,,,,,-178.385,,,,,4.5000,0.0000,0.0000,-15.5271,3.8612,0.1270,165.4690,0.6270,1.0041,-3.2239,0.7526,4.5956,-16.9480,0.5000,14.1884,,,,0,-16.7487,4.4620,10.9942,-3.0130,,,,,,,,,,,,
25.950,23.376,DASH,pronav,0,,,,,,,-179.114,,,,,4.5000,0.0000,0.0000,-14.8803,5.8802,0.1150,165.0694,0.6150,1.0443,-3.3389,0.7495,4.5915,-16.6600,0.5000,13.7875,-18.5948,5.1720,0.4086,1,-17.6364,4.8277,12.8955,-1.5263,0.1600,,,,,,,,,,,
26.002,23.400,DASH,pronav,0,,,,,,,-179.863,,,,,4.5000,0.0000,0.0000,-14.8258,6.0162,0.1070,164.7791,0.6070,1.0957,-3.4858,0.7459,4.5915,-16.6600,0.5000,13.6324,,,,0,-16.9917,4.7514,12.8955,-1.5263,,,,,,,,,,,,
26.054,23.432,DASH,pronav,0,,,,,,,178.911,,,,,4.5000,0.0000,0.0000,-14.7625,6.1701,0.0880,164.4497,0.5880,1.1801,-3.7278,0.7410,4.5915,-16.0840,0.5000,12.8207,,,,0,-16.3469,4.6751,12.8955,-1.5263,,,,,,,,,,,,
26.106,23.460,DASH,pronav,0,,,,,,,177.813,,,,,4.5000,0.0000,0.0000,-14.6680,6.3914,0.0780,163.9732,0.5780,1.2672,-3.9784,0.7371,4.5956,-15.7960,0.5000,12.2797,,,,0,-15.7021,4.5988,12.8955,-1.5263,,,,,,,,,,,,
26.156,23.472,DASH,pronav,1,-2.4340,-12.2824,14.1910,14.1910,0.7551,-0.16987,177.344,167.612,0.000,14.1910,0.0000,4.5000,0.0000,0.0000,-15.3040,4.6677,0.0710,167.6118,0.5710,1.3005,-4.0745,0.7360,4.6023,-15.5080,0.5000,11.9031,,,,0,-17.0443,4.4779,9.6777,-1.5985,,,,,,,,,,,,drone
26.207,23.500,DASH,pronav,1,-2.4357,-11.8233,14.2178,14.2178,0.7551,-0.16967,176.261,167.076,-6.357,14.2044,0.2384,4.5000,-2.4965,0.0000,-15.2228,4.9262,0.0620,167.0758,0.5620,1.3569,-4.2372,0.7346,4.6118,-15.2200,0.5000,11.4573,,,,0,-17.8016,4.6501,1.4997,0.0628,,,,,,,,,,,,track
26.262,23.532,DASH,pronav,1,-2.3041,-11.3493,14.2178,14.2178,0.7551,-0.16066,175.056,166.305,-11.397,14.2171,0.2507,4.5000,-4.4758,0.0000,-15.0983,5.2955,0.0500,166.3046,0.5500,1.4848,-4.6068,0.7342,4.6388,-14.6440,0.5000,10.5237,,,,0,-18.4252,4.9165,-2.8155,1.6887,,,,,,,,,,,,track
26.313,23.532,DASH,pronav,1,-2.3041,-11.3493,14.2178,14.2178,0.7551,-0.16066,175.056,165.735,-11.397,14.2296,0.2507,4.5000,-4.4758,0.0000,-15.0005,5.5663,0.0500,165.7347,0.5500,1.4848,-4.6068,0.7342,4.6388,-14.6440,0.5000,10.5237,,,,0,-18.5660,5.0009,-2.8155,1.6887,,,,,,,,,,,,track
26.362,23.564,DASH,pronav,1,-2.1048,-10.2874,13.4493,13.4493,0.7551,-0.15524,174.058,165.164,-11.401,13.8457,-3.2611,4.5000,-4.4771,0.0000,-14.8979,5.8355,0.0460,165.1643,0.5460,1.5568,-4.8150,0.7357,4.6388,-14.6440,0.5000,10.3036,,,,0,-18.3459,5.0704,-1.6315,1.6395,,,,,,,,,,,,track
26.413,23.592,DASH,pronav,1,-2.0441,-9.4645,12.7596,12.7596,0.7551,-0.15885,172.967,164.230,-15.709,13.2211,-11.4439,11.4439,-15.6878,0.0000,-14.7193,6.2724,0.0400,164.2298,0.5400,1.6555,-5.1002,0.7403,4.6563,-14.3560,0.5000,9.7330,,,,0,-18.0222,5.2417,1.0295,2.2261,,,,,,,,,,,,track
26.464,23.612,DASH,pronav,1,-1.9219,-8.8117,12.1372,12.1372,0.7551,-0.15705,172.315,163.381,-16.460,12.3931,-15.9710,15.9710,-22.9402,0.0000,-14.5460,6.6644,0.0390,163.3807,0.5390,1.6933,-5.2093,0.7427,4.6990,-13.7800,0.5000,9.0857,,,,0,-17.6546,5.3535,3.1012,2.2299,,,,,,,,,,,,track
26.516,23.636,DASH,pronav,1,-1.9219,-8.8117,12.1372,12.1372,0.7551,-0.15705,171.693,162.558,-16.460,11.5945,-15.9710,15.9710,-22.9402,0.0000,-14.3681,7.0397,0.0400,162.5577,0.5400,1.8091,-5.5438,0.7523,4.7243,-13.4920,0.5000,8.4697,,,,0,-17.4995,5.4650,3.1012,2.2299,,,,,,,,,,,,track
26.567,23.664,DASH,pronav,1,-1.9969,-9.0864,12.7596,12.7596,0.7551,-0.15524,170.865,161.852,-15.770,11.7778,-7.3315,7.3315,-10.0893,0.0000,-13.9093,7.9077,0.0420,161.8523,0.5420,1.8751,-5.7342,0.7591,4.7520,-13.2040,0.5000,8.0089,,,,0,-17.9069,5.7923,1.2681,2.9330,,,,,,,,,,,,track
26.617,23.696,DASH,pronav,1,-1.8770,-8.4970,12.1372,12.1372,0.7551,-0.15343,169.737,161.005,-16.474,11.7742,-0.8491,4.5000,-6.4694,0.0000,-13.6103,8.4118,0.0500,161.0047,0.5500,1.9833,-6.0456,0.7723,4.7771,-12.9640,0.5000,7.4662,,,,0,-17.9140,6.0172,0.8016,3.4507,,,,,,,,,,,,track
26.668,23.728,DASH,pronav,1,-1.8770,-8.4970,12.1372,12.1372,0.7551,-0.15343,169.176,160.181,-16.474,11.7317,-0.8491,4.5000,-6.4694,0.0000,-13.4911,8.6017,0.0550,160.1809,0.5550,2.0951,-6.3651,0.7880,4.8093,-12.6760,0.5000,6.8759,,,,0,-17.8739,6.1897,0.8016,3.4507,,,,,,,,,,,,track
26.719,23.744,DASH,pronav,1,-2.0040,-7.9946,11.5726,11.5726,0.7551,-0.17147,168.609,159.071,-18.163,11.6310,-1.3650,4.5000,-7.1327,0.0000,-13.1943,9.0505,0.0630,159.0708,0.5630,2.1380,-6.4869,0.7945,4.8440,-12.3880,0.5000,6.4987,,,,0,-17.9230,6.4718,0.5096,3.8095,,,,,,,,,,,,track
26.769,23.764,DASH,pronav,1,-1.8852,-7.6873,11.3096,11.3096,0.7551,-0.16517,168.033,158.366,-15.748,11.4362,-3.6186,4.5000,-6.1841,0.0000,-13.3091,8.8808,0.0700,158.3661,0.5700,2.2108,-6.6921,0.8059,4.8440,-12.3880,0.5000,6.2825,,,,0,-17.7921,6.5584,1.2050,3.1243,,,,,,,,,,,,track
26.822,23.796,DASH,pronav,1,-1.8223,-7.5197,11.3096,11.3096,0.7551,-0.15976,166.847,157.636,-15.097,11.2824,-3.1559,4.5000,-5.9285,0.0000,-13.3126,8.8756,0.0880,157.6361,0.5880,2.3462,-7.0682,0.8280,4.9620,-11.5240,0.5000,5.1773,,,,0,-17.9609,6.7737,-0.2389,3.4966,,,,,,,,,,,,track
26.873,23.828,DASH,pronav,1,-2.1575,-7.1846,11.3096,11.3096,0.7551,-0.18850,165.849,155.965,-25.798,11.2171,-1.5355,4.5000,-10.1310,0.0000,-12.3141,10.2159,0.1090,155.9650,0.6090,2.4716,-7.4089,0.8490,5.0057,-11.2360,0.5000,4.6033,,,,0,-18.1554,7.2355,-1.4230,5.3589,,,,,,,,,,,,track
26.923,23.856,DASH,pronav,1,-1.9612,-7.0301,11.5726,11.5726,0.7551,-0.16787,164.953,155.005,-21.859,11.3565,2.3349,4.5000,-8.5841,0.0000,-12.6500,9.7968,0.1220,155.0050,0.6220,2.6022,-7.7546,0.8704,5.0516,-10.9480,0.5000,4.0417,,,,0,-18.6414,7.5768,-4.1742,5.8454,,,,,,,,,,,,track
26.974,23.876,DASH,pronav,1,-2.3266,-7.0584,12.1372,12.1372,0.7551,-0.18939,164.292,153.676,-24.663,11.8052,8.2569,4.5000,-9.6851,0.0000,-12.2618,10.2785,0.1310,153.6763,0.6310,2.6526,-7.8854,0.8786,5.0996,-10.6600,0.5000,3.7188,,,,0,-19.3240,8.1689,-7.3054,7.8263,,,,,,,,,,,,track
27.025,23.900,DASH,pronav,1,-2.3266,-7.0584,12.1372,12.1372,0.7551,-0.18939,163.586,152.443,-24.663,12.2181,8.2569,4.5000,-9.6851,0.0000,-12.1831,10.3717,0.1440,152.4432,0.6440,2.8090,-8.2814,0.9036,5.1495,-10.3720,0.5000,3.1641,,,,0,-19.6892,8.5602,-7.3054,7.8263,,,,,,,,,,,,track
27.078,23.928,DASH,pronav,1,-2.9262,-6.9123,12.4406,12.4406,0.7551,-0.23101,162.421,150.197,-30.611,12.5358,7.4187,4.5000,-12.0210,0.0000,-11.2871,11.3402,0.1680,150.1972,0.6680,2.8810,-8.4590,0.9149,5.2014,-10.0840,0.5000,2.8631,,,,0,-19.9341,9.2605,-6.9125,8.8345,,,,,,,,,,,,track
27.128,23.928,DASH,pronav,1,-2.9262,-6.9123,12.4406,12.4406,0.7551,-0.23101,162.421,148.667,-30.611,12.9067,7.4187,4.5000,-12.0210,0.0000,-11.1883,11.4377,0.1680,148.6667,0.6680,2.8810,-8.4590,0.9149,5.2014,-10.0840,0.5000,2.8631,,,,0,-20.2797,9.7023,-6.9125,8.8345,,,,,,,,,,,,track
27.177,23.960,DASH,pronav,0,,,,,,,161.386,147.136,-30.611,13.2776,7.4187,4.5000,-12.0210,0.0000,-11.0898,11.5333,0.1770,147.1361,0.6770,3.0489,-8.8611,0.9401,5.2551,-9.7960,0.5000,2.4362,,,,0,-20.6253,10.1440,-6.9125,8.8345,,,,,,,,,,,,
27.229,23.992,DASH,pronav,0,,,,,,,160.106,145.606,-30.611,13.6486,7.4187,4.5000,-12.0210,0.0000,-10.9915,11.6270,0.2000,145.6056,0.7000,3.2057,-9.2213,0.9628,5.3106,-9.5080,0.5000,2.1741,,,,0,-20.9710,10.5857,-6.9125,8.8345,,,,,,,,,,,,
27.278,24.008,DASH,pronav,0,,,,,,,159.250,144.075,-30.611,14.0195,7.4187,4.5000,-12.0210,0.0000,-10.8934,11.7189,0.2150,144.0750,0.7150,3.2665,-9.3569,0.9714,5.3677,-9.2200,0.5000,2.1578,,,,0,-21.3166,11.0274,-6.9125,8.8345,,,,,,,,,,,,
27.330,24.032,DASH,pronav,0,,,,,,,158.372,142.544,-30.611,14.3904,7.4187,4.5000,-12.0210,0.0000,-10.7954,11.8093,0.2250,142.5444,0.7250,3.4553,-9.7650,0.9973,5.4868,-8.6440,0.5000,2.3730,,,,0,-21.6622,11.4692,-6.9125,8.8345,,,,,,,,,,,,
27.381,24.060,DASH,pronav,0,,,,,,,157.125,141.014,-30.611,14.7614,7.4187,4.5000,-12.0210,0.0000,-3.7086,15.5643,0.2390,141.0139,0.7390,3.5644,-9.9922,1.0115,5.4868,-8.6440,0.5000,2.4032,-10.2924,5.6371,0.4186,1,-14.9786,8.1466,12.6346,2.3364,0.1480,,,,,,,,,,,
27.432,24.092,DASH,pronav,0,,,,,,,155.672,139.483,-30.611,15.1323,7.4187,4.5000,-12.0210,0.0000,-3.0180,15.7128,0.2630,139.4833,0.7630,3.7451,-10.3559,1.0334,5.6010,-8.1160,0.5000,2.9574,,,,0,-14.3469,8.2634,12.6346,2.3364,,,,,,,,,,,,
27.483,24.116,DASH,pronav,0,,,,,,,154.620,137.953,-30.611,15.5032,7.4187,4.5000,-12.0210,0.0000,6.4178,14.6564,0.2720,116.7757,0.7720,3.8151,-10.4923,1.0416,5.6652,-7.8280,0.5000,3.2885,,,,0,-13.7151,8.3802,12.6346,2.3364,,,,,,,,,,,,
27.533,24.128,DASH,pronav,0,,,,,,,154.072,136.422,-30.611,15.8742,7.4187,4.5000,-12.0210,0.0000,13.2671,8.9434,0.2720,71.6229,0.7720,4.0090,-10.8555,1.0647,5.7305,-7.5400,0.5000,3.7783,-9.1408,5.8547,0.4176,1,-10.7178,6.9116,10.9243,1.8913,0.1080,,,,,,,,,,,
27.588,24.160,DASH,pronav,0,,,,,,,150.490,134.892,-30.611,16.2451,7.4187,4.5000,-12.0210,0.0000,14.4527,6.8644,0.2950,54.6438,0.7950,4.1356,-11.0818,1.0802,5.7969,-7.2520,0.5000,4.2147,,,,0,-10.1716,7.0062,10.9243,1.8913,,,,,,,,,,,,
27.638,24.192,DASH,pronav,0,,,,,,,146.303,133.361,-30.611,16.6160,7.4187,4.5000,-12.0210,0.0000,15.0724,5.3688,0.3190,39.9741,0.8190,4.3749,-11.4854,1.1106,5.8644,-6.9640,0.5000,4.7994,,,,0,-9.6254,7.1008,10.9243,1.8913,,,,,,,,,,,,
27.688,24.220,DASH,pronav,0,,,,,,,141.820,131.831,-30.611,16.9870,7.4187,4.5000,-12.0210,0.0000,15.3461,4.5275,0.3330,30.8024,0.8330,4.5975,-11.8382,1.1383,5.9327,-6.6760,0.5000,5.3702,,,,0,-9.0792,7.1953,10.9243,1.8913,,,,,,,,,,,,
27.739,24.232,DASH,pronav,0,,,,,,,139.807,130.300,-30.611,17.3579,7.4187,4.5000,-12.0210,0.0000,15.5065,3.9431,0.3430,24.1218,0.8430,4.6828,-11.9688,1.1482,6.0018,-6.3880,0.5000,5.7711,,,,0,-8.5330,7.2899,10.9243,1.8913,,,,,,,,,,,,
27.790,24.256,DASH,pronav,0,,,,,,,134.972,128.769,-30.611,17.7288,7.4187,4.5000,-12.0210,0.0000,15.5362,3.8245,0.3570,22.7423,0.8570,4.8268,-12.1840,1.1640,6.0717,-6.1000,0.5000,6.2455,,,,0,-7.9868,7.3845,10.9243,1.8913,,,,,,,,,,,,
27.840,24.288,DASH,pronav,0,,,,,,,131.421,127.239,-30.611,18.0998,7.4187,4.5000,-12.0210,0.0000,15.7745,2.6766,0.3650,11.7671,0.8650,5.0616,-12.5218,1.1865,6.1421,-5.8120,0.5000,6.8309,-7.7499,6.1518,0.4175,1,-7.6262,6.6827,12.9674,2.0919,0.1720,,,,,,,,,,,
27.892,24.292,DASH,pronav,0,,,,,,,129.262,125.708,-30.611,18.4707,7.4187,4.5000,-12.0210,0.0000,15.7766,2.6641,0.3780,11.5140,0.8780,5.0616,-12.5218,1.1865,6.1421,-5.8120,0.5000,6.8309,,,,0,-6.9778,6.7873,12.9674,2.0919,,,,,,,,,,,,
27.942,24.324,DASH,pronav,0,,,,,,,124.220,124.178,-30.611,18.8416,7.4187,4.5000,-12.0210,0.0000,15.7980,2.5346,0.3860,8.8900,0.8860,5.3304,-12.8917,1.2066,6.2845,-5.2360,0.5000,7.7472,,,,0,-6.3294,6.8919,12.9674,2.0919,,,,,,,,,,,,
27.994,24.348,DASH,pronav,0,,,,,,,120.632,122.647,-30.611,19.2126,7.4187,4.5000,-12.0210,0.0000,15.8140,2.4323,0.3960,6.8192,0.8960,5.4209,-13.0125,1.2118,6.2845,-5.2360,0.5000,7.8566,,,,0,-5.6811,6.9965,12.9674,2.0919,,,,,,,,,,,,
28.055,24.356,DASH,pronav,0,,,,,,,117.069,121.117,-30.611,19.5835,7.4187,4.5000,-12.0210,0.0000,15.8128,2.4404,0.4020,6.9843,0.9020,5.5726,-13.2109,1.2188,6.3561,-4.9480,0.5000,8.3311,,,,0,-5.0327,7.1010,12.9674,2.0919,,,,,,,,,,,,
28.102,24.356,DASH,pronav,0,,,,,,,117.069,119.586,-30.611,19.9544,7.4187,4.5000,-12.0210,0.0000,15.8117,2.4475,0.4020,7.1277,0.9020,5.5726,-13.2109,1.2188,6.3561,-4.9480,0.5000,8.3311,,,,0,-4.3843,7.2056,12.9674,2.0919,,,,,,,,,,,,
28.153,24.388,DASH,pronav,0,,,,,,,111.514,118.055,-30.611,20.3254,7.4187,4.5000,-12.0210,0.0000,15.5796,3.6435,0.4120,2.9112,0.9120,5.8168,-13.5211,1.2251,6.4280,-4.6600,0.5000,8.9117,-6.5964,6.4212,0.4191,1,-5.4522,6.7768,12.6261,3.4934,0.1760,,,,,,,,,,,
28.202,24.412,DASH,pronav,0,,,,,,,108.174,116.525,-30.611,20.6963,7.4187,4.5000,-12.0210,0.0000,15.5895,3.6010,0.4140,2.0805,0.9140,6.0622,-13.8220,1.2252,6.5000,-4.3720,0.5000,9.4879,,,,0,-4.8209,6.9515,12.6261,3.4934,,,,,,,,,,,,
28.254,24.428,DASH,pronav,0,,,,,,,106.866,114.994,-30.611,21.0672,7.4187,4.5000,-12.0210,0.0000,15.5800,3.6421,0.4140,2.8821,0.9140,6.0622,-13.8220,1.2252,6.5000,-4.3720,0.5000,9.4879,,,,0,-4.1896,7.1262,12.6261,3.4934,,,,,,,,,,,,
28.305,24.456,DASH,pronav,0,,,,,,,100.748,113.464,-30.611,21.4382,7.4187,4.5000,-12.0210,0.0000,15.7219,2.9704,0.4120,0.6741,0.9120,6.3389,-14.1499,1.2172,6.6439,-3.7960,0.5000,10.3832,-5.1553,6.7731,0.4150,1,-4.5165,6.9842,12.2548,2.9296,0.1360,,,,,,,,,,,
28.355,24.488,DASH,pronav,0,,,,,,,96.380,111.933,-30.611,21.8091,7.4187,4.5000,-12.0210,0.0000,15.7296,2.9289,0.4010,-0.0124,0.9010,6.5849,-14.4318,1.2029,6.7155,-3.5080,0.5000,10.9472,,,,0,-3.9038,7.1307,12.2548,2.9296,,,,,,,,,,,,
28.406,24.520,DASH,pronav,0,,,,,,,92.860,110.403,-30.611,22.1800,7.4187,4.5000,-12.0210,0.0000,15.7362,2.8933,0.3940,-0.5974,0.8940,6.8304,-14.7043,1.1823,6.8579,-2.9320,0.5000,11.7921,,,,0,-3.2910,7.2772,12.2548,2.9296,,,,,,,,,,,,
28.457,24.540,DASH,pronav,0,,,,,,,90.478,108.872,-30.611,22.5510,7.4187,4.5000,-12.0210,0.0000,15.8307,2.3213,0.3800,-2.3976,0.8800,6.9223,-14.8040,1.1729,6.8579,-2.9320,0.5000,11.8912,-4.2936,6.9825,0.4184,1,-3.6475,7.1590,10.7593,2.5336,0.1160,,,,,,,,,,,
28.508,24.556,DASH,pronav,0,,,,,,,88.184,107.342,-30.611,22.9219,7.4187,4.5000,-12.0210,0.0000,15.8221,2.3796,0.3700,-1.7422,0.8700,7.0750,-14.9670,1.1555,6.9283,-2.6440,0.5000,12.3413,,,,0,-3.1095,7.2857,10.7593,2.5336,,,,,,,,,,,,
28.558,24.588,DASH,pronav,0,,,,,,,84.670,105.811,-30.611,23.2928,7.4187,4.5000,-12.0210,0.0000,15.8322,2.3113,0.3370,-2.5090,0.8370,7.3487,-15.2507,1.1188,6.9982,-2.3560,0.5000,12.9143,,,,0,-2.5715,7.4123,10.7593,2.5336,,,,,,,,,,,,
28.609,24.620,DASH,pronav,0,,,,,,,81.655,104.280,-30.611,23.6638,7.4187,4.5000,-12.0210,0.0000,15.8376,2.2741,0.3130,-2.9257,0.8130,7.5901,-15.4921,1.0810,7.0673,-2.0680,0.5000,13.4468,,,,0,-2.0336,7.5390,10.7593,2.5336,,,,,,,,,,,,
28.660,24.652,DASH,pronav,0,,,,,,,78.212,102.750,-30.611,24.0347,7.4187,4.5000,-12.0210,0.0000,15.8422,2.2414,0.2690,-3.2905,0.7690,7.8295,-15.7233,1.0390,7.2031,-1.4920,0.5000,14.2552,,,,0,-1.4956,7.6657,10.7593,2.5336,,,,,,,,,,,,
28.712,24.676,DASH,pronav,0,,,,,,,76.026,101.219,-30.611,24.4056,7.4187,4.5000,-12.0210,0.0000,15.8462,2.2128,0.2490,-3.6082,0.7490,8.0667,-15.9444,0.9938,7.3240,-0.9640,0.5000,15.0069,,,,0,-0.9576,7.7924,10.7593,2.5336,,,,,,,,,,,,
28.762,24.696,DASH,pronav,0,,,,,,,72.871,99.689,-30.611,24.7766,7.4187,4.5000,-12.0210,0.0000,15.7717,2.6931,0.2180,-4.6366,0.7180,8.1844,-16.0512,0.9701,7.3884,-0.6760,0.5000,15.4030,-2.8508,7.3470,0.4255,1,-1.8783,7.5758,13.9543,3.3410,0.1760,,,,,,,,,,,
28.814,24.720,DASH,pronav,0,,,,,,,70.520,98.158,-30.611,25.1475,7.4187,4.5000,-12.0210,0.0000,15.7804,2.6420,0.1960,-4.6906,0.6960,8.3306,-16.1815,0.9398,7.3884,-0.6760,0.5000,15.5403,,,,0,-1.1806,7.7429,13.9543,3.3410,,,,,,,,,,,,
28.865,24.752,DASH,pronav,0,,,,,,,66.626,96.628,-30.611,25.5184,7.4187,4.5000,-12.0210,0.0000,15.7884,2.5934,0.1380,-4.7260,0.6380,8.5625,-16.3825,0.8900,7.4515,-0.3880,0.5000,16.0378,,,,0,-0.4829,7.9099,13.9543,3.3410,,,,,,,,,,,,
28.915,24.784,DASH,pronav,0,,,,,,,63.140,95.097,-30.611,25.8894,7.4187,4.5000,-12.0210,0.0000,15.7377,2.8853,0.1030,-6.3963,0.6030,8.7918,-16.5751,0.8391,7.5132,-0.1000,0.5000,16.5281,-1.9798,7.5500,0.4177,1,-1.1019,7.7608,10.5680,3.4649,0.1640,,,,,,,,,,,
28.968,24.800,DASH,pronav,0,,,,,,,61.112,93.567,-30.611,26.2603,7.4187,4.5000,-12.0210,0.0000,15.7244,2.9569,0.0780,-5.6265,0.5780,8.8772,-16.6452,0.8198,7.6323,0.4760,0.5000,17.1694,,,,0,-0.5735,7.9340,10.5680,3.4649,,,,,,,,,,,,
29.019,24.820,DASH,pronav,0,,,,,,,58.011,92.036,-30.611,26.6312,7.4187,4.5000,-12.0210,0.0000,15.7243,2.9575,0.0420,-5.6202,0.5420,9.1031,-16.8269,0.7683,7.6323,0.4760,0.5000,17.3674,,,,0,-0.0451,8.1073,10.5680,3.4649,,,,,,,,,,,,
29.068,24.836,DASH,pronav,0,,,,,,,56.438,90.505,-30.611,27.0022,7.4187,4.5000,-12.0210,0.0000,15.7240,2.9591,0.0180,-5.6027,0.5180,9.1312,-16.8491,0.7619,7.6894,0.7640,0.5000,17.6740,,,,0,0.4833,8.2805,10.5680,3.4649,,,,,,,,,,,,
29.121,24.852,DASH,pronav,0,,,,,,,53.778,88.975,-30.611,27.3731,7.4187,4.5000,-12.0210,0.0000,15.8652,2.0722,-0.0190,-6.3206,0.4810,9.2711,-16.9585,0.7297,7.7449,1.0520,0.5000,18.0765,-0.5875,7.8546,0.4103,1,0.0521,8.0943,12.1213,2.6722,0.1400,,,,,,,,,,,
29.173,24.884,DASH,pronav,0,,,,,,,49.975,87.444,-30.611,27.7440,7.4187,4.5000,-12.0210,0.0000,15.8711,2.0272,-0.0430,-6.3612,0.4570,9.4930,-17.1279,0.6785,7.7986,1.3400,0.5000,18.5464,,,,0,0.6582,8.2279,12.1213,2.6722,,,,,,,,,,,,
29.222,24.900,DASH,pronav,0,,,,,,,47.194,85.914,-30.611,28.1150,7.4187,4.5000,-12.0210,0.0000,15.8765,1.9843,-0.0800,-6.3898,0.4200,9.5757,-17.1898,0.6595,7.8505,1.6280,0.5000,18.8974,,,,0,1.2643,8.3615,12.1213,2.6722,,,,,,,,,,,,
29.275,24.916,DASH,pronav,0,,,,,,,44.358,84.383,-30.611,28.4859,7.4187,4.5000,-12.0210,0.0000,15.9265,1.5322,-0.1030,-6.7597,0.3970,9.7130,-17.2910,0.6280,7.8505,1.6280,0.5000,19.0109,0.5409,8.0972,0.4146,1,1.0727,8.2564,11.6469,2.1589,0.1000,,,,,,,,,,,
29.326,24.952,DASH,pronav,0,,,,,,,39.727,82.853,-30.611,28.8568,7.4187,4.5000,-12.0210,0.0000,15.9306,1.4890,-0.1620,-6.8446,0.3380,9.9310,-17.4480,0.5788,7.9004,1.9160,0.5000,19.4703,,,,0,1.6550,8.3643,11.6469,2.1589,,,,,,,,,,,,
29.376,24.960,DASH,pronav,0,,,,,,,38.559,81.322,-30.611,29.2278,7.4187,4.5000,-12.0210,0.0000,15.9294,1.5016,-0.1620,-6.3573,0.3380,10.0394,-17.5241,0.5549,7.9943,2.4920,0.5000,20.1204,,,,0,2.2374,8.4723,11.6469,2.1589,,,,,,,,,,,,
29.430,24.984,DASH,pronav,0,,,,,,,35.624,79.791,-30.611,29.5987,7.4187,4.5000,-12.0210,0.0000,15.9344,1.4472,-0.1960,-6.5773,0.3040,10.1743,-17.6171,0.5260,7.9943,2.4920,0.5000,20.2269,,,,0,2.8197,8.5802,11.6469,2.1589,,,,,,,,,,,,
29.478,25.012,DASH,pronav,0,,,,,,,30.923,78.261,-30.611,29.9696,7.4187,4.5000,-12.0210,0.0000,15.9379,1.4081,-0.2480,-6.6449,0.2520,10.3890,-17.7607,0.4826,8.0796,3.0680,0.5000,20.9564,,,,0,3.4021,8.6882,11.6469,2.1589,,,,,,,,,,,,
29.528,25.016,DASH,pronav,0,,,,,,,29.753,76.730,-30.611,30.3406,7.4187,4.5000,-12.0210,0.0000,15.9368,1.4210,-0.2480,-6.2057,0.2520,10.3890,-17.7607,0.4826,8.0796,3.0680,0.5000,20.9564,,,,0,3.9844,8.7961,11.6469,2.1589,,,,,,,,,,,,
29.580,25.048,DASH,pronav,0,,,,,,,25.117,75.200,-30.611,30.7115,7.4187,4.5000,-12.0210,0.0000,15.8986,1.7981,-0.2950,-7.6304,0.2050,10.6025,-17.8980,0.4434,8.1189,3.3560,0.5000,21.3986,1.7079,8.3532,0.3901,1,2.8515,8.5736,11.6990,2.6584,0.1360,,,,,,,,,,,
29.632,25.068,DASH,pronav,0,,,,,,,23.972,73.669,-30.611,31.0824,7.4187,4.5000,-12.0210,0.0000,15.8969,1.8132,-0.2950,-7.0942,0.2050,10.6822,-17.9478,0.4297,8.1560,3.6440,0.5000,21.7392,,,,0,3.4364,8.7065,11.6990,2.6584,,,,,,,,,,,,
29.682,25.084,DASH,pronav,0,,,,,,,21.142,72.139,-30.611,31.4534,7.4187,4.5000,-12.0210,0.0000,15.9008,1.7786,-0.3120,-7.0704,0.1880,10.7883,-18.0130,0.4124,8.1560,3.6440,0.5000,21.8166,,,,0,4.0214,8.8394,11.6990,2.6584,,,,,,,,,,,,
29.733,25.116,DASH,pronav,0,,,,,,,15.659,70.608,-30.611,31.8243,7.4187,4.5000,-12.0210,0.0000,15.9515,1.2455,-0.3490,-7.9217,0.1510,11.0528,-18.1698,0.3727,8.2177,4.1720,0.5000,22.5213,3.1524,8.5624,0.4116,1,3.7340,8.7263,13.5630,2.2915,0.1040,,,,,,,,,,,
29.785,25.124,DASH,pronav,0,,,,,,,15.659,69.078,-30.611,32.1952,7.4187,4.5000,-12.0210,0.0000,15.9505,1.2581,-0.3490,-7.4187,0.1510,11.1319,-18.2152,0.3617,8.2480,4.4600,0.5000,22.8582,,,,0,4.4121,8.8409,13.5630,2.2915,,,,,,,,,,,,
29.835,25.148,DASH,pronav,0,,,,,,,11.479,67.547,-30.611,32.5662,7.4187,4.5000,-12.0210,0.0000,15.9528,1.2278,-0.3800,-7.3938,0.1200,11.2636,-18.2892,0.3441,8.2480,4.4600,0.5000,22.9488,,,,0,5.0903,8.9555,13.5630,2.2915,,,,,,,,,,,,
29.886,25.176,DASH,pronav,0,,,,,,,8.000,66.016,-30.611,32.9371,7.4187,4.5000,-12.0210,0.0000,15.9558,1.1882,-0.3970,-7.4751,0.1030,11.4740,-18.4038,0.3176,8.2757,4.7480,0.5000,23.3724,,,,0,5.7684,9.0701,13.5630,2.2915,,,,,,,,,,,,
29.938,25.180,DASH,pronav,0,,,,,,,8.000,64.486,-30.611,33.3080,7.4187,4.5000,-12.0210,0.0000,15.9549,1.2010,-0.3970,-7.0267,0.1030,11.4740,-18.4038,0.3176,8.2757,4.7480,0.5000,23.3724,,,,0,6.4466,9.1846,13.5630,2.2915,,,,,,,,,,,,
29.987,25.204,DASH,pronav,0,,,,,,,5.625,62.955,-30.611,33.6790,7.4187,4.5000,-12.0210,0.0000,15.9569,1.1730,-0.4080,-7.0097,0.0920,11.6841,-18.5136,0.2927,8.3010,5.0360,0.5000,23.7923,,,,0,7.1247,9.2992,13.5630,2.2915,,,,,,,,,,,,
30.038,25.216,DASH,pronav,0,,,,,,,3.343,61.425,-30.611,34.0499,7.4187,4.5000,-12.0210,0.0000,15.9560,1.1856,-0.4230,-6.5960,0.0770,11.6841,-18.5136,0.2927,8.3010,5.0360,0.5000,23.7923,,,,0,7.8029,9.4138,13.5630,2.2915,,,,,,,,,,,,
30.089,25.248,DASH,pronav,0,,,,,,,-0.108,59.894,-30.611,34.4208,7.4187,4.5000,-12.0210,0.0000,15.9998,0.0713,-0.4470,-8.3428,0.0530,11.9202,-18.6317,0.2664,8.3437,5.6120,0.5000,24.5071,4.2603,8.7061,0.3884,1,5.9486,9.0350,12.2567,1.0086,0.1360,,,,,,,,,,,
30.139,25.268,DASH,pronav,0,,,,,,,-2.139,58.364,-30.611,34.7918,7.4187,4.5000,-12.0210,0.0000,16.0000,0.0393,-0.4470,-8.4441,0.0530,11.9988,-18.6697,0.2580,8.3612,5.9000,0.5000,24.8387,,,,0,6.5614,9.0854,12.2567,1.0086,,,,,,,,,,,,
30.191,25.280,DASH,pronav,0,,,,,,,-2.925,56.833,-30.611,35.1627,7.4187,4.5000,-12.0210,0.0000,15.9999,0.0497,-0.4560,-8.1452,0.0440,12.1298,-18.7317,0.2444,8.3612,5.9000,0.5000,24.9196,,,,0,7.1742,9.1359,12.2567,1.0086,,,,,,,,,,,,
30.241,25.312,DASH,pronav,0,,,,,,,-5.921,55.303,-30.611,35.5336,7.4187,4.5000,-12.0210,0.0000,16.0000,0.0186,-0.4770,-8.2461,0.0230,12.3392,-18.8271,0.2238,8.3882,6.4760,0.5000,25.6112,,,,0,7.7871,9.1863,12.2567,1.0086,,,,,,,,,,,,
30.292,25.332,DASH,pronav,0,,,,,,,-8.434,53.772,-30.611,35.9046,7.4187,4.5000,-12.0210,0.0000,15.9930,-0.4715,-0.4870,-9.5403,0.0130,12.4156,-18.8598,0.2213,8.3977,6.7640,0.5000,25.9384,5.1411,8.7860,0.3856,1,6.4446,8.9663,10.8163,0.5799,0.1160,,,,,,,,,,,
30.343,25.348,DASH,pronav,0,,,,,,,-12.503,52.241,-30.611,36.2755,7.4187,4.5000,-12.0210,0.0000,15.9934,-0.4613,-0.4880,-9.2879,0.0120,12.5364,-18.9084,0.2333,8.3977,6.7640,0.5000,26.0053,,,,0,6.9854,8.9953,10.8163,0.5799,,,,,,,,,,,,
30.395,25.380,DASH,pronav,0,,,,,,,-17.912,50.711,-30.611,36.6464,7.4187,4.5000,-12.0210,0.0000,15.9921,-0.5034,-0.4900,-9.5031,0.0100,12.7538,-19.0006,0.2451,8.4085,7.3400,0.5000,26.6978,,,,0,7.5263,9.0243,10.8163,0.5799,,,,,,,,,,,,
30.445,25.396,DASH,pronav,0,,,,,,,-21.650,49.180,-30.611,37.0174,7.4187,4.5000,-12.0210,0.0000,15.9924,-0.4931,-0.4910,-9.2618,0.0090,12.8264,-19.0320,0.2451,8.4099,7.6280,0.5000,27.0246,,,,0,8.0671,9.0533,10.8163,0.5799,,,,,,,,,,,,
30.498,25.412,DASH,pronav,0,,,,,,,-23.849,47.650,-30.611,37.3883,7.4187,4.5000,-12.0210,0.0000,15.9914,-0.5239,-0.4930,-9.3805,0.0070,12.9476,-19.0847,0.2414,8.4099,7.6280,0.5000,27.0966,,,,0,8.6079,9.0823,10.8163,0.5799,,,,,,,,,,,,
30.549,25.444,DASH,pronav,0,,,,,,,-28.871,46.119,-30.611,37.7592,7.4187,4.5000,-12.0210,0.0000,15.9904,-0.5542,-0.4950,-9.4934,0.0050,13.1400,-19.1690,0.2346,8.4085,7.9160,0.5000,27.4965,,,,0,9.1487,9.1113,10.8163,0.5799,,,,,,,,,,,,
30.601,25.464,DASH,pronav,0,,,,,,,-33.913,44.589,-30.611,38.1302,7.4187,4.5000,-12.0210,0.0000,15.9994,0.1341,-0.4960,-10.2187,0.0040,13.2080,-19.1994,0.2394,8.4044,8.2040,0.5000,27.8224,6.5502,8.8693,0.3867,1,7.8059,8.9777,12.2512,1.3979,0.1520,,,,,,,,,,,
30.651,25.480,DASH,pronav,0,,,,,,,-39.431,43.058,-30.611,38.5011,7.4187,4.5000,-12.0210,0.0000,15.9996,0.1104,-0.4910,-10.1994,0.0090,13.3217,-19.2506,0.2442,8.3977,8.4920,0.5000,28.1774,,,,0,8.4185,9.0476,12.2512,1.3979,,,,,,,,,,,,
30.702,25.512,DASH,pronav,0,,,,,,,-48.004,41.527,-30.611,38.8720,7.4187,4.5000,-12.0210,0.0000,15.9712,-0.9590,-0.4770,-10.7592,0.0230,13.5282,-19.3441,0.2423,8.3882,8.7800,0.5000,28.5911,7.7443,8.8555,0.4686,1,8.2590,8.9603,12.1196,0.1822,0.1000,,,,,,,,,,,
30.753,25.512,DASH,pronav,1,8.2768,0.1648,26.7614,26.7614,0.3419,0.29995,-48.004,4.589,-36.389,33.0022,5.8911,4.5000,-14.2899,0.0000,15.9924,0.4931,-0.4770,4.5895,0.0230,13.5282,-19.3441,0.2423,8.3882,8.7800,0.5000,28.5911,,,,0,5.4896,3.9305,-10.0059,-32.8481,,,,,,,,,,,,drone
30.805,25.544,DASH,pronav,0,,,,,,,-55.195,2.770,-36.389,33.2967,5.8911,4.5000,-14.2899,0.0000,15.9947,0.4127,-0.4700,2.7700,0.0300,13.7139,-19.4283,0.2368,8.3760,9.0680,0.5000,28.9932,,,,0,4.9893,2.2881,-10.0059,-32.8481,,,,,,,,,,,,
30.856,25.568,DASH,pronav,0,,,,,,,-60.225,0.951,-36.389,33.5913,5.8911,4.5000,-14.2899,0.0000,15.9980,0.2529,-0.4650,0.9506,0.0350,13.7839,-19.4601,0.2349,8.3612,9.3560,0.5000,29.3231,,,,0,4.4890,0.6457,-10.0059,-32.8481,,,,,,,,,,,,
30.906,25.576,DASH,pronav,0,,,,,,,-65.212,-0.869,-36.389,33.8858,5.8911,4.5000,-14.2899,0.0000,15.9999,-0.0497,-0.4580,-0.8689,0.0420,13.9010,-19.5128,0.2321,8.3437,9.6440,0.5000,29.6829,,,,0,3.9887,-0.9968,-10.0059,-32.8481,,,,,,,,,,,,
30.959,25.612,DASH,pronav,0,,,,,,,-73.721,-2.688,-36.389,34.1804,5.8911,4.5000,-14.2899,0.0000,15.9942,-0.4320,-0.4450,-2.6883,0.0550,14.0855,-19.5952,0.2351,8.3237,9.9320,0.5000,30.0853,8.8573,8.8341,0.4375,1,6.7098,4.2448,11.7359,-0.0002,0.1000,,,,,,,,,,,
31.011,25.644,DASH,pronav,0,,,,,,,-81.499,-4.508,-36.389,34.4749,5.8911,4.5000,-14.2899,0.0000,15.9801,-0.7969,-0.4400,-4.5078,0.0600,14.2905,-19.6848,0.2405,8.2757,10.5080,0.5000,30.7871,,,,0,7.2966,4.2448,11.7359,-0.0002,,,,,,,,,,,,
31.061,25.664,DASH,pronav,0,,,,,,,-87.173,-6.327,-36.389,34.7695,5.8911,4.5000,-14.2899,0.0000,15.9553,-1.1957,-0.4350,-6.3272,0.0650,14.3584,-19.7137,0.2422,8.2480,10.7960,0.5000,31.1166,,,,0,7.8834,4.2448,11.7359,-0.0002,,,,,,,,,,,,
31.111,25.684,DASH,pronav,0,,,,,,,-92.863,-8.147,-36.389,35.0641,5.8911,4.5000,-14.2899,0.0000,15.9181,-1.6170,-0.4330,-8.1467,0.0670,14.5386,-19.7883,0.2450,8.2229,11.0360,0.5000,31.4656,,,,0,8.4702,4.2448,11.7359,-0.0002,,,,,,,,,,,,
31.162,25.708,DASH,pronav,0,,,,,,,-101.863,-9.966,-36.389,35.3586,5.8911,4.5000,-14.2899,0.0000,15.8324,-2.3096,-0.4320,-20.8819,0.0680,14.6504,-19.8323,0.2453,8.2229,11.0360,0.5000,31.5314,,,,0,9.0570,4.2448,11.7359,-0.0002,,,,,,,,,,,,
31.215,25.744,DASH,pronav,0,,,,,,,-109.498,-11.786,-36.389,35.6532,5.8911,4.5000,-14.2899,0.0000,15.8770,-1.9799,-0.4360,-15.8063,0.0640,14.8285,-19.8985,0.2415,8.1560,11.6120,0.5000,32.2103,10.0624,8.8562,0.3708,1,9.8949,7.0116,11.6959,-0.2732,0.1320,,,,,,,,,,,
31.265,25.776,DASH,pronav,0,,,,,,,-121.119,-13.605,-36.389,35.9477,5.8911,4.5000,-14.2899,0.0000,15.8740,-2.0043,-0.4470,-15.8446,0.0530,15.0242,-19.9662,0.2341,8.0796,12.1880,0.5000,32.8966,,,,0,10.4797,6.9979,11.6959,-0.2732,,,,,,,,,,,,
31.316,25.796,DASH,pronav,0,,,,,,,-124.788,-15.424,-36.389,36.2423,5.8911,4.5000,-14.2899,0.0000,15.8755,-1.9922,-0.4460,-15.5849,0.0540,15.0871,-19.9869,0.2336,8.0796,12.1880,0.5000,32.9302,,,,0,11.0645,6.9843,11.6959,-0.2732,,,,,,,,,,,,
31.367,25.820,DASH,pronav,0,,,,,,,-133.057,-17.244,-36.389,36.5368,5.8911,4.5000,-14.2899,0.0000,15.8737,-2.0065,-0.4440,-15.5486,0.0560,15.2551,-20.0396,0.2323,7.9943,12.7640,0.5000,33.5987,,,,0,11.6493,6.9706,11.6959,-0.2732,,,,,,,,,,,,
31.446,25.840,DASH,pronav,0,,,,,,,-138.710,-19.063,-36.389,36.8314,5.8911,4.5000,-14.2899,0.0000,15.8720,-2.0201,-0.4430,-15.5097,0.0570,15.3604,-20.0710,0.2324,7.9943,12.7640,0.5000,33.6522,,,,0,12.2341,6.9569,11.6959,-0.2732,,,,,,,,,,,,
31.484,25.868,DASH,pronav,0,,,,,,,-144.276,-20.883,-36.389,37.1259,5.8911,4.5000,-14.2899,0.0000,15.8735,-2.0082,-0.4410,-15.2694,0.0590,15.5269,-20.1176,0.2324,7.9484,13.0520,0.5000,34.0254,,,,0,12.8189,6.9433,11.6959,-0.2732,,,,,,,,,,,,
31.535,25.876,DASH,pronav,0,,,,,,,-149.121,-22.702,-36.389,37.4205,5.8911,4.5000,-14.2899,0.0000,15.8718,-2.0213,-0.4400,-15.2343,0.0600,15.5269,-20.1176,0.2324,7.9484,13.0520,0.5000,34.0254,,,,0,13.4037,6.9296,11.6959,-0.2732,,,,,,,,,,,,
31.586,25.908,DASH,pronav,0,,,,,,,-155.706,-24.522,-36.389,37.7151,5.8911,4.5000,-14.2899,0.0000,15.8005,-2.5189,-0.4370,-14.0452,0.0630,15.7072,-20.1633,0.2320,7.8505,13.6280,0.5000,34.6937,12.5660,8.4914,0.4735,1,13.1350,7.8612,12.0291,-1.1620,0.0960,,,,,,,,,,,
31.637,25.928,DASH,pronav,0,,,,,,,-159.065,-26.341,-36.389,38.0096,5.8911,4.5000,-14.2899,0.0000,15.8016,-2.5118,-0.4350,-13.8982,0.0650,15.7657,-20.1775,0.2317,7.7986,13.9160,0.5000,35.0130,,,,0,13.7365,7.8031,12.0291,-1.1620,,,,,,,,,,,,
31.690,25.940,DASH,pronav,0,,,,,,,-160.248,-28.161,-36.389,38.3042,5.8911,4.5000,-14.2899,0.0000,15.7992,-2.5271,-0.4350,-13.9402,0.0650,15.8613,-20.2000,0.2311,7.7986,13.9160,0.5000,35.0569,,,,0,14.3379,7.7450,12.0291,-1.1620,,,,,,,,,,,,
31.741,25.972,DASH,pronav,0,,,,,,,-164.066,-29.980,-36.389,38.5987,5.8911,4.5000,-14.2899,0.0000,15.7960,-2.5471,-0.4330,-14.0203,0.0670,16.0095,-20.2340,0.2301,7.6894,14.4920,0.5000,35.7098,,,,0,14.9394,7.6869,12.0291,-1.1620,,,,,,,,,,,,
31.791,25.984,DASH,pronav,0,,,,,,,-164.790,-31.800,-36.389,38.8933,5.8911,4.5000,-14.2899,0.0000,15.7971,-2.5399,-0.4330,-13.8814,0.0670,16.0636,-20.2462,0.2296,7.6894,14.4920,0.5000,35.7343,,,,0,15.5408,7.6288,12.0291,-1.1620,,,,,,,,,,,,
31.846,26.008,DASH,pronav,0,,,,,,,-166.762,-33.619,-36.389,39.1878,5.8911,4.5000,-14.2899,0.0000,15.7946,-2.5556,-0.4310,-13.7891,0.0690,16.1518,-20.2660,0.2289,7.6323,14.7800,0.5000,36.0677,13.8887,8.2639,0.2796,1,14.7901,7.9867,12.5621,-1.3001,0.0920,,,,,,,,,,,
31.893,26.032,DASH,pronav,0,,,,,,,-167.237,-35.438,-36.389,39.4824,5.8911,4.5000,-14.2899,0.0000,15.7924,-2.5691,-0.4310,-13.8212,0.0690,16.3045,-20.3001,0.2277,7.5132,15.3560,0.5000,36.7249,,,,0,15.4182,7.9217,12.5621,-1.3001,,,,,,,,,,,,
31.945,26.040,DASH,pronav,0,,,,,,,-167.262,-37.258,-36.389,39.7769,5.8911,4.5000,-14.2899,0.0000,15.7935,-2.5625,-0.4310,-13.6880,0.0690,16.3045,-20.3001,0.2277,7.5132,15.3560,0.5000,36.7249,,,,0,16.0463,7.8567,12.5621,-1.3001,,,,,,,,,,,,
31.997,26.072,DASH,pronav,0,,,,,,,-166.539,-39.077,-36.389,40.0715,5.8911,4.5000,-14.2899,0.0000,15.7914,-2.5754,-0.4310,-13.7179,0.0690,16.4342,-20.3290,0.2281,7.4515,15.6440,0.5000,37.0786,,,,0,16.6744,7.7916,12.5621,-1.3001,,,,,,,,,,,,
32.047,26.088,DASH,pronav,0,,,,,,,-166.139,-40.897,-36.389,40.3661,5.8911,4.5000,-14.2899,0.0000,15.7924,-2.5689,-0.4310,-13.5908,0.0690,16.4814,-20.3396,0.2283,7.3990,15.8840,0.5000,37.3458,,,,0,17.3026,7.7266,12.5621,-1.3001,,,,,,,,,,,,
32.098,26.104,DASH,pronav,0,,,,,,,-164.765,-42.716,-36.389,40.6606,5.8911,4.5000,-14.2899,0.0000,15.7904,-2.5812,-0.4300,-13.6189,0.0700,16.5584,-20.3568,0.2285,7.3990,15.8840,0.5000,37.3813,,,,0,17.9307,7.6616,12.5621,-1.3001,,,,,,,,,,,,
32.148,26.136,DASH,pronav,0,,,,,,,-161.484,-44.536,-36.389,40.9552,5.8911,4.5000,-14.2899,0.0000,15.7885,-2.5932,-0.4300,-13.6438,0.0700,16.6773,-20.3831,0.2291,7.2695,16.4600,0.5000,38.0262,,,,0,18.5588,7.5966,12.5621,-1.3001,,,,,,,,,,,,
32.200,26.140,DASH,pronav,0,,,,,,,-160.463,-46.355,-36.389,41.2497,5.8911,4.5000,-14.2899,0.0000,15.7895,-2.5866,-0.4300,-13.5240,0.0700,16.6773,-20.3831,0.2291,7.2695,16.4600,0.5000,38.0262,,,,0,19.1869,7.5316,12.5621,-1.3001,,,,,,,,,,,,
32.250,26.172,DASH,pronav,0,,,,,,,-155.628,-48.175,-36.389,41.5443,5.8911,4.5000,-14.2899,0.0000,15.8002,-2.5207,-0.4300,-14.1264,0.0700,16.8052,-20.4104,0.2299,7.2031,16.7480,0.5000,38.3799,15.2042,7.9520,0.4084,1,17.0485,7.7578,12.4852,-1.1301,0.1520,,,,,,,,,,,
32.300,26.192,DASH,pronav,0,,,,,,,-152.021,-49.994,-36.389,41.8388,5.8911,4.5000,-14.2899,0.0000,15.8014,-2.5131,-0.4300,-13.9838,0.0700,16.8466,-20.4188,0.2301,7.1356,17.0360,0.5000,38.6941,,,,0,17.6727,7.7013,12.4852,-1.1301,,,,,,,,,,,,
32.352,26.204,DASH,pronav,0,,,,,,,-150.452,-51.813,-36.389,42.1334,5.8911,4.5000,-14.2899,0.0000,15.7997,-2.5236,-0.4300,-13.9869,0.0700,16.9140,-20.4318,0.2300,7.1356,17.0360,0.5000,38.7237,,,,0,18.2970,7.6448,12.4852,-1.1301,,,,,,,,,,,,
32.401,26.236,DASH,pronav,0,,,,,,,-141.528,-53.633,-36.389,42.4279,5.8911,4.5000,-14.2899,0.0000,15.7981,-2.5336,-0.4320,-13.9869,0.0680,17.0185,-20.4495,0.2287,7.0673,17.3240,0.5000,39.0632,,,,0,18.9213,7.5883,12.4852,-1.1301,,,,,,,,,,,,
32.452,26.244,DASH,pronav,0,,,,,,,-141.528,-55.452,-36.389,42.7225,5.8911,4.5000,-14.2899,0.0000,15.7993,-2.5261,-0.4320,-13.8532,0.0680,17.0565,-20.4548,0.2285,6.9283,17.9000,0.5000,39.6705,,,,0,19.5455,7.5318,12.4852,-1.1301,,,,,,,,,,,,
32.507,26.272,DASH,pronav,0,,,,,,,-133.176,-57.272,-36.389,43.0171,5.8911,4.5000,-14.2899,0.0000,15.4846,-4.0283,-0.4340,-14.3120,0.0660,17.1192,-20.4626,0.2297,6.9283,17.9000,0.5000,39.6941,16.2611,7.8955,0.4578,1,17.8246,7.7274,11.6498,-3.0788,0.1600,,,,,,,,,,,
32.557,26.272,DASH,pronav,0,,,,,,,-133.176,-59.091,-36.389,43.3116,5.8911,4.5000,-14.2899,0.0000,15.4845,-4.0287,-0.4340,-14.3194,0.0660,17.1192,-20.4626,0.2297,6.9283,17.9000,0.5000,39.6941,,,,0,18.4071,7.5735,11.6498,-3.0788,,,,,,,,,,,,
32.608,26.304,DASH,pronav,0,,,,,,,-125.316,-60.911,-36.389,43.6062,5.8911,4.5000,-14.2899,0.0000,15.4802,-4.0450,-0.4360,-14.4555,0.0640,17.2175,-20.4712,0.2316,6.7869,18.4760,0.5000,40.3206,,,,0,18.9896,7.4195,11.6498,-3.0788,,,,,,,,,,,,
32.659,26.308,DASH,pronav,0,,,,,,,-125.316,-62.730,-36.389,43.9007,5.8911,4.5000,-14.2899,0.0000,15.4802,-4.0453,-0.4360,-14.4606,0.0640,17.2660,-20.4738,0.2328,6.7869,18.4760,0.5000,40.3357,,,,0,19.5721,7.2656,11.6498,-3.0788,,,,,,,,,,,,
32.708,26.336,DASH,pronav,0,,,,,,,-113.597,-64.550,-36.389,44.1953,5.8911,4.5000,-14.2899,0.0000,15.4761,-4.0608,-0.4380,-14.5869,0.0620,17.3266,-20.4757,0.2346,6.7155,18.7640,0.5000,40.6499,,,,0,20.1546,7.1117,11.6498,-3.0788,,,,,,,,,,,,
32.758,26.368,DASH,pronav,0,,,,,,,-104.897,-66.369,-36.389,44.4898,5.8911,4.5000,-14.2899,0.0000,15.4713,-4.0792,-0.4390,-14.7336,0.0610,17.4232,-20.4765,0.2377,6.6439,19.0520,0.5000,40.9727,,,,0,20.7370,6.9577,11.6498,-3.0788,,,,,,,,,,,,
32.809,26.384,DASH,pronav,0,,,,,,,-102.966,-68.189,-36.389,44.7844,5.8911,4.5000,-14.2899,0.0000,15.4712,-4.0793,-0.4400,-14.7346,0.0600,17.4596,-20.4766,0.2381,6.5720,19.3400,0.5000,41.2792,,,,0,21.3195,6.8038,11.6498,-3.0788,,,,,,,,,,,,
32.859,26.404,DASH,pronav,0,,,,,,,-98.392,-70.008,-36.389,45.0789,5.8911,4.5000,-14.2899,0.0000,15.7935,-2.5626,-0.4400,-15.0216,0.0600,17.5208,-20.4768,0.2380,6.5000,19.6280,0.5000,41.5923,17.4508,7.6102,0.4370,1,19.2313,7.2260,11.6483,-0.8364,0.1880,,,,,,,,,,,
32.911,26.436,DASH,pronav,0,,,,,,,-90.735,-71.827,-36.389,45.3735,5.8911,4.5000,-14.2899,0.0000,15.4557,-4.1376,-0.4400,-15.1049,0.0600,17.6312,-20.4774,0.2387,6.4280,19.9160,0.5000,41.9191,18.6488,7.3447,0.5179,1,19.1148,7.2805,11.0828,-2.9451,0.1200,,,,,,,,,,,
32.962,26.468,DASH,pronav,0,,,,,,,-85.612,-73.647,-36.389,45.6681,5.8911,4.5000,-14.2899,0.0000,15.4519,-4.1518,-0.4380,-15.2137,0.0620,17.7297,-20.4782,0.2398,6.2845,20.4920,0.5000,42.5396,,,,0,19.6689,7.1333,11.0828,-2.9451,,,,,,,,,,,,
33.012,26.500,DASH,pronav,0,,,,,,,-81.539,-75.466,-36.389,45.9626,5.8911,4.5000,-14.2899,0.0000,15.4482,-4.1656,-0.4350,-15.3177,0.0650,17.8266,-20.4768,0.2453,6.2131,20.7800,0.5000,42.8610,,,,0,20.2230,6.9860,11.0828,-2.9451,,,,,,,,,,,,
33.064,26.528,DASH,pronav,0,,,,,,,-78.820,-77.286,-36.389,46.2572,5.8911,4.5000,-14.2899,0.0000,15.4483,-4.1652,-0.4330,-15.3118,0.0670,17.9221,-20.4733,0.2512,6.1421,21.0680,0.5000,43.1799,,,,0,20.7772,6.8387,11.0828,-2.9451,,,,,,,,,,,,
33.115,26.548,DASH,pronav,0,,,,,,,-74.884,-79.105,-36.389,46.5517,5.8911,4.5000,-14.2899,0.0000,15.4447,-4.1786,-0.4260,-15.4108,0.0740,17.9693,-20.4707,0.2539,6.0717,21.3560,0.5000,43.4866,,,,0,21.3313,6.6915,11.0828,-2.9451,,,,,,,,,,,,
33.166,26.568,DASH,pronav,0,,,,,,,-72.729,-80.925,-36.389,46.8463,5.8911,4.5000,-14.2899,0.0000,15.4403,-4.1950,-0.4220,-15.5313,0.0780,18.0275,-20.4664,0.2575,6.0717,21.3560,0.5000,43.4984,,,,0,21.8854,6.5442,11.0828,-2.9451,,,,,,,,,,,,
33.219,26.600,DASH,pronav,0,,,,,,,-70.159,-82.744,-36.389,47.1408,5.8911,4.5000,-14.2899,0.0000,15.4831,-4.0340,-0.4200,-15.6496,0.0800,18.1189,-20.4574,0.2623,6.0018,21.6440,0.5000,43.8110,19.9667,7.0529,0.5044,1,20.9559,6.7905,12.4289,-3.0351,0.1840,,,,,,,,,,,
33.269,26.632,DASH,pronav,0,,,,,,,-68.638,-84.564,-36.389,47.4354,5.8911,4.5000,-14.2899,0.0000,15.4803,-4.0448,-0.4150,-15.7205,0.0850,18.2061,-20.4479,0.2669,5.7969,22.5080,0.5000,44.7130,,,,0,21.5773,6.6388,12.4289,-3.0351,,,,,,,,,,,,
33.318,26.660,DASH,pronav,0,,,,,,,-68.512,-86.383,-36.389,47.7299,5.8911,4.5000,-14.2899,0.0000,15.4807,-4.0431,-0.4120,-15.6917,0.0880,18.2900,-20.4369,0.2716,5.7305,22.7960,0.5000,45.0209,,,,0,22.1988,6.4870,12.4289,-3.0351,,,,,,,,,,,,
33.368,26.680,DASH,pronav,0,,,,,,,-68.859,-88.202,-36.389,48.0245,5.8911,4.5000,-14.2899,0.0000,15.4780,-4.0534,-0.4100,-15.7582,0.0900,18.3310,-20.4306,0.2739,5.6760,23.0360,0.5000,45.2719,,,,0,22.8202,6.3353,12.4289,-3.0351,,,,,,,,,,,,
33.420,26.700,DASH,pronav,0,,,,,,,-69.600,-90.022,-36.389,48.3191,5.8911,4.5000,-14.2899,0.0000,15.4368,-4.2079,-0.4070,-16.0687,0.0930,18.3815,-20.4219,0.2766,5.6760,23.0360,0.5000,45.2777,21.0709,6.5257,0.3990,1,22.0192,6.3888,11.7005,-3.0253,0.1800,,,,,,,,,,,
33.479,26.732,DASH,pronav,0,,,,,,,-71.483,-91.841,-36.389,48.6136,5.8911,4.5000,-14.2899,0.0000,15.5266,-3.8634,-0.4030,-16.1429,0.0970,18.4612,-20.4058,0.2806,5.6116,23.3240,0.5000,45.5791,22.4775,6.2726,0.5118,1,22.5282,6.2586,12.4820,-2.6694,0.1200,,,,,,,,,,,
33.523,26.732,DASH,pronav,0,,,,,,,-71.483,-93.661,-36.389,48.9082,5.8911,4.5000,-14.2899,0.0000,15.5274,-3.8600,-0.4030,-16.0857,0.0970,18.4612,-20.4058,0.2806,5.6116,23.3240,0.5000,45.5791,,,,0,23.1523,6.1251,12.4820,-2.6694,,,,,,,,,,,,
33.572,26.764,DASH,pronav,0,,,,,,,-73.785,-95.480,-36.389,49.2027,5.8911,4.5000,-14.2899,0.0000,15.5283,-3.8566,-0.4020,-16.0301,0.0980,18.5302,-20.3895,0.2831,5.4868,23.9000,0.5000,46.1708,,,,0,23.7764,5.9916,12.4820,-2.6694,,,,,,,,,,,,
33.622,26.780,DASH,pronav,0,,,,,,,-75.753,-97.300,-36.389,49.4973,5.8911,4.5000,-14.2899,0.0000,15.5254,-3.8679,-0.4010,-16.0899,0.0990,18.5697,-20.3792,0.2842,5.4265,24.1880,0.5000,46.4654,,,,0,24.4005,5.8582,12.4820,-2.6694,,,,,,,,,,,,
33.675,26.804,DASH,pronav,0,,,,,,,-77.981,-99.119,-36.389,49.7918,5.8911,4.5000,-14.2899,0.0000,15.5233,-3.8765,-0.4010,-16.1285,0.0990,18.6594,-20.3531,0.2849,5.3677,24.4760,0.5000,46.7586,,,,0,25.0246,5.7247,12.4820,-2.6694,,,,,,,,,,,,
33.727,26.832,DASH,pronav,0,,,,,,,-81.892,-100.939,-36.389,50.0864,5.8911,4.5000,-14.2899,0.0000,15.5211,-3.8855,-0.4020,-16.1695,0.0980,18.7098,-20.3363,0.2846,5.3106,24.7640,0.5000,47.0491,,,,0,25.6487,5.5912,12.4820,-2.6694,,,,,,,,,,,,
33.778,26.864,DASH,pronav,0,,,,,,,-85.202,-102.758,-36.389,50.3809,5.8911,4.5000,-14.2899,0.0000,15.4479,-4.1668,-0.4030,-16.3085,0.0970,18.7804,-20.3087,0.2850,5.2551,25.0520,0.5000,47.3347,23.4250,6.0074,0.4026,1,24.5641,5.7875,10.9233,-2.6900,0.1440,,,,,,,,,,,
33.828,26.892,DASH,pronav,0,,,,,,,-87.620,-104.578,-36.389,50.6755,5.8911,4.5000,-14.2899,0.0000,15.4448,-4.1783,-0.4070,-16.3780,0.0930,18.8705,-20.2645,0.2871,5.2014,25.3400,0.5000,47.6095,,,,0,25.1103,5.6530,10.9233,-2.6900,,,,,,,,,,,,
33.880,26.900,DASH,pronav,0,,,,,,,-88.052,-106.397,-36.389,50.9701,5.8911,4.5000,-14.2899,0.0000,15.4454,-4.1762,-0.4070,-16.3481,0.0930,18.8705,-20.2645,0.2871,5.2014,25.3400,0.5000,47.6095,,,,0,25.6565,5.5185,10.9233,-2.6900,,,,,,,,,,,,
33.932,26.932,DASH,pronav,0,,,,,,,-88.818,-108.216,-36.389,51.2646,5.8911,4.5000,-14.2899,0.0000,15.2916,-4.7083,-0.4120,-16.5795,0.0880,18.9498,-20.2168,0.2880,5.0996,25.9160,0.5000,48.1675,24.7062,5.7383,0.4166,1,25.3048,5.5966,11.2150,-3.5688,0.1200,,,,,,,,,,,
33.986,26.964,DASH,pronav,0,,,,,,,-88.543,-110.036,-36.389,51.5592,5.8911,4.5000,-14.2899,0.0000,15.2913,-4.7092,-0.4160,-16.5927,0.0840,19.0344,-20.1592,0.2904,5.0516,26.2040,0.5000,48.4263,,,,0,25.8655,5.4181,11.2150,-3.5688,,,,,,,,,,,,
34.038,26.996,DASH,pronav,0,,,,,,,-89.928,-111.855,-36.389,51.8537,5.8911,4.5000,-14.2899,0.0000,15.2859,-4.7266,-0.4170,-16.7272,0.0830,19.0860,-20.1342,0.3330,5.0057,26.4920,0.5000,48.7061,,,,0,26.4263,5.2397,11.2150,-3.5688,,,,,,,,,,,,
34.088,27.016,DASH,pronav,0,,,,,,,-94.497,-113.675,-36.389,52.1483,5.8911,4.5000,-14.2899,0.0000,15.2829,-4.7363,-0.3610,-16.8034,0.1390,19.0957,-20.1397,0.3682,4.9620,26.7800,0.5000,49.0025,,,,0,26.9870,5.0613,11.2150,-3.5688,,,,,,,,,,,,
34.138,27.032,DASH,pronav,0,,,,,,,-99.756,-115.494,-36.389,52.4428,5.8911,4.5000,-14.2899,0.0000,15.5356,-3.8268,-0.3170,-16.5587,0.1830,19.1240,-20.1494,0.4548,4.8811,27.3560,0.5000,49.5946,26.0316,5.7591,0.2273,1,26.6381,5.4086,13.0291,-2.6145,0.1120,,,,,,,,,,,
34.190,27.064,DASH,pronav,0,,,,,,,-108.397,-117.314,-36.389,52.7374,5.8911,4.5000,-14.2899,0.0000,15.5367,-3.8224,-0.2520,-16.4886,0.2480,19.1429,-20.1530,0.5030,4.8811,27.3560,0.5000,49.6035,,,,0,27.2895,5.2778,13.0291,-2.6145,,,,,,,,,,,,
34.242,27.096,DASH,pronav,0,,,,,,,-121.593,-119.133,-36.389,53.0319,5.8911,4.5000,-14.2899,0.0000,15.5370,-3.8210,-0.1410,-16.4439,0.3590,19.1784,-20.1554,0.5777,4.8149,27.8840,0.5000,50.1408,,,,0,27.9410,5.1471,13.0291,-2.6145,,,,,,,,,,,,
34.293,27.128,DASH,pronav,0,,,,,,,-127.317,-120.953,-36.389,53.3265,5.8911,4.5000,-14.2899,0.0000,15.4750,-4.0650,-0.0980,-16.3783,0.4020,19.2114,-20.1530,0.6323,4.7823,28.1720,0.5000,50.4334,26.9043,5.5396,0.3973,1,27.5796,5.3303,11.0240,-2.5246,0.1120,,,,,,,,,,,
34.344,27.132,DASH,pronav,0,,,,,,,-130.257,-122.772,-36.389,53.6211,5.8911,4.5000,-14.2899,0.0000,15.4758,-4.0621,-0.0320,-16.3391,0.4680,19.2243,-20.1511,0.6504,4.7520,28.4600,0.5000,50.7199,,,,0,28.1308,5.2041,11.0240,-2.5246,,,,,,,,,,,,
34.397,27.160,DASH,pronav,0,,,,,,,-135.687,-124.591,-36.389,53.9156,5.8911,4.5000,-14.2899,0.0000,15.4759,-4.0614,0.0090,-16.3167,0.5090,19.2469,-20.1472,0.6785,4.7520,28.4600,0.5000,50.7228,,,,0,28.6820,5.0779,11.0240,-2.5246,,,,,,,,,,,,
34.450,27.184,DASH,pronav,0,,,,,,,-138.710,-126.411,-36.389,54.2102,5.8911,4.5000,-14.2899,0.0000,15.4758,-4.0621,0.0680,-16.3038,0.5680,19.2772,-20.1429,0.7102,4.6990,29.0360,0.5000,51.2945,,,,0,29.2332,4.9516,11.0240,-2.5246,,,,,,,,,,,,
34.499,27.196,DASH,pronav,0,,,,,,,-141.383,-128.230,-36.389,54.5047,5.8911,4.5000,-14.2899,0.0000,15.4765,-4.0592,0.1050,-16.2667,0.6050,19.3052,-20.1401,0.7352,4.6990,29.0360,0.5000,51.3000,,,,0,29.7844,4.8254,11.0240,-2.5246,,,,,,,,,,,,
34.549,27.196,DASH,pronav,0,,,,,,,-141.383,-130.050,-36.389,54.7993,5.8911,4.5000,-14.2899,0.0000,15.4773,-4.0564,0.1050,-16.2303,0.6050,19.3052,-20.1401,0.7352,4.6990,29.0360,0.5000,51.3000,,,,0,30.3356,4.6992,11.0240,-2.5246,,,,,,,,,,,,
34.602,27.228,DASH,pronav,0,,,,,,,-145.454,-131.869,-36.389,55.0938,5.8911,4.5000,-14.2899,0.0000,15.4770,-4.0574,0.1900,-16.2205,0.6900,19.3423,-20.1383,0.7639,4.6563,29.6120,0.5000,51.8733,,,,0,30.8868,4.5729,11.0240,-2.5246,,,,,,,,,,,,
34.651,27.248,DASH,pronav,0,,,,,,,-146.558,-133.689,-36.389,55.3884,5.8911,4.5000,-14.2899,0.0000,15.4765,-4.0592,0.1900,-16.2165,0.6900,19.3623,-20.1381,0.7778,4.6563,29.6120,0.5000,51.8789,,,,0,31.4380,4.4467,11.0240,-2.5246,,,,,,,,,,,,
34.702,27.260,DASH,pronav,0,,,,,,,-149.685,-135.508,-36.389,55.6829,5.8911,4.5000,-14.2899,0.0000,15.6145,-3.4911,0.2360,-16.2014,0.7360,19.3975,-20.1393,0.8008,4.6388,29.9000,0.5000,52.1713,28.2790,5.3663,0.5541,1,29.7631,4.9480,12.1317,-1.8803,0.1480,,,,,,,,,,,
34.754,27.292,DASH,pronav,0,,,,,,,-156.141,-137.328,-36.389,55.9775,5.8911,4.5000,-14.2899,0.0000,15.6147,-3.4901,0.3060,-16.1518,0.8060,19.4586,-20.1456,0.8380,4.6240,30.1880,0.5000,52.4752,,,,0,30.3696,4.8540,12.1317,-1.8803,,,,,,,,,,,,
34.805,27.316,DASH,pronav,0,,,,,,,-161.163,-139.147,-36.389,56.2721,5.8911,4.5000,-14.2899,0.0000,15.6148,-3.4898,0.3310,-16.1072,0.8310,19.4827,-20.1494,0.8523,4.6118,30.4760,0.5000,52.7655,,,,0,30.9762,4.7599,12.1317,-1.8803,,,,,,,,,,,,
34.856,27.336,DASH,pronav,0,,,,,,,-166.866,-140.967,-36.389,56.5666,5.8911,4.5000,-14.2899,0.0000,15.6147,-3.4900,0.3660,-16.0674,0.8660,19.5576,-20.1659,0.8973,4.6023,30.7640,0.5000,53.0818,,,,0,31.5828,4.6659,12.1317,-1.8803,,,,,,,,,,,,
34.907,27.360,DASH,pronav,0,,,,,,,-175.483,-142.786,-36.389,56.8612,5.8911,4.5000,-14.2899,0.0000,15.6161,-3.4839,0.3890,-15.9855,0.8890,19.5999,-20.1782,0.9239,4.5956,31.0520,0.5000,53.3840,,,,0,32.1894,4.5719,12.1317,-1.8803,,,,,,,,,,,,
34.958,27.392,DASH,pronav,0,,,,,,,174.891,-144.605,-36.389,57.1557,5.8911,4.5000,-14.2899,0.0000,15.6859,-3.1548,0.4400,-16.0885,0.9400,19.6671,-20.2017,0.9686,4.5915,31.3400,0.5000,53.7033,29.5994,5.1896,0.4199,1,30.8781,4.9049,12.7025,-1.4447,0.1720,,,,,,,,,,,
35.008,27.424,DASH,pronav,0,,,,,,,167.559,-146.425,-36.389,57.4503,5.8911,4.5000,-14.2899,0.0000,15.7782,-2.6548,0.4690,-16.0394,0.9690,19.7313,-20.2289,1.0152,4.5901,31.6280,0.5000,54.0246,30.5386,5.0854,0.4984,1,30.9284,4.9843,10.7811,-0.2954,0.1080,,,,,,,,,,,
35.059,27.440,DASH,pronav,0,,,,,,,163.170,-148.244,-36.389,57.7448,5.8911,4.5000,-14.2899,0.0000,15.7789,-2.6506,0.4870,-15.9430,0.9870,19.7542,-20.2398,1.0328,4.5915,31.9160,0.5000,54.3178,,,,0,31.4675,4.9695,10.7811,-0.2954,,,,,,,,,,,,
35.109,27.460,DASH,pronav,0,,,,,,,159.532,-150.064,-36.389,58.0394,5.8911,4.5000,-14.2899,0.0000,15.7810,-2.6384,0.5000,-15.8012,1.0120,19.7906,-20.2586,1.0619,4.5956,32.2040,0.5000,54.6217,,,,0,32.0065,4.9547,10.7811,-0.2954,,,,,,,,,,,,
35.160,27.492,DASH,pronav,0,,,,,,,155.296,-151.883,-36.389,58.3339,5.8911,4.5000,-14.2899,0.0000,15.8104,-2.4560,0.5000,-15.7673,1.0480,19.8494,-20.2941,1.1128,4.6118,32.7800,0.5000,55.2216,31.5336,5.1270,0.1874,1,31.9384,5.0522,11.9855,-0.2099,0.0800,,,,,,,,,,,
35.212,27.524,DASH,pronav,0,,,,,,,153.083,-153.703,-36.389,58.6285,5.8911,4.5000,-14.2899,0.0000,15.8112,-2.4506,0.5000,-15.6496,1.0610,19.8936,-20.3266,1.1547,4.6240,33.0680,0.5000,55.5390,,,,0,32.5377,5.0417,11.9855,-0.2099,,,,,,,,,,,,
35.262,27.524,DASH,pronav,0,,,,,,,153.083,-155.522,-36.389,58.9231,5.8911,4.5000,-14.2899,0.0000,15.8132,-2.4380,0.5000,-15.4925,1.0610,19.8936,-20.3266,1.1547,4.6240,33.0680,0.5000,55.5390,,,,0,33.1370,5.0312,11.9855,-0.2099,,,,,,,,,,,,
35.314,27.556,DASH,pronav,0,,,,,,,151.944,-157.342,-36.389,59.2176,5.8911,4.5000,-14.2899,0.0000,15.8141,-2.4322,0.5000,-15.3761,1.0870,19.9294,-20.3594,1.1921,4.6388,33.3560,0.5000,55.8536,,,,0,33.7362,5.0207,11.9855,-0.2099,,,,,,,,,,,,
35.365,27.580,DASH,pronav,0,,,,,,,152.130,-159.161,-36.389,59.5122,5.8911,4.5000,-14.2899,0.0000,15.8149,-2.4270,0.5000,-15.2638,1.0990,19.9564,-20.3917,1.2239,4.6563,33.6440,0.5000,56.1648,,,,0,34.3355,5.0102,11.9855,-0.2099,,,,,,,,,,,,
35.418,27.592,DASH,pronav,0,,,,,,,152.452,-160.980,-36.389,59.8067,5.8911,4.5000,-14.2899,0.0000,15.8167,-2.4147,0.5000,-15.1157,1.1050,19.9564,-20.3917,1.2239,4.6563,33.6440,0.5000,56.1648,,,,0,34.9348,4.9997,11.9855,-0.2099,,,,,,,,,,,,
35.472,27.592,DASH,pronav,0,,,,,,,152.452,-162.800,-36.389,60.1013,5.8911,4.5000,-14.2899,0.0000,15.8186,-2.4027,0.5000,-14.9707,1.1050,19.9564,-20.3917,1.2239,4.6563,33.6440,0.5000,56.1648,,,,0,35.5341,4.9892,11.9855,-0.2099,,,,,,,,,,,,
35.518,27.624,DASH,pronav,0,,,,,,,153.762,-164.619,-36.389,60.3958,5.8911,4.5000,-14.2899,0.0000,15.8203,-2.3912,0.5000,-15.2345,1.1120,19.9760,-20.4270,1.2518,4.6763,33.9320,0.5000,56.4761,33.0161,5.1440,0.1868,1,34.2630,5.0779,13.2581,-0.3515,0.1080,,,,,,,,,,,
35.570,27.648,DASH,pronav,0,,,,,,,155.123,-166.439,-36.389,60.6904,5.8911,4.5000,-14.2899,0.0000,15.8215,-2.3833,0.5000,-15.0955,1.1150,19.9799,-20.4383,1.2591,4.7243,34.5080,0.5000,57.0299,,,,0,34.9259,5.0603,13.2581,-0.3515,,,,,,,,,,,,
35.621,27.668,DASH,pronav,0,,,,,,,156.835,-168.258,-36.389,60.9849,5.8911,4.5000,-14.2899,0.0000,15.8233,-2.3716,0.5000,-14.9415,1.1170,19.9839,-20.4672,1.2734,4.7520,34.7960,0.5000,57.3291,,,,0,35.5888,5.0427,13.2581,-0.3515,,,,,,,,,,,,
35.672,27.688,DASH,pronav,0,,,,,,,160.380,-170.078,-36.389,61.2795,5.8911,4.5000,-14.2899,0.0000,15.8248,-2.3615,0.5000,-14.7944,1.1120,19.9815,-20.4840,1.2784,4.7771,35.0360,0.5000,57.5695,,,,0,36.2517,5.0252,13.2581,-0.3515,,,,,,,,,,,,
35.722,27.724,DASH,pronav,0,,,,,,,164.420,-171.897,-36.389,61.5741,5.8911,4.5000,-14.2899,0.0000,15.8226,-2.3761,0.5000,-14.9868,1.1070,19.9705,-20.5083,1.2795,4.8093,35.3240,0.5000,57.8594,34.1669,5.1237,0.1809,1,35.2660,5.0773,11.3879,-0.0730,0.1120,,,,,,,,,,,
35.774,27.756,DASH,pronav,0,,,,,,,171.528,-173.717,-36.389,61.8686,5.8911,4.5000,-14.2899,0.0000,15.8248,-2.3616,0.5000,-14.8265,1.0860,19.9487,-20.5317,1.2697,4.8440,35.6120,0.5000,58.1451,,,,0,35.8354,5.0736,11.3879,-0.0730,,,,,,,,,,,,
35.825,27.784,DASH,pronav,0,,,,,,,174.922,-175.536,-36.389,62.1632,5.8911,4.5000,-14.2899,0.0000,15.8274,-2.3441,0.5000,-14.6490,1.0670,19.9248,-20.5499,1.2500,4.9204,36.1880,0.5000,58.6932,,,,0,36.4048,5.0700,11.3879,-0.0730,,,,,,,,,,,,
35.876,27.804,DASH,pronav,0,,,,,,,174.936,-177.356,-36.389,62.4577,5.8911,4.5000,-14.2899,0.0000,15.8300,-2.3260,0.5000,-14.4722,1.0520,19.9165,-20.5569,1.2397,4.9620,36.4760,0.5000,58.9656,,,,0,36.9741,5.0663,11.3879,-0.0730,,,,,,,,,,,,
35.927,27.828,DASH,pronav,0,,,,,,,169.536,-179.175,-36.389,62.7523,5.8911,4.5000,-14.2899,0.0000,15.8950,-1.8299,0.5000,-14.5260,1.0250,19.8951,-20.5764,1.2043,5.0057,36.7640,0.5000,59.2461,35.2002,5.3339,0.3500,1,36.1376,5.2254,12.1176,0.6475,0.1120,,,,,,,,,,,
35.978,27.856,DASH,pronav,0,,,,,,,148.655,-180.994,-36.389,63.0468,5.8911,4.5000,-14.2899,0.0000,15.8976,-1.8076,0.4690,-14.2981,0.9690,19.8801,-20.5878,1.1769,5.0057,36.7640,0.5000,59.2531,,,,0,36.7434,5.2578,12.1176,0.6475,,,,,,,,,,,,
36.029,27.888,DASH,pronav,0,,,,,,,133.679,-182.814,-36.389,63.3414,5.8911,4.5000,-14.2899,0.0000,15.9002,-1.7841,0.4000,-14.0660,0.9000,19.8457,-20.6046,1.1186,5.0996,37.3400,0.5000,59.7947,,,,0,37.3493,5.2902,12.1176,0.6475,,,,,,,,,,,,
36.080,27.920,DASH,pronav,0,,,,,,,124.738,-184.633,-36.389,63.6359,5.8911,4.5000,-14.2899,0.0000,15.8806,-1.9512,0.3690,-13.9108,0.8690,19.8053,-20.6139,1.0590,5.1495,37.6280,0.5000,60.0602,36.7357,5.4779,0.5189,1,37.2235,5.4158,11.9144,0.3438,0.1000,,,,,,,,,,,
36.130,27.948,DASH,pronav,0,,,,,,,120.153,-186.453,-36.389,63.9305,5.8911,4.5000,-14.2899,0.0000,15.8836,-1.9261,0.3220,-13.6831,0.8220,19.7544,-20.6162,0.9951,5.2014,37.9160,0.5000,60.3163,,,,0,37.8192,5.4329,11.9144,0.3438,,,,,,,,,,,,
36.182,27.960,DASH,pronav,0,,,,,,,116.527,-188.272,-36.389,64.2251,5.8911,4.5000,-14.2899,0.0000,15.8852,-1.9130,0.2890,-13.5347,0.7890,19.7328,-20.6153,0.9704,5.3106,38.4920,0.5000,60.8432,,,,0,38.4149,5.4501,11.9144,0.3438,,,,,,,,,,,,
36.232,27.988,DASH,pronav,0,,,,,,,111.859,-190.092,-36.389,64.5196,5.8911,4.5000,-14.2899,0.0000,15.8888,-1.8835,0.2040,-13.2848,0.7040,19.6939,-20.6117,0.9287,5.3106,38.4920,0.5000,60.8302,,,,0,39.0107,5.4673,11.9144,0.3438,,,,,,,,,,,,
36.283,28.016,DASH,pronav,0,,,,,,,109.326,-191.911,-36.389,64.8142,5.8911,4.5000,-14.2899,0.0000,15.9464,-1.3090,0.1520,-13.2312,0.6520,19.6160,-20.5994,0.8524,5.4265,39.0680,0.5000,61.3324,37.5143,5.6465,0.6058,1,38.3511,5.5817,13.0649,1.1883,0.1040,,,,,,,,,,,
36.333,28.020,DASH,pronav,0,,,,,,,108.359,-193.731,-36.389,65.1087,5.8911,4.5000,-14.2899,0.0000,15.9477,-1.2930,0.1520,-13.0375,0.6520,19.6160,-20.5994,0.8524,5.4265,39.0680,0.5000,61.3324,,,,0,39.0044,5.6411,13.0649,1.1883,,,,,,,,,,,,
36.388,28.052,DASH,pronav,0,,,,,,,104.650,-195.550,-36.389,65.4033,5.8911,4.5000,-14.2899,0.0000,15.9501,-1.2623,0.0640,-12.7528,0.5640,19.5395,-20.5828,0.7843,5.4868,39.3560,0.5000,61.5648,,,,0,39.6576,5.7005,13.0649,1.1883,,,,,,,,,,,,
36.438,28.052,DASH,pronav,0,,,,,,,104.650,-197.369,-36.389,65.6978,5.8911,4.5000,-14.2899,0.0000,15.9513,-1.2468,0.0640,-12.5676,0.5640,19.5395,-20.5828,0.7843,5.4868,39.3560,0.5000,61.5648,,,,0,40.3109,5.7599,13.0649,1.1883,,,,,,,,,,,,
36.486,28.072,DASH,pronav,0,,,,,,,102.398,-199.189,-36.389,65.9924,5.8911,4.5000,-14.2899,0.0000,15.9537,-1.2160,0.0290,-12.2891,0.5290,19.5092,-20.5754,0.7589,5.5485,39.6440,0.5000,61.8170,,,,0,40.9641,5.8193,13.0649,1.1883,,,,,,,,,,,,
36.538,28.084,DASH,pronav,0,,,,,,,101.502,-201.008,-36.389,66.2869,5.8911,4.5000,-14.2899,0.0000,15.9549,-1.2009,0.0290,-12.1120,0.5290,19.4572,-20.5618,0.7169,5.6010,39.8840,0.5000,62.0140,,,,0,41.6173,5.8788,13.0649,1.1883,,,,,,,,,,,,
36.591,28.120,DASH,pronav,0,,,,,,,97.011,-202.828,-36.389,66.5815,5.8911,4.5000,-14.2899,0.0000,15.9572,-1.1702,-0.0580,-11.8404,0.4420,19.3701,-20.5368,0.6508,5.6010,39.8840,0.5000,61.9700,,,,0,42.2706,5.9382,13.0649,1.1883,,,,,,,,,,,,
36.641,28.152,DASH,pronav,0,,,,,,,93.342,-204.647,-36.389,66.8761,5.8911,4.5000,-14.2899,0.0000,15.9812,-0.7744,-0.1440,-12.0120,0.3560,19.2675,-20.5047,0.5787,5.7305,40.4600,0.5000,62.4496,39.1807,5.9444,0.3742,1,40.6780,5.9657,13.5240,1.8657,0.1400,,,,,,,,,,,
36.690,28.172,DASH,pronav,0,,,,,,,90.992,-206.467,-36.389,67.1706,5.8911,4.5000,-14.2899,0.0000,15.9830,-0.7367,-0.1940,-11.6749,0.3060,19.2324,-20.4932,0.5553,5.7969,40.7480,0.5000,62.6977,,,,0,41.3542,6.0589,13.5240,1.8657,,,,,,,,,,,,
36.740,28.188,DASH,pronav,0,,,,,,,88.593,-208.286,-36.389,67.4652,5.8911,4.5000,-14.2899,0.0000,15.9838,-0.7197,-0.2270,-11.4705,0.2730,19.1372,-20.4605,0.4944,5.8644,41.0360,0.5000,62.9126,,,,0,42.0304,6.1522,13.5240,1.8657,,,,,,,,,,,,
36.793,28.216,DASH,pronav,0,,,,,,,85.140,-210.106,-36.389,67.7597,5.8911,4.5000,-14.2899,0.0000,15.9853,-0.6866,-0.2750,-11.1699,0.2250,19.0766,-20.4388,0.4575,5.9327,41.3240,0.5000,63.1460,,,,0,42.7066,6.2455,13.5240,1.8657,,,,,,,,,,,,
36.844,28.252,DASH,pronav,0,,,,,,,81.046,-211.925,-36.389,68.0543,5.8911,4.5000,-14.2899,0.0000,15.9866,-0.6540,-0.3520,-10.8755,0.1480,18.9784,-20.4022,0.4005,6.0018,41.6120,0.5000,63.3574,,,,0,43.3828,6.3388,13.5240,1.8657,,,,,,,,,,,,
36.893,28.280,DASH,pronav,0,,,,,,,77.323,-213.745,-36.389,68.3488,5.8911,4.5000,-14.2899,0.0000,15.9827,-0.7435,-0.3820,-11.1875,0.1180,18.8667,-20.3585,0.3393,6.0717,41.9000,0.5000,63.5598,40.0089,6.0640,0.2834,1,41.6290,6.2112,10.7122,1.8537,0.1640,,,,,,,,,,,
36.944,28.296,DASH,pronav,0,,,,,,,74.580,-215.564,-36.389,68.6434,5.8911,4.5000,-14.2899,0.0000,15.9835,-0.7257,-0.4250,-11.0128,0.0750,18.8293,-20.3433,0.3197,6.2131,42.4760,0.5000,64.0739,,,,0,42.1646,6.3039,10.7122,1.8537,,,,,,,,,,,,
36.995,28.316,DASH,pronav,0,,,,,,,71.767,-217.383,-36.389,68.9379,5.8911,4.5000,-14.2899,0.0000,15.9851,-0.6906,-0.4530,-10.7440,0.0470,18.7668,-20.3174,0.2877,6.2131,42.4760,0.5000,64.0363,,,,0,42.7002,6.3966,10.7122,1.8537,,,,,,,,,,,,
37.045,28.348,DASH,pronav,0,,,,,,,67.103,-219.203,-36.389,69.2325,5.8911,4.5000,-14.2899,0.0000,15.9880,-0.6183,-0.5000,-10.7492,-0.0200,18.6792,-20.2799,0.2445,6.2845,42.7640,0.5000,64.2513,41.5099,6.3018,0.6535,1,42.2003,6.3768,13.4599,1.8487,0.1320,,,,,,,,,,,
37.096,28.384,DASH,pronav,0,,,,,,,66.861,-221.022,-36.389,69.5271,5.8911,4.5000,-14.2899,0.0000,15.9893,-0.5842,-0.5000,-10.4476,-0.0360,18.5970,-20.2613,0.2758,6.4280,43.3400,0.5000,64.7554,,,,0,42.8732,6.4692,13.4599,1.8487,,,,,,,,,,,,
37.147,28.408,DASH,pronav,0,,,,,,,67.082,-222.842,-36.389,69.8216,5.8911,4.5000,-14.2899,0.0000,15.9903,-0.5576,-0.5000,-10.1942,-0.0230,18.5648,-20.2557,0.2966,6.5000,43.6280,0.5000,65.0133,,,,0,43.5462,6.5617,13.4599,1.8487,,,,,,,,,,,,
37.197,28.424,DASH,pronav,0,,,,,,,67.893,-224.661,-36.389,70.1162,5.8911,4.5000,-14.2899,0.0000,15.9908,-0.5420,-0.5000,-10.0108,-0.0030,18.5005,-20.2446,0.3288,6.5720,43.9160,0.5000,65.2602,,,,0,44.2192,6.6541,13.4599,1.8487,,,,,,,,,,,,
37.249,28.448,DASH,pronav,0,,,,,,,70.375,-226.481,-36.389,70.4107,5.8911,4.5000,-14.2899,0.0000,15.9988,-0.1932,-0.4660,-10.0684,0.0340,18.4598,-20.2371,0.3450,6.6439,44.2040,0.5000,65.5156,42.4018,6.5991,0.3849,1,43.3980,6.6581,10.5249,2.5120,0.1320,,,,,,,,,,,
37.305,28.480,DASH,pronav,0,,,,,,,73.153,-228.300,-36.389,70.7053,5.8911,4.5000,-14.2899,0.0000,15.9992,-0.1618,-0.4490,-9.8160,0.0510,18.3926,-20.2227,0.3680,6.7155,44.4920,0.5000,65.7599,,,,0,43.9242,6.7837,10.5249,2.5120,,,,,,,,,,,,
37.354,28.480,DASH,pronav,0,,,,,,,73.153,-230.120,-36.389,70.9998,5.8911,4.5000,-14.2899,0.0000,15.9994,-0.1422,-0.4490,-9.6300,0.0510,18.3926,-20.2227,0.3680,6.7155,44.4920,0.5000,65.7599,,,,0,44.4505,6.9093,10.5249,2.5120,,,,,,,,,,,,
37.402,28.516,DASH,pronav,0,,,,,,,77.635,-231.939,-36.389,71.2944,5.8911,4.5000,-14.2899,0.0000,15.9996,-0.1114,-0.4030,-9.3855,0.0970,18.3318,-20.2067,0.3862,6.7869,44.7800,0.5000,66.0043,,,,0,44.9767,7.0349,10.5249,2.5120,,,,,,,,,,,,
37.453,28.536,DASH,pronav,0,,,,,,,79.036,-233.758,-36.389,71.5889,5.8911,4.5000,-14.2899,0.0000,15.9998,-0.0810,-0.3740,-9.1452,0.1260,18.2871,-20.1928,0.3987,6.8579,45.0680,0.5000,66.2541,,,,0,45.5030,7.1605,10.5249,2.5120,,,,,,,,,,,,
37.504,28.556,DASH,pronav,0,,,,,,,81.335,-235.578,-36.389,71.8835,5.8911,4.5000,-14.2899,0.0000,15.9999,-0.0620,-0.3550,-8.9680,0.1450,18.2140,-20.1653,0.4184,6.9982,45.6440,0.5000,66.7583,,,,0,46.0292,7.2861,10.5249,2.5120,,,,,,,,,,,,
37.554,28.580,DASH,pronav,0,,,,,,,84.403,-237.397,-36.389,72.1781,5.8911,4.5000,-14.2899,0.0000,16.0000,-0.0290,-0.3280,-8.7183,0.1720,18.1677,-20.1445,0.4308,6.9982,45.6440,0.5000,66.7300,,,,0,46.5555,7.4117,10.5249,2.5120,,,,,,,,,,,,
37.606,28.612,DASH,pronav,0,,,,,,,87.635,-239.217,-36.389,72.4726,5.8911,4.5000,-14.2899,0.0000,15.9975,0.2810,-0.2840,-8.7790,0.2160,18.0932,-20.1053,0.4509,7.1356,46.2200,0.5000,67.2244,44.9962,7.2750,0.3716,1,45.8304,7.3799,11.5388,3.0422,0.0960,,,,,,,,,,,
37.658,28.644,DASH,pronav,0,,,,,,,90.179,-241.036,-36.389,72.7672,5.8911,4.5000,-14.2899,0.0000,15.9969,0.3124,-0.2670,-8.5177,0.2330,18.0193,-20.0586,0.4713,7.1356,46.2200,0.5000,67.1663,,,,0,46.4073,7.5320,11.5388,3.0422,,,,,,,,,,,,
37.707,28.664,DASH,pronav,0,,,,,,,91.827,-242.856,-36.389,73.0617,5.8911,4.5000,-14.2899,0.0000,15.9965,0.3323,-0.2430,-8.3185,0.2570,17.9828,-20.0324,0.4816,7.2695,46.7960,0.5000,67.6817,,,,0,46.9843,7.6841,11.5388,3.0422,,,,,,,,,,,,
37.758,28.680,DASH,pronav,0,,,,,,,93.346,-244.675,-36.389,73.3563,5.8911,4.5000,-14.2899,0.0000,15.9959,0.3629,-0.2260,-8.0667,0.2740,17.9378,-19.9971,0.4945,7.3240,47.0360,0.5000,67.8681,,,,0,47.5612,7.8362,11.5388,3.0422,,,,,,,,,,,,
37.810,28.712,DASH,pronav,0,,,,,,,95.504,-246.495,-36.389,73.6508,5.8911,4.5000,-14.2899,0.0000,15.9999,-0.0442,-0.1870,-8.0413,0.3130,17.8677,-19.9344,0.5150,7.3884,47.3240,0.5000,68.0699,46.5337,7.7707,0.0510,1,47.1755,7.8578,13.1684,2.2900,0.1000,,,,,,,,,,,
37.862,28.744,DASH,pronav,0,,,,,,,97.102,-248.314,-36.389,73.9454,5.8911,4.5000,-14.2899,0.0000,16.0000,-0.0194,-0.1650,-7.8204,0.3350,17.8006,-19.8642,0.5352,7.4515,47.6120,0.5000,68.2653,,,,0,47.8339,7.9723,13.1684,2.2900,,,,,,,,,,,,
37.912,28.768,DASH,pronav,0,,,,,,,98.569,-250.134,-36.389,74.2399,5.8911,4.5000,-14.2899,0.0000,16.0000,0.0067,-0.1290,-7.5967,0.3710,17.7370,-19.7864,0.5551,7.5735,48.1880,0.5000,68.7301,,,,0,48.4923,8.0868,13.1684,2.2900,,,,,,,,,,,,
37.963,28.792,DASH,pronav,0,,,,,,,99.273,-251.953,-36.389,74.5345,5.8911,4.5000,-14.2899,0.0000,16.0000,0.0217,-0.1160,-7.4315,0.3840,17.7066,-19.7447,0.5648,7.5735,48.1880,0.5000,68.6843,,,,0,49.1508,8.2013,13.1684,2.2900,,,,,,,,,,,,
38.015,28.812,DASH,pronav,0,,,,,,,99.829,-253.772,-36.389,74.8291,5.8911,4.5000,-14.2899,0.0000,15.9999,0.0446,-0.0960,-7.2306,0.4040,17.6701,-19.6898,0.5766,7.6323,48.4760,0.5000,68.9009,,,,0,49.8092,8.3158,13.1684,2.2900,,,,,,,,,,,,
38.065,28.844,DASH,pronav,0,,,,,,,100.389,-255.592,-36.389,75.1236,5.8911,4.5000,-14.2899,0.0000,15.9999,0.0665,-0.0840,-7.0377,0.4160,17.6154,-19.5956,0.5948,7.6894,48.7640,0.5000,69.0765,,,,0,50.4676,8.4303,13.1684,2.2900,,,,,,,,,,,,
38.115,28.872,DASH,pronav,0,,,,,,,100.725,-257.411,-36.389,75.4182,5.8911,4.5000,-14.2899,0.0000,15.9998,0.0877,-0.0550,-6.8523,0.4450,17.5651,-19.4934,0.6118,7.7986,49.3400,0.5000,69.5229,,,,0,51.1260,8.5448,13.1684,2.2900,,,,,,,,,,,,
38.166,28.892,DASH,pronav,0,,,,,,,100.781,-259.231,-36.389,75.7127,5.8911,4.5000,-14.2899,0.0000,15.9991,0.1723,-0.0400,-7.3672,0.4600,17.5475,-19.4530,0.6178,7.7986,49.3400,0.5000,69.4805,47.5008,7.8065,0.3203,1,49.2143,8.1476,11.8450,2.5328,0.1760,,,,,,,,,,,
38.216,28.912,DASH,pronav,0,,,,,,,100.725,-261.050,-36.389,76.0073,5.8911,4.5000,-14.2899,0.0000,15.9978,0.2675,-0.0300,-7.4309,0.4700,17.5195,-19.3832,0.6273,7.8505,49.6280,0.5000,69.6854,48.5291,7.9243,0.1172,1,49.0401,8.0643,12.7754,2.7293,0.1000,,,,,,,,,,,
38.270,28.944,DASH,pronav,0,,,,,,,100.485,-262.870,-36.389,76.3018,5.8911,4.5000,-14.2899,0.0000,15.9974,0.2898,-0.0170,-7.2334,0.4830,17.4738,-19.2493,0.6428,7.9004,49.9160,0.5000,69.8249,,,,0,49.6788,8.2008,12.7754,2.7293,,,,,,,,,,,,
38.319,28.944,DASH,pronav,0,,,,,,,100.485,-264.689,-36.389,76.5964,5.8911,4.5000,-14.2899,0.0000,15.9971,0.3063,-0.0170,-7.0569,0.4830,17.4738,-19.2493,0.6428,7.9004,49.9160,0.5000,69.8249,,,,0,50.3176,8.3372,12.7754,2.7293,,,,,,,,,,,,
38.369,28.976,DASH,pronav,0,,,,,,,99.867,-266.509,-36.389,76.8909,5.8911,4.5000,-14.2899,0.0000,15.9966,0.3286,0.0030,-6.8684,0.5030,17.4382,-19.1215,0.6545,7.9484,50.2040,0.5000,69.9722,,,,0,50.9564,8.4737,12.7754,2.7293,,,,,,,,,,,,
38.420,28.992,DASH,pronav,0,,,,,,,99.620,-268.328,-36.389,77.1855,5.8911,4.5000,-14.2899,0.0000,15.9963,0.3448,0.0090,-6.6977,0.5090,17.4260,-19.0714,0.6583,8.0380,50.7800,0.5000,70.4796,,,,0,51.5951,8.6102,12.7754,2.7293,,,,,,,,,,,,
38.472,29.008,DASH,pronav,0,,,,,,,99.146,-270.147,-36.389,77.4801,5.8911,4.5000,-14.2899,0.0000,15.9958,0.3648,0.0180,-6.5232,0.5180,17.4072,-18.9851,0.6640,8.0380,50.7800,0.5000,70.3916,,,,0,52.2339,8.7466,12.7754,2.7293,,,,,,,,,,,,
38.522,29.044,DASH,pronav,0,,,,,,,98.356,-271.967,-36.389,77.7746,5.8911,4.5000,-14.2899,0.0000,15.9954,0.3839,0.0230,-6.3563,0.5230,17.3807,-18.8402,0.6714,8.1189,51.3560,0.5000,70.8047,,,,0,52.8727,8.8831,12.7754,2.7293,,,,,,,,,,,,
38.573,29.076,DASH,pronav,0,,,,,,,96.986,-273.786,-36.389,78.0692,5.8911,4.5000,-14.2899,0.0000,15.9948,0.4062,0.0320,-6.8538,0.5320,17.3562,-18.6666,0.6770,8.1560,51.6440,0.5000,70.9102,49.4310,8.1148,0.3820,1,51.0632,8.4767,12.4909,2.8501,0.1640,,,,,,,,,,,
38.623,29.096,DASH,pronav,0,,,,,,,96.191,-275.606,-36.389,78.3637,5.8911,4.5000,-14.2899,0.0000,16.0000,-0.0312,0.0350,-6.7191,0.5350,17.3493,-18.6063,0.6783,8.1851,51.8840,0.5000,71.0837,51.2265,8.5900,0.3712,1,51.4110,8.6017,12.8270,2.0008,0.0800,,,,,,,,,,,
38.674,29.116,DASH,pronav,0,,,,,,,95.680,-277.425,-36.389,78.6583,5.8911,4.5000,-14.2899,0.0000,16.0000,-0.0166,0.0360,-6.5876,0.5360,17.3336,-18.4393,0.6800,8.2177,52.1720,0.5000,71.1975,,,,0,52.0523,8.7017,12.8270,2.0008,,,,,,,,,,,,
38.728,29.140,DASH,pronav,0,,,,,,,94.378,-279.245,-36.389,78.9528,5.8911,4.5000,-14.2899,0.0000,16.0000,-0.0027,0.0370,-6.4623,0.5370,17.3260,-18.3304,0.6799,8.2480,52.4600,0.5000,71.3703,,,,0,52.6937,8.8018,12.8270,2.0008,,,,,,,,,,,,
38.777,29.176,DASH,pronav,0,,,,,,,92.144,-281.064,-36.389,79.2474,5.8911,4.5000,-14.2899,0.0000,16.0000,0.0103,0.0340,-6.3485,0.5340,17.3179,-18.1719,0.6786,8.2757,52.7480,0.5000,71.4942,,,,0,53.3350,8.9018,12.8270,2.0008,,,,,,,,,,,,
38.828,29.204,DASH,pronav,0,,,,,,,90.886,-282.884,-36.389,79.5419,5.8911,4.5000,-14.2899,0.0000,16.0000,0.0226,0.0320,-6.2364,0.5320,17.3114,-17.9335,0.6740,8.3010,53.0360,0.5000,71.5394,,,,0,53.9764,9.0018,12.8270,2.0008,,,,,,,,,,,,
38.878,29.220,DASH,pronav,0,,,,,,,89.557,-284.703,-36.389,79.8365,5.8911,4.5000,-14.2899,0.0000,16.0000,0.0354,0.0270,-6.1032,0.5270,17.3106,-17.8593,0.6720,8.3237,53.3240,0.5000,71.7485,,,,0,54.6177,9.1019,12.8270,2.0008,,,,,,,,,,,,
38.929,29.240,DASH,pronav,0,,,,,,,88.156,-286.523,-36.389,80.1311,5.8911,4.5000,-14.2899,0.0000,15.9999,0.0469,0.0230,-5.9984,0.5230,17.3102,-17.7327,0.6682,8.3437,53.6120,0.5000,71.9061,,,,0,55.2591,9.2019,12.8270,2.0008,,,,,,,,,,,,
38.979,29.272,DASH,pronav,0,,,,,,,85.772,-288.342,-36.389,80.4256,5.8911,4.5000,-14.2899,0.0000,15.9991,-0.1742,0.0110,-6.3486,0.5110,17.3122,-17.5229,0.6606,8.3612,53.9000,0.5000,71.9818,51.7570,8.7954,0.1193,1,53.4144,8.9980,12.0639,1.6409,0.1560,,,,,,,,,,,
39.030,29.300,DASH,pronav,0,,,,,,,83.554,-290.161,-36.389,80.7202,5.8911,4.5000,-14.2899,0.0000,15.9991,-0.1651,0.0020,-6.2659,0.5020,17.3172,-17.3042,0.6516,8.3760,54.1880,0.5000,72.0493,,,,0,54.0176,9.0801,12.0639,1.6409,,,,,,,,,,,,
39.081,29.324,DASH,pronav,0,,,,,,,81.885,-291.981,-36.389,81.0147,5.8911,4.5000,-14.2899,0.0000,15.9985,0.2188,-0.0040,-6.2847,0.4960,17.3207,-17.1915,0.6465,8.3977,54.7640,0.5000,72.5068,53.7416,8.9721,0.7888,1,54.0933,9.0481,11.9356,2.3627,0.1080,,,,,,,,,,,
39.132,29.340,DASH,pronav,0,,,,,,,80.124,-293.800,-36.389,81.3093,5.8911,4.5000,-14.2899,0.0000,15.9983,0.2311,-0.0150,-6.1784,0.4850,17.3260,-17.0476,0.6398,8.3977,54.7640,0.5000,72.3646,,,,0,54.6900,9.1663,11.9356,2.3627,,,,,,,,,,,,
39.183,29.372,DASH,pronav,0,,,,,,,77.146,-295.620,-36.389,81.6038,5.8911,4.5000,-14.2899,0.0000,15.9982,0.2422,-0.0350,-6.0874,0.4650,17.3365,-16.8102,0.6283,8.4085,55.3400,0.5000,72.7006,,,,0,55.2868,9.2844,11.9356,2.3627,,,,,,,,,,,,
39.238,29.400,DASH,pronav,0,,,,,,,75.233,-297.439,-36.389,81.8984,5.8911,4.5000,-14.2899,0.0000,15.9979,0.2567,-0.0440,-5.9449,0.4560,17.3474,-16.5956,0.6173,8.4099,55.6280,0.5000,72.7746,,,,0,55.8836,9.4025,11.9356,2.3627,,,,,,,,,,,,
39.287,29.404,DASH,pronav,0,,,,,,,74.459,-299.259,-36.389,82.1929,5.8911,4.5000,-14.2899,0.0000,15.9925,-0.4895,-0.0440,-6.1968,0.4560,17.3474,-16.5956,0.6173,8.4099,55.6280,0.5000,72.7746,54.7552,8.9643,0.5068,1,55.4453,9.1869,13.1451,0.9925,0.0920,,,,,,,,,,,
39.337,29.424,DASH,pronav,0,,,,,,,72.491,-301.078,-36.389,82.4875,5.8911,4.5000,-14.2899,0.0000,15.9928,-0.4805,-0.0570,-6.1019,0.4430,17.3543,-16.4702,0.6108,8.4085,55.9160,0.5000,72.9369,,,,0,56.1025,9.2365,13.1451,0.9925,,,,,,,,,,,,
39.388,29.440,DASH,pronav,0,,,,,,,70.456,-302.898,-36.389,82.7821,5.8911,4.5000,-14.2899,0.0000,15.9929,-0.4767,-0.0670,-6.0560,0.4330,17.3636,-16.3104,0.6025,8.4085,55.9160,0.5000,72.7795,,,,0,56.7598,9.2861,13.1451,0.9925,,,,,,,,,,,,
39.438,29.472,DASH,pronav,0,,,,,,,66.967,-304.717,-36.389,83.0766,5.8911,4.5000,-14.2899,0.0000,15.9930,-0.4732,-0.0910,-6.0132,0.4090,17.3820,-16.0148,0.5871,8.4044,56.2040,0.5000,72.7747,,,,0,57.4170,9.3357,13.1451,0.9925,,,,,,,,,,,,
39.489,29.480,DASH,pronav,0,,,,,,,66.038,-306.536,-36.389,83.3712,5.8911,4.5000,-14.2899,0.0000,15.9933,-0.4645,-0.0910,-5.9216,0.4090,17.3886,-15.9140,0.5820,8.3977,56.4920,0.5000,72.9622,,,,0,58.0743,9.3854,13.1451,0.9925,,,,,,,,,,,,
39.542,29.504,DASH,pronav,0,,,,,,,63.643,-308.356,-36.389,83.6657,5.8911,4.5000,-14.2899,0.0000,15.9933,-0.4614,-0.1060,-5.8822,0.3940,17.4000,-15.7437,0.5733,8.3882,56.7800,0.5000,73.0815,,,,0,58.7315,9.4350,13.1451,0.9925,,,,,,,,,,,,
39.592,29.532,DASH,pronav,0,,,,,,,59.645,-310.175,-36.389,83.9603,5.8911,4.5000,-14.2899,0.0000,15.9840,-0.7161,-0.1310,-6.2814,0.3690,17.4193,-15.4650,0.5596,8.3760,57.0680,0.5000,73.0946,56.0701,8.8961,0.4432,1,57.3976,9.1315,11.7345,0.6546,0.1160,,,,,,,,,,,
39.643,29.536,DASH,pronav,0,,,,,,,58.619,-311.995,-36.389,84.2548,5.8911,4.5000,-14.2899,0.0000,15.9843,-0.7082,-0.1310,-6.2058,0.3690,17.4193,-15.4650,0.5596,8.3760,57.0680,0.5000,73.0946,,,,0,57.9843,9.1642,11.7345,0.6546,,,,,,,,,,,,
39.693,29.572,DASH,pronav,0,,,,,,,54.421,-313.814,-36.389,84.5494,5.8911,4.5000,-14.2899,0.0000,15.9843,-0.7092,-0.1570,-6.2017,0.3430,17.4396,-15.1790,0.5462,8.3612,57.3560,0.5000,73.1009,,,,0,58.5711,9.1970,11.7345,0.6546,,,,,,,,,,,,
39.744,29.584,DASH,pronav,0,,,,,,,53.349,-315.634,-36.389,84.8439,5.8911,4.5000,-14.2899,0.0000,15.9846,-0.7014,-0.1570,-6.1276,0.3430,17.4500,-15.0333,0.5397,8.3237,57.9320,0.5000,73.5339,,,,0,59.1578,9.2297,11.7345,0.6546,,,,,,,,,,,,
39.795,29.604,DASH,pronav,0,,,,,,,50.620,-317.453,-36.389,85.1385,5.8911,4.5000,-14.2899,0.0000,15.9846,-0.7009,-0.1670,-6.1116,0.3330,17.4633,-14.8488,0.5317,8.3237,57.9320,0.5000,73.3525,,,,0,59.7445,9.2624,11.7345,0.6546,,,,,,,,,,,,
39.846,29.636,DASH,pronav,0,,,,,,,46.144,-319.273,-36.389,85.4331,5.8911,4.5000,-14.2899,0.0000,15.9667,-1.0313,-0.1920,-6.3671,0.3080,17.4850,-14.5483,0.5195,8.3010,58.2200,0.5000,73.3455,57.4345,9.0286,0.1239,1,58.5932,9.1352,11.8887,0.0837,0.1200,,,,,,,,,,,
39.895,29.636,DASH,pronav,0,,,,,,,45.009,-321.092,-36.389,85.7276,5.8911,4.5000,-14.2899,0.0000,15.9671,-1.0257,-0.1920,-6.3125,0.3080,17.4850,-14.5483,0.5195,8.3010,58.2200,0.5000,73.3455,,,,0,59.1876,9.1394,11.8887,0.0837,,,,,,,,,,,,
39.945,29.668,DASH,pronav,0,,,,,,,40.416,-322.912,-36.389,86.0222,5.8911,4.5000,-14.2899,0.0000,15.9669,-1.0284,-0.2150,-6.3193,0.2850,17.5068,-14.2413,0.5081,8.2480,58.7960,0.5000,73.6218,,,,0,59.7821,9.1436,11.8887,0.0837,,,,,,,,,,,,
39.997,29.684,DASH,pronav,0,,,,,,,39.255,-324.731,-36.389,86.3167,5.8911,4.5000,-14.2899,0.0000,15.9673,-1.0229,-0.2150,-6.2656,0.2850,17.5151,-14.1245,0.5041,8.2229,59.0360,0.5000,73.7483,,,,0,60.3765,9.1478,11.8887,0.0837,,,,,,,,,,,,
40.047,29.704,DASH,pronav,0,,,,,,,36.331,-326.550,-36.389,86.6113,5.8911,4.5000,-14.2899,0.0000,15.9671,-1.0257,-0.2290,-6.2733,0.2710,17.5289,-13.9279,0.4981,8.2229,59.0360,0.5000,73.5549,,,,0,60.9709,9.1520,11.8887,0.0837,,,,,,,,,,,,
40.097,29.736,DASH,pronav,0,,,,,,,30.507,-328.370,-36.389,86.9058,5.8911,4.5000,-14.2899,0.0000,15.9669,-1.0285,-0.2480,-6.2816,0.2520,17.5536,-13.5674,0.4896,8.1907,59.3240,0.5000,73.4903,,,,0,61.5654,9.1562,11.8887,0.0837,,,,,,,,,,,,
40.148,29.740,DASH,pronav,0,,,,,,,30.507,-330.189,-36.389,87.2004,5.8911,4.5000,-14.2899,0.0000,15.9673,-1.0230,-0.2480,-6.2290,0.2520,17.5536,-13.5674,0.4896,8.1907,59.3240,0.5000,73.4903,,,,0,62.1598,9.1604,11.8887,0.0837,,,,,,,,,,,,
40.201,29.768,DASH,pronav,0,,,,,,,25.951,-332.009,-36.389,87.4949,5.8911,4.5000,-14.2899,0.0000,15.9671,-1.0259,-0.2600,-6.2376,0.2400,17.5754,-13.2400,0.4853,8.1189,59.9000,0.5000,73.7488,,,,0,62.7542,9.1645,11.8887,0.0837,,,,,,,,,,,,
40.251,29.768,DASH,pronav,0,,,,,,,25.951,-333.828,-36.389,87.7895,5.8911,4.5000,-14.2899,0.0000,15.9674,-1.0204,-0.2600,-6.1860,0.2400,17.5754,-13.2400,0.4853,8.1189,59.9000,0.5000,73.7488,,,,0,63.3487,9.1687,11.8887,0.0837,,,,,,,,,,,,
40.300,29.796,DASH,pronav,0,,,,,,,22.048,-335.648,-36.389,88.0841,5.8911,4.5000,-14.2899,0.0000,15.9603,-1.1259,-0.2660,-6.7964,0.2340,17.5969,-12.9056,0.4849,8.0380,60.4760,0.5000,74.0015,58.1685,8.3716,0.3703,1,60.4783,8.6921,11.6988,0.0622,0.1800,,,,,,,,,,,
40.351,29.800,DASH,pronav,0,,,,,,,22.048,-337.467,-36.389,88.3786,5.8911,4.5000,-14.2899,0.0000,15.9600,-1.1310,-0.2660,-6.8214,0.2340,17.5969,-12.9056,0.4849,8.0380,60.4760,0.5000,74.0015,,,,0,61.0633,8.6953,11.6988,0.0622,,,,,,,,,,,,
40.403,29.836,DASH,pronav,0,,,,,,,16.622,-339.287,-36.389,88.6732,5.8911,4.5000,-14.2899,0.0000,15.9598,-1.1338,-0.2720,-6.8298,0.2280,17.6178,-12.5647,0.4881,7.9943,60.7640,0.5000,73.9574,,,,0,61.6482,8.6984,11.6988,0.0622,,,,,,,,,,,,
40.454,29.860,DASH,pronav,0,,,,,,,13.998,-341.106,-36.389,88.9677,5.8911,4.5000,-14.2899,0.0000,15.9381,-1.4058,-0.2720,-7.0571,0.2280,17.6280,-12.3919,0.4908,7.9484,61.0520,0.5000,74.0791,59.1379,8.4666,0.5202,1,60.3760,8.5606,11.2232,-0.3488,0.1440,,,,,,,,,,,
40.506,29.868,DASH,pronav,0,,,,,,,12.460,-342.925,-36.389,89.2623,5.8911,4.5000,-14.2899,0.0000,15.9377,-1.4111,-0.2710,-7.0827,0.2290,17.6406,-12.1741,0.4951,7.9484,61.0520,0.5000,73.8647,,,,0,60.9372,8.5431,11.2232,-0.3488,,,,,,,,,,,,
40.557,29.900,DASH,pronav,0,,,,,,,8.991,-344.745,-36.389,89.5568,5.8911,4.5000,-14.2899,0.0000,15.9372,-1.4162,-0.2680,-7.1074,0.2320,17.6602,-11.8213,0.5038,7.8505,61.6280,0.5000,74.1015,,,,0,61.4983,8.5257,11.2232,-0.3488,,,,,,,,,,,,
40.607,29.916,DASH,pronav,0,,,,,,,7.561,-346.564,-36.389,89.8514,5.8911,4.5000,-14.2899,0.0000,15.9376,-1.4119,-0.2660,-7.0668,0.2340,17.6673,-11.6877,0.5075,7.8505,61.6280,0.5000,73.9700,,,,0,62.0595,8.5083,11.2232,-0.3488,,,,,,,,,,,,
40.658,29.932,DASH,pronav,0,,,,,,,5.260,-348.384,-36.389,90.1459,5.8911,4.5000,-14.2899,0.0000,15.9372,-1.4168,-0.2610,-7.0903,0.2390,17.6790,-11.4636,0.5142,7.7986,61.9160,0.5000,74.0418,,,,0,62.6206,8.4908,11.2232,-0.3488,,,,,,,,,,,,
40.709,29.968,DASH,pronav,0,,,,,,,2.218,-350.203,-36.389,90.4405,5.8911,4.5000,-14.2899,0.0000,15.8998,-1.7881,-0.2570,-7.1481,0.2430,17.6972,-11.1016,0.5261,7.7449,62.2040,0.5000,73.9781,60.4506,8.6027,0.4906,1,61.5431,8.5510,12.1342,-1.1314,0.1560,,,,,,,,,,,
40.760,29.972,DASH,pronav,0,,,,,,,0.981,-352.023,-36.389,90.7351,5.8911,4.5000,-14.2899,0.0000,15.8985,-1.7990,-0.2500,-7.2124,0.2500,17.7059,-10.9190,0.5324,7.6894,62.4920,0.5000,74.0912,,,,0,62.1498,8.4944,12.1342,-1.1314,,,,,,,,,,,,
40.811,30.000,DASH,pronav,0,,,,,,,-1.747,-353.842,-36.389,91.0296,5.8911,4.5000,-14.2899,0.0000,15.8976,-1.8072,-0.2450,-7.2590,0.2550,17.7166,-10.6894,0.5406,7.6323,62.7800,0.5000,74.1583,,,,0,62.7565,8.4378,12.1342,-1.1314,,,,,,,,,,,,
40.863,30.028,DASH,pronav,0,,,,,,,-3.559,-355.662,-36.389,91.3242,5.8911,4.5000,-14.2899,0.0000,15.8381,-2.2704,-0.2370,-7.5166,0.2630,17.7329,-10.3189,0.5543,7.5735,63.0680,0.5000,74.0868,61.1889,8.0775,-0.0183,1,62.0586,8.1990,11.3792,-1.8355,0.1120,,,,,,,,,,,
40.914,30.032,DASH,pronav,0,,,,,,,-4.591,-357.481,-36.389,91.6187,5.8911,4.5000,-14.2899,0.0000,15.8363,-2.2829,-0.2310,-7.5926,0.2690,17.7329,-10.3189,0.5543,7.5735,63.0680,0.5000,74.0868,,,,0,62.6276,8.1072,11.3792,-1.8355,,,,,,,,,,,,
40.965,30.064,DASH,pronav,0,,,,,,,-6.839,-359.300,-36.389,91.9133,5.8911,4.5000,-14.2899,0.0000,15.8361,-2.2842,-0.2210,-7.6050,0.2790,17.7482,-9.9448,0.5687,7.5132,63.3560,0.5000,74.0119,,,,0,63.1965,8.0155,11.3792,-1.8355,,,,,,,,,,,,
41.017,30.084,DASH,pronav,0,,,,,,,-8.305,-361.120,-36.389,92.2078,5.8911,4.5000,-14.2899,0.0000,15.8343,-2.2964,-0.2150,-7.6785,0.2850,17.7537,-9.8036,0.5742,7.4515,63.6440,0.5000,74.1666,,,,0,63.7655,7.9237,11.3792,-1.8355,,,,,,,,,,,,
41.066,30.100,DASH,pronav,0,,,,,,,-9.656,-362.939,-36.389,92.5024,5.8911,4.5000,-14.2899,0.0000,15.8798,-1.9575,-0.2040,-7.8170,0.2960,17.7624,-9.5672,0.5836,7.3990,63.8840,0.5000,74.1788,63.0438,7.8647,0.6385,1,63.5600,7.8516,12.0953,-1.2388,0.0880,,,,,,,,,,,
41.117,30.132,DASH,pronav,0,,,,,,,-11.583,-364.759,-36.389,92.7969,5.8911,4.5000,-14.2899,0.0000,15.8789,-1.9651,-0.1860,-7.8600,0.3140,17.7769,-9.1386,0.6005,7.3348,64.1720,0.5000,74.0507,,,,0,64.1648,7.7896,12.0953,-1.2388,,,,,,,,,,,,
41.169,30.132,DASH,pronav,0,,,,,,,-11.583,-366.578,-36.389,93.0915,5.8911,4.5000,-14.2899,0.0000,15.8791,-1.9634,-0.1860,-7.8433,0.3140,17.7769,-9.1386,0.6005,7.3348,64.1720,0.5000,74.0507,,,,0,64.7696,7.7277,12.0953,-1.2388,,,,,,,,,,,,
41.219,30.144,DASH,pronav,0,,,,,,,-12.021,-368.398,-36.389,93.3861,5.8911,4.5000,-14.2899,0.0000,15.8793,-1.9617,-0.1860,-7.8270,0.3140,17.7814,-8.9949,0.6062,7.2695,64.4600,0.5000,74.2034,,,,0,65.3743,7.6657,12.0953,-1.2388,,,,,,,,,,,,
41.269,30.164,DASH,pronav,0,,,,,,,-13.043,-370.217,-36.389,93.6806,5.8911,4.5000,-14.2899,0.0000,15.8795,-1.9601,-0.1790,-7.8109,0.3210,17.7883,-8.7545,0.6156,7.2031,64.7480,0.5000,74.2609,,,,0,65.9791,7.6038,12.0953,-1.2388,,,,,,,,,,,,
41.321,30.196,DASH,pronav,0,,,,,,,-14.475,-372.037,-36.389,93.9752,5.8911,4.5000,-14.2899,0.0000,15.8710,-2.0277,-0.1590,-7.8489,0.3410,17.7979,-8.3676,0.6306,7.1356,65.0360,0.5000,74.1741,64.0737,7.9224,0.5111,1,65.0778,7.7702,12.0204,-1.3526,0.0800,,,,,,,,,,,
41.371,30.196,DASH,pronav,0,,,,,,,-14.794,-373.856,-36.389,94.2697,5.8911,4.5000,-14.2899,0.0000,15.8711,-2.0265,-0.1590,-7.8372,0.3410,17.7979,-8.3676,0.6306,7.1356,65.0360,0.5000,74.1741,,,,0,65.6788,7.7026,12.0204,-1.3526,,,,,,,,,,,,
41.423,30.232,DASH,pronav,0,,,,,,,-15.927,-375.676,-36.389,94.5643,5.8911,4.5000,-14.2899,0.0000,15.8691,-2.0421,-0.1400,-7.9323,0.3600,17.8058,-7.9780,0.6454,6.9982,65.6120,0.5000,74.3795,,,,0,66.2798,7.6349,12.0204,-1.3526,,,,,,,,,,,,
41.474,30.260,DASH,pronav,0,,,,,,,-16.735,-377.495,-36.389,94.8588,5.8911,4.5000,-14.2899,0.0000,15.8693,-2.0409,-0.1290,-7.9200,0.3710,17.8124,-7.5367,0.6615,6.9982,65.6120,0.5000,73.9440,,,,0,66.8808,7.5673,12.0204,-1.3526,,,,,,,,,,,,
41.524,30.264,DASH,pronav,0,,,,,,,-16.735,-379.314,-36.389,95.1534,5.8911,4.5000,-14.2899,0.0000,15.8695,-2.0397,-0.1290,-7.9079,0.3710,17.8124,-7.5367,0.6615,6.9982,65.6120,0.5000,73.9440,,,,0,67.4818,7.4997,12.0204,-1.3526,,,,,,,,,,,,
41.577,30.296,DASH,pronav,0,,,,,,,-17.602,-381.134,-36.389,95.4479,5.8911,4.5000,-14.2899,0.0000,15.8854,-1.9117,-0.1110,-8.0265,0.3890,17.8162,-7.1419,0.6753,6.8579,66.1880,0.5000,74.1444,65.1919,7.6610,0.5315,1,66.3483,7.5694,11.8292,-1.0483,0.0840,,,,,,,,,,,
41.626,30.320,DASH,pronav,0,,,,,,,-17.916,-382.953,-36.389,95.7425,5.8911,4.5000,-14.2899,0.0000,15.8848,-1.9164,-0.1030,-8.0517,0.3970,17.8180,-6.7448,0.6884,6.7869,66.4760,0.5000,74.0474,,,,0,66.9398,7.5170,11.8292,-1.0483,,,,,,,,,,,,
41.677,30.328,DASH,pronav,0,,,,,,,-18.068,-384.773,-36.389,96.0371,5.8911,4.5000,-14.2899,0.0000,15.8851,-1.9139,-0.0930,-8.0278,0.4070,17.8180,-6.7448,0.6884,6.7869,66.4760,0.5000,74.0474,,,,0,67.5312,7.4646,11.8292,-1.0483,,,,,,,,,,,,
41.728,30.364,DASH,pronav,0,,,,,,,-18.322,-386.592,-36.389,96.3316,5.8911,4.5000,-14.2899,0.0000,15.8846,-1.9182,-0.0860,-8.0504,0.4140,17.8178,-6.3456,0.7009,6.6439,67.0520,0.5000,74.2436,,,,0,68.1227,7.4122,11.8292,-1.0483,,,,,,,,,,,,
41.778,30.388,DASH,pronav,0,,,,,,,-18.422,-388.412,-36.389,96.6262,5.8911,4.5000,-14.2899,0.0000,15.8839,-1.9237,-0.0770,-8.0816,0.4230,17.8170,-6.1452,0.7068,6.5720,67.3400,0.5000,74.3409,,,,0,68.7141,7.3598,11.8292,-1.0483,,,,,,,,,,,,
41.830,30.396,DASH,pronav,0,,,,,,,-18.456,-390.231,-36.389,96.9207,5.8911,4.5000,-14.2899,0.0000,15.8842,-1.9212,-0.0700,-8.0577,0.4300,17.8152,-5.8940,0.7140,6.5720,67.3400,0.5000,74.0924,,,,0,69.3056,7.3074,11.8292,-1.0483,,,,,,,,,,,,
41.883,30.428,DASH,pronav,0,,,,,,,-18.384,-392.051,-36.389,97.2153,5.8911,4.5000,-14.2899,0.0000,15.7318,-2.9172,-0.0560,-8.1164,0.4440,17.8108,-5.4906,0.7247,6.4280,67.9160,0.5000,74.2842,66.5651,7.6393,0.3585,1,67.8979,7.4856,11.8083,-2.9646,0.1160,,,,,,,,,,,
41.933,30.448,DASH,pronav,0,,,,,,,-18.263,-393.870,-36.389,97.5098,5.8911,4.5000,-14.2899,0.0000,15.7292,-2.9310,-0.0480,-8.2065,0.4520,17.8087,-5.3388,0.7286,6.3561,68.2040,0.5000,74.4295,,,,0,68.4883,7.3373,11.8083,-2.9646,,,,,,,,,,,,
41.985,30.460,DASH,pronav,0,,,,,,,-18.199,-395.689,-36.389,97.8044,5.8911,4.5000,-14.2899,0.0000,15.7283,-2.9358,-0.0480,-8.2549,0.4520,17.8045,-5.0852,0.7346,6.3561,68.2040,0.5000,74.1784,,,,0,69.0787,7.1891,11.8083,-2.9646,,,,,,,,,,,,
42.038,30.496,DASH,pronav,0,,,,,,,-17.737,-397.509,-36.389,98.0989,5.8911,4.5000,-14.2899,0.0000,15.7258,-2.9492,-0.0350,-8.3417,0.4650,17.7964,-4.6781,0.7437,6.2131,68.7800,0.5000,74.3662,,,,0,69.6692,7.0409,11.8083,-2.9646,,,,,,,,,,,,
42.086,30.516,DASH,pronav,0,,,,,,,-17.419,-399.328,-36.389,98.3935,5.8911,4.5000,-14.2899,0.0000,15.7234,-2.9623,-0.0310,-8.4263,0.4690,17.7916,-4.4739,0.7480,6.2131,68.7800,0.5000,74.1637,,,,0,70.2596,6.8926,11.8083,-2.9646,,,,,,,,,,,,
42.139,30.528,DASH,pronav,0,,,,,,,-17.205,-401.148,-36.389,98.6881,5.8911,4.5000,-14.2899,0.0000,15.6979,-3.0943,-0.0240,-8.6064,0.4760,17.7850,-4.2180,0.7531,6.2131,68.7800,0.5000,73.9100,67.7688,6.9152,0.1711,1,69.0013,6.8469,10.5541,-2.9069,0.1120,,,,,,,,,,,
42.189,30.528,DASH,pronav,0,,,,,,,-17.205,-402.967,-36.389,98.9826,5.8911,4.5000,-14.2899,0.0000,15.6969,-3.0997,-0.0240,-8.6567,0.4760,17.7850,-4.2180,0.7531,6.2131,68.7800,0.5000,73.9100,,,,0,69.5290,6.7015,10.5541,-2.9069,,,,,,,,,,,,
42.241,30.560,DASH,pronav,0,,,,,,,-16.643,-404.787,-36.389,99.2772,5.8911,4.5000,-14.2899,0.0000,15.6940,-3.1141,-0.0200,-8.7444,0.4800,17.7727,-3.8074,0.7608,6.0717,69.3560,0.5000,74.0936,,,,0,70.0567,6.5562,10.5541,-2.9069,,,,,,,,,,,,
42.291,30.580,DASH,pronav,0,,,,,,,-16.197,-406.606,-36.389,99.5717,5.8911,4.5000,-14.2899,0.0000,15.6908,-3.1302,-0.0130,-8.8387,0.4870,17.7676,-3.6529,0.7635,6.0018,69.6440,0.5000,74.2357,,,,0,70.5844,6.4109,10.5541,-2.9069,,,,,,,,,,,,
42.342,30.592,DASH,pronav,0,,,,,,,-15.913,-408.426,-36.389,99.8663,5.8911,4.5000,-14.2899,0.0000,15.6898,-3.1354,-0.0090,-8.8869,0.4910,17.7584,-3.3952,0.7679,5.9327,69.9320,0.5000,74.2751,,,,0,71.1121,6.2655,10.5541,-2.9069,,,,,,,,,,,,
42.394,30.628,DASH,pronav,0,,,,,,,-14.903,-410.245,-36.389,100.1608,5.8911,4.5000,-14.2899,0.0000,15.7042,-3.0626,0.0000,-8.7014,0.5000,17.7418,-2.9815,0.7744,5.8644,70.2200,0.5000,74.1594,68.7691,7.1457,0.3396,1,69.9174,6.7355,11.8477,-3.0638,0.1080,,,,,,,,,,,
42.444,30.644,DASH,pronav,0,,,,,,,-14.691,-412.065,-36.389,100.4554,5.8911,4.5000,-14.2899,0.0000,15.7018,-3.0748,0.0000,-8.7819,0.5000,17.7326,-2.7742,0.7774,5.7969,70.5080,0.5000,74.2484,,,,0,70.5097,6.5823,11.8477,-3.0638,,,,,,,,,,,,
42.496,30.660,DASH,pronav,0,,,,,,,-14.151,-413.884,-36.389,100.7499,5.8911,4.5000,-14.2899,0.0000,15.7008,-3.0795,0.0060,-8.8295,0.5060,17.7202,-2.5147,0.7810,5.7305,70.7960,0.5000,74.2852,,,,0,71.1021,6.4291,11.8477,-3.0638,,,,,,,,,,,,
42.549,30.692,DASH,pronav,0,,,,,,,-13.271,-415.703,-36.389,101.0445,5.8911,4.5000,-14.2899,0.0000,15.6985,-3.0913,0.0140,-8.9067,0.5140,17.6983,-2.0984,0.7862,5.6760,71.0360,0.5000,74.1165,,,,0,71.6945,6.2759,11.8477,-3.0638,,,,,,,,,,,,
42.597,30.708,DASH,pronav,0,,,,,,,-12.714,-417.523,-36.389,101.3391,5.8911,4.5000,-14.2899,0.0000,15.6963,-3.1027,0.0170,-8.9813,0.5170,17.6893,-1.9420,0.7880,5.6116,71.3240,0.5000,74.2554,,,,0,72.2869,6.1227,11.8477,-3.0638,,,,,,,,,,,,
42.649,30.724,DASH,pronav,0,,,,,,,-12.490,-419.342,-36.389,101.6336,5.8911,4.5000,-14.2899,0.0000,15.7170,-2.9960,0.0170,-8.8184,0.5170,17.6736,-1.6811,0.7907,5.6116,71.3240,0.5000,73.9954,70.5361,6.7892,0.7723,1,71.4734,6.4613,13.0495,-3.1270,0.1040,,,,,,,,,,,
42.700,30.760,DASH,pronav,0,,,,,,,-11.374,-421.162,-36.389,101.9282,5.8911,4.5000,-14.2899,0.0000,15.7151,-3.0058,0.0240,-8.8868,0.5240,17.6463,-1.2627,0.7946,5.4868,71.9000,0.5000,74.1668,,,,0,72.1259,6.3050,13.0495,-3.1270,,,,,,,,,,,,
42.750,30.776,DASH,pronav,0,,,,,,,-10.824,-422.981,-36.389,102.2227,5.8911,4.5000,-14.2899,0.0000,15.7131,-3.0165,0.0270,-8.9582,0.5270,17.6315,-1.0531,0.7963,5.4265,72.1880,0.5000,74.2517,,,,0,72.7784,6.1486,13.0495,-3.1270,,,,,,,,,,,,
42.805,30.792,DASH,pronav,0,,,,,,,-10.498,-424.801,-36.389,102.5173,5.8911,4.5000,-14.2899,0.0000,15.7196,-2.9822,0.0300,-9.1994,0.5300,17.6121,-0.7908,0.7981,5.4265,72.1880,0.5000,73.9898,71.6298,5.8473,0.0466,1,72.3502,5.9053,12.1642,-2.8074,0.0760,,,,,,,,,,,
42.857,30.824,DASH,pronav,0,,,,,,,-9.749,-426.620,-36.389,102.8118,5.8911,4.5000,-14.2899,0.0000,15.7180,-2.9905,0.0320,-9.2544,0.5320,17.5787,-0.3705,0.8005,5.3106,72.7640,0.5000,74.1569,,,,0,72.9584,5.7649,12.1642,-2.8074,,,,,,,,,,,,
42.907,30.848,DASH,pronav,0,,,,,,,-9.226,-428.440,-36.389,103.1064,5.8911,4.5000,-14.2899,0.0000,15.7165,-2.9984,0.0340,-9.3067,0.5340,17.5425,0.0508,0.8021,5.3106,72.7640,0.5000,73.7355,,,,0,73.5667,5.6245,12.1642,-2.8074,,,,,,,,,,,,
42.958,30.856,DASH,pronav,0,,,,,,,-8.716,-430.259,-36.389,103.4009,5.8911,4.5000,-14.2899,0.0000,15.7160,-3.0014,0.0360,-9.3378,0.5360,17.5425,0.0508,0.8021,5.3106,72.7640,0.5000,73.7355,,,,0,74.1749,5.4842,12.1642,-2.8074,,,,,,,,,,,,
43.009,30.892,DASH,pronav,0,,,,,,,-7.926,-432.078,-36.389,103.6955,5.8911,4.5000,-14.2899,0.0000,15.7145,-3.0088,0.0390,-9.3869,0.5390,17.5036,0.4728,0.8031,5.2014,73.3400,0.5000,73.8990,,,,0,74.7831,5.3438,12.1642,-2.8074,,,,,,,,,,,,
43.064,30.908,DASH,pronav,0,,,,,,,-7.734,-433.898,-36.389,103.9900,5.8911,4.5000,-14.2899,0.0000,15.7132,-3.0158,0.0390,-9.4335,0.5390,17.4831,0.6842,0.8033,5.1495,73.6280,0.5000,73.9798,,,,0,75.3913,5.2034,12.1642,-2.8074,,,,,,,,,,,,
43.114,30.924,DASH,pronav,0,,,,,,,-7.267,-435.717,-36.389,104.2846,5.8911,4.5000,-14.2899,0.0000,15.7758,-2.6691,0.0400,-9.2883,0.5400,17.4672,0.8428,0.8034,5.1495,73.6280,0.5000,73.8207,72.7396,5.9826,0.2801,1,74.0435,5.6148,12.4446,-2.2071,0.1040,,,,,,,,,,,
43.163,30.932,DASH,pronav,0,,,,,,,-6.995,-437.537,-36.389,104.5792,5.8911,4.5000,-14.2899,0.0000,15.7757,-2.6698,0.0410,-9.2949,0.5410,17.4401,1.1075,0.8034,5.0996,73.9160,0.5000,73.8475,,,,0,74.6658,5.5044,12.4446,-2.2071,,,,,,,,,,,,
43.214,30.956,DASH,pronav,0,,,,,,,-6.385,-439.356,-36.389,104.8737,5.8911,4.5000,-14.2899,0.0000,15.7752,-2.6729,0.0420,-9.3151,0.5420,17.4119,1.3725,0.8032,5.0516,74.2040,0.5000,73.8735,,,,0,75.2880,5.3941,12.4446,-2.2071,,,,,,,,,,,,
43.265,30.988,DASH,pronav,0,,,,,,,-5.975,-441.176,-36.389,105.1683,5.8911,4.5000,-14.2899,0.0000,15.7746,-2.6762,0.0420,-9.3357,0.5420,17.3647,1.7972,0.8025,5.0057,74.4920,0.5000,73.7385,,,,0,75.9102,5.2837,12.4446,-2.2071,,,,,,,,,,,,
43.316,30.988,DASH,pronav,0,,,,,,,-5.740,-442.995,-36.389,105.4628,5.8911,4.5000,-14.2899,0.0000,15.7745,-2.6768,0.0430,-9.3418,0.5430,17.3647,1.7972,0.8025,5.0057,74.4920,0.5000,73.7385,,,,0,76.5325,5.1734,12.4446,-2.2071,,,,,,,,,,,,
43.367,31.024,DASH,pronav,0,,,,,,,-5.224,-444.815,-36.389,105.7574,5.8911,4.5000,-14.2899,0.0000,15.7741,-2.6792,0.0430,-9.3572,0.5430,17.3151,2.2227,0.8014,4.9204,75.0680,0.5000,73.8929,,,,0,77.1547,5.0630,12.4446,-2.2071,,,,,,,,,,,,
43.418,31.048,DASH,pronav,0,,,,,,,-4.881,-446.634,-36.389,106.0519,5.8911,4.5000,-14.2899,0.0000,15.7737,-2.6813,0.0430,-9.3707,0.5430,17.2566,2.7024,0.7996,4.8811,75.3560,0.5000,73.7007,,,,0,77.7769,4.9527,12.4446,-2.2071,,,,,,,,,,,,
43.469,31.056,DASH,pronav,0,,,,,,,-4.561,-448.454,-36.389,106.3465,5.8911,4.5000,-14.2899,0.0000,15.7576,-2.7746,0.0430,-9.4218,0.5430,17.2566,2.7024,0.7996,4.8811,75.3560,0.5000,73.7007,73.5124,5.5521,0.3275,1,75.4671,5.2682,10.6187,-2.0513,0.1440,,,,,,,,,,,
43.520,31.088,DASH,pronav,0,,,,,,,-4.096,-450.273,-36.389,106.6410,5.8911,4.5000,-14.2899,0.0000,15.7571,-2.7775,0.0420,-9.4395,0.5420,17.2024,3.1297,0.7976,4.8149,75.8840,0.5000,73.8020,,,,0,75.9981,5.1656,10.6187,-2.0513,,,,,,,,,,,,
