t,t_sim,phase,law,detected,meas_x,meas_y,meas_z,meas_range,meas_conf,bearing_rad,psi_deg,lambda_deg,lambda_dot_deg_s,r_hat_m,rdot_hat_m_s,vc_m_s,a_cmd_m_s2,v_perp_m_s,cmd_vn,cmd_ve,cmd_vd,cmd_yaw_deg,alt_m,gt_cam_x,gt_cam_y,gt_cam_z,gt_tag_x,gt_tag_y,gt_tag_z,gt_range,ext_x,ext_y,ext_z,ext_fresh,tgt_n_hat,tgt_e_hat,tgt_vn_hat,tgt_ve_hat,ext_age_s,cue_stale,coast_phase,ekf_dn_hat,ekf_de_hat,ekf_dvn_hat,ekf_dve_hat,ekf_p_diag0,ekf_p_diag1,ekf_p_diag2,ekf_p_diag3,meas_source
2.496,9.944,TAKEOFF,pronav,0,,,,,,,96.511,,,,,,,0.0000,,,,,0.0000,0.1200,0.0300,0.2290,6.5000,-29.1650,0.5000,29.8852,,,,,,,,,,,,,,,,,,,,
2.699,10.068,TAKEOFF,pronav,0,,,,,,,96.511,,,,,,,0.0000,,,,,0.0030,0.1200,0.0300,0.2290,6.5000,-29.1650,0.5000,29.8852,,,,,,,,,,,,,,,,,,,,
2.900,10.200,TAKEOFF,pronav,0,,,,,,,96.508,,,,,,,0.0000,,,,,0.0060,0.1200,0.0300,0.2290,6.5000,-29.1650,0.5000,29.8852,,,,,,,,,,,,,,,,,,,,
3.101,10.320,TAKEOFF,pronav,0,,,,,,,96.507,,,,,,,0.0000,,,,,0.0080,0.1200,0.0300,0.2290,6.5000,-29.1650,0.5000,29.8852,,,,,,,,,,,,,,,,,,,,
3.302,10.432,TAKEOFF,pronav,0,,,,,,,96.504,,,,,,,0.0000,,,,,0.0090,0.1200,0.0300,0.2290,6.5000,-29.1650,0.5000,29.8852,,,,,,,,,,,,,,,,,,,,
3.503,10.528,TAKEOFF,pronav,0,,,,,,,96.501,,,,,,,0.0000,,,,,0.0100,0.1200,0.0300,0.2290,6.5000,-29.1650,0.5000,29.8852,,,,,,,,,,,,,,,,,,,,
3.704,10.660,TAKEOFF,pronav,0,,,,,,,96.499,,,,,,,0.0000,,,,,0.0090,0.1200,0.0300,0.2290,6.5000,-29.1650,0.5000,29.8852,,,,,,,,,,,,,,,,,,,,
3.906,10.784,TAKEOFF,pronav,0,,,,,,,96.498,,,,,,,0.0000,,,,,0.0050,0.1200,0.0300,0.2290,6.5000,-29.1650,0.5000,29.8852,,,,,,,,,,,,,,,,,,,,
4.106,10.900,TAKEOFF,pronav,0,,,,,,,96.497,,,,,,,0.0000,,,,,0.0010,0.1200,0.0300,0.2290,6.5000,-29.1650,0.5000,29.8852,,,,,,,,,,,,,,,,,,,,
4.308,10.992,TAKEOFF,pronav,0,,,,,,,96.498,,,,,,,0.0000,,,,,-0.0020,0.1200,0.0300,0.2290,6.5000,-29.1650,0.5000,29.8852,,,,,,,,,,,,,,,,,,,,
4.511,11.124,TAKEOFF,pronav,0,,,,,,,96.498,,,,,,,0.0000,,,,,-0.0060,0.1200,0.0300,0.2290,6.5000,-29.1650,0.5000,29.8852,,,,,,,,,,,,,,,,,,,,
4.712,11.256,TAKEOFF,pronav,0,,,,,,,96.498,,,,,,,0.0000,,,,,-0.0090,0.1200,0.0300,0.2290,6.5000,-29.1650,0.5000,29.8852,,,,,,,,,,,,,,,,,,,,
4.913,11.376,TAKEOFF,pronav,0,,,,,,,96.502,,,,,,,0.0000,,,,,-0.0130,0.1200,0.0300,0.2290,6.5000,-29.1650,0.5000,29.8852,,,,,,,,,,,,,,,,,,,,
5.114,11.492,TAKEOFF,pronav,0,,,,,,,96.506,,,,,,,0.0000,,,,,-0.0160,0.1200,0.0300,0.2290,6.5000,-29.1650,0.5000,29.8852,,,,,,,,,,,,,,,,,,,,
5.316,11.584,TAKEOFF,pronav,0,,,,,,,96.508,,,,,,,0.0000,,,,,-0.0200,0.1200,0.0300,0.2290,6.5000,-29.1650,0.5000,29.8852,,,,,,,,,,,,,,,,,,,,
5.516,11.716,TAKEOFF,pronav,0,,,,,,,96.507,,,,,,,0.0000,,,,,-0.0020,0.1200,0.0300,0.2290,6.5000,-29.1650,0.5000,29.8852,,,,,,,,,,,,,,,,,,,,
5.718,11.836,TAKEOFF,pronav,0,,,,,,,96.500,,,,,,,0.0000,,,,,-0.0050,0.1200,0.0300,0.2290,6.5000,-29.1650,0.5000,29.8852,,,,,,,,,,,,,,,,,,,,
5.919,11.952,TAKEOFF,pronav,0,,,,,,,96.491,,,,,,,0.0000,,,,,-0.0070,0.1200,0.0300,0.2290,6.5000,-29.1650,0.5000,29.8852,,,,,,,,,,,,,,,,,,,,
6.121,12.080,TAKEOFF,pronav,0,,,,,,,96.481,,,,,,,0.0000,,,,,-0.0070,0.1200,0.0300,0.2290,6.5000,-29.1650,0.5000,29.8852,,,,,,,,,,,,,,,,,,,,
6.321,12.180,TAKEOFF,pronav,0,,,,,,,96.480,,,,,,,0.0000,,,,,-0.0080,0.1200,0.0300,0.2290,6.5000,-29.1650,0.5000,29.8852,,,,,,,,,,,,,,,,,,,,
6.522,12.304,TAKEOFF,pronav,0,,,,,,,96.485,,,,,,,0.0000,,,,,-0.0080,0.1200,0.0300,0.2290,6.5000,-29.1650,0.5000,29.8852,,,,,,,,,,,,,,,,,,,,
6.723,12.420,TAKEOFF,pronav,0,,,,,,,96.492,,,,,,,0.0000,,,,,-0.0080,0.1200,0.0300,0.2290,6.5000,-29.1650,0.5000,29.8852,,,,,,,,,,,,,,,,,,,,
6.925,12.544,TAKEOFF,pronav,0,,,,,,,96.499,,,,,,,0.0000,,,,,-0.0100,0.1200,0.0300,0.2290,6.5000,-29.1650,0.5000,29.8852,,,,,,,,,,,,,,,,,,,,
7.130,12.640,TAKEOFF,pronav,0,,,,,,,96.501,,,,,,,0.0000,,,,,-0.0100,0.1200,0.0300,0.2290,6.5000,-29.1650,0.5000,29.8852,,,,,,,,,,,,,,,,,,,,
7.331,12.764,TAKEOFF,pronav,0,,,,,,,96.503,,,,,,,0.0000,,,,,-0.0110,0.1200,0.0300,0.2290,6.5000,-29.1650,0.5000,29.8852,,,,,,,,,,,,,,,,,,,,
7.532,12.888,TAKEOFF,pronav,0,,,,,,,96.507,,,,,,,0.0000,,,,,-0.0100,0.1200,0.0300,0.2290,6.5000,-29.1650,0.5000,29.8852,,,,,,,,,,,,,,,,,,,,
7.733,13.004,TAKEOFF,pronav,0,,,,,,,96.507,,,,,,,0.0000,,,,,-0.0090,0.1200,0.0300,0.2290,6.5000,-29.1650,0.5000,29.8852,,,,,,,,,,,,,,,,,,,,
7.936,13.136,TAKEOFF,pronav,0,,,,,,,96.505,,,,,,,0.0000,,,,,-0.0060,0.1200,0.0300,0.2290,6.5000,-29.1650,0.5000,29.8852,,,,,,,,,,,,,,,,,,,,
8.136,13.232,TAKEOFF,pronav,0,,,,,,,96.505,,,,,,,0.0000,,,,,-0.0040,0.1200,0.0300,0.2290,6.5000,-29.1650,0.5000,29.8852,,,,,,,,,,,,,,,,,,,,
8.338,13.352,TAKEOFF,pronav,0,,,,,,,96.500,,,,,,,0.0000,,,,,-0.0030,0.1200,0.0300,0.2290,6.5000,-29.1650,0.5000,29.8852,,,,,,,,,,,,,,,,,,,,
8.539,13.468,TAKEOFF,pronav,0,,,,,,,96.491,,,,,,,0.0000,,,,,-0.0020,0.1200,0.0300,0.2290,6.5000,-29.1650,0.5000,29.8852,,,,,,,,,,,,,,,,,,,,
8.741,13.600,TAKEOFF,pronav,0,,,,,,,96.482,,,,,,,0.0000,,,,,-0.0020,0.1200,0.0300,0.2290,6.5000,-29.1650,0.5000,29.8852,,,,,,,,,,,,,,,,,,,,
8.941,13.728,TAKEOFF,pronav,0,,,,,,,96.473,,,,,,,0.0000,,,,,-0.0010,0.1200,0.0300,0.2290,6.5000,-29.1650,0.5000,29.8852,,,,,,,,,,,,,,,,,,,,
9.143,13.820,TAKEOFF,pronav,0,,,,,,,96.471,,,,,,,0.0000,,,,,0.0000,0.1200,0.0300,0.2290,6.5000,-29.1650,0.5000,29.8852,,,,,,,,,,,,,,,,,,,,
9.344,13.940,TAKEOFF,pronav,0,,,,,,,96.468,,,,,,,0.0000,,,,,0.0010,0.1200,0.0300,0.2290,6.5000,-29.1650,0.5000,29.8852,,,,,,,,,,,,,,,,,,,,
9.546,14.060,TAKEOFF,pronav,0,,,,,,,96.468,,,,,,,0.0000,,,,,0.0030,0.1200,0.0300,0.2290,6.5000,-29.1650,0.5000,29.8852,,,,,,,,,,,,,,,,,,,,
9.747,14.188,TAKEOFF,pronav,0,,,,,,,96.473,,,,,,,0.0000,,,,,0.0050,0.1200,0.0300,0.2290,6.5000,-29.1650,0.5000,29.8852,,,,,,,,,,,,,,,,,,,,
9.948,14.292,TAKEOFF,pronav,0,,,,,,,96.478,,,,,,,0.0000,,,,,0.0070,0.1200,0.0300,0.2290,6.5000,-29.1650,0.5000,29.8852,,,,,,,,,,,,,,,,,,,,
10.149,14.416,TAKEOFF,pronav,0,,,,,,,96.489,,,,,,,0.0000,,,,,0.0100,0.1200,0.0300,0.2290,6.5000,-29.1650,0.5000,29.8852,,,,,,,,,,,,,,,,,,,,
10.350,14.536,TAKEOFF,pronav,0,,,,,,,96.501,,,,,,,0.0000,,,,,0.0130,0.1200,0.0300,0.2290,6.5000,-29.1650,0.5000,29.8852,,,,,,,,,,,,,,,,,,,,
10.554,14.620,TAKEOFF,pronav,0,,,,,,,96.506,,,,,,,0.0000,,,,,0.0150,0.1200,0.0300,0.2290,6.5000,-29.1650,0.5000,29.8852,,,,,,,,,,,,,,,,,,,,
10.756,14.752,TAKEOFF,pronav,0,,,,,,,96.514,,,,,,,0.0000,,,,,0.0200,0.1200,0.0300,0.2290,6.5000,-29.1650,0.5000,29.8852,,,,,,,,,,,,,,,,,,,,
10.961,14.884,TAKEOFF,pronav,0,,,,,,,96.523,,,,,,,0.0000,,,,,0.0230,0.1200,0.0300,0.2290,6.5000,-29.1650,0.5000,29.8852,,,,,,,,,,,,,,,,,,,,
11.162,15.000,TAKEOFF,pronav,0,,,,,,,96.529,,,,,,,0.0000,,,,,0.0250,0.1200,0.0300,0.2290,6.5000,-29.1650,0.5000,29.8852,,,,,,,,,,,,,,,,,,,,
11.363,15.116,TAKEOFF,pronav,0,,,,,,,96.531,,,,,,,0.0000,,,,,0.0260,0.1200,0.0300,0.2290,6.5000,-29.1650,0.5000,29.8852,,,,,,,,,,,,,,,,,,,,
11.564,15.216,TAKEOFF,pronav,0,,,,,,,96.530,,,,,,,0.0000,,,,,0.0270,0.1200,0.0300,0.2290,6.5000,-29.1650,0.5000,29.8852,,,,,,,,,,,,,,,,,,,,
11.765,15.348,TAKEOFF,pronav,0,,,,,,,96.531,,,,,,,0.0000,,,,,0.0280,0.1203,0.0300,0.2290,6.5000,-29.1650,0.5000,29.8851,,,,,,,,,,,,,,,,,,,,
11.966,15.464,TAKEOFF,pronav,0,,,,,,,96.535,,,,,,,0.0000,,,,,0.0280,0.1213,0.0300,0.2290,6.5000,-29.1650,0.5000,29.8849,,,,,,,,,,,,,,,,,,,,
12.167,15.580,TAKEOFF,pronav,0,,,,,,,96.535,,,,,,,0.0000,,,,,0.0290,0.1236,0.0300,0.2291,6.5000,-29.1650,0.5000,29.8845,,,,,,,,,,,,,,,,,,,,
12.368,15.692,TAKEOFF,pronav,0,,,,,,,96.470,,,,,,,0.0000,,,,,0.0310,0.1266,0.0302,0.2295,6.5000,-29.1650,0.5000,29.8839,,,,,,,,,,,,,,,,,,,,
12.570,15.816,TAKEOFF,pronav,0,,,,,,,96.437,,,,,,,0.0000,,,,,0.0330,0.1339,0.0307,0.2327,6.5000,-29.1650,0.5000,29.8829,,,,,,,,,,,,,,,,,,,,
12.771,15.932,TAKEOFF,pronav,0,,,,,,,96.445,,,,,,,0.0000,,,,,0.0390,0.1417,0.0317,0.2378,6.5000,-29.1650,0.5000,29.8821,,,,,,,,,,,,,,,,,,,,
12.972,16.048,TAKEOFF,pronav,0,,,,,,,96.480,,,,,,,0.0000,,,,,0.0480,0.1542,0.0338,0.2480,6.5000,-29.1650,0.5000,29.8815,,,,,,,,,,,,,,,,,,,,
13.172,16.160,TAKEOFF,pronav,0,,,,,,,96.528,,,,,,,0.0000,,,,,0.0580,0.1642,0.0360,0.2579,6.5000,-29.1650,0.5000,29.8814,,,,,,,,,,,,,,,,,,,,
13.374,16.272,TAKEOFF,pronav,0,,,,,,,96.576,,,,,,,0.0000,,,,,0.0730,0.1761,0.0390,0.2718,6.5000,-29.1650,0.5000,29.8817,,,,,,,,,,,,,,,,,,,,
13.575,16.372,TAKEOFF,pronav,0,,,,,,,96.590,,,,,,,0.0000,,,,,0.0860,0.1858,0.0419,0.2859,6.5000,-29.1650,0.5000,29.8824,,,,,,,,,,,,,,,,,,,,
13.776,16.500,TAKEOFF,pronav,0,,,,,,,96.554,,,,,,,0.0000,,,,,0.1060,0.1947,0.0450,0.3028,6.5000,-29.1650,0.5000,29.8834,,,,,,,,,,,,,,,,,,,,
13.977,16.620,TAKEOFF,pronav,0,,,,,,,96.478,,,,,,,0.0000,,,,,0.1270,0.2010,0.0477,0.3193,6.5000,-29.1650,0.5000,29.8847,,,,,,,,,,,,,,,,,,,,
14.178,16.736,TAKEOFF,pronav,0,,,,,,,96.400,,,,,,,0.0000,,,,,0.1500,0.2055,0.0505,0.3391,6.5000,-29.1650,0.5000,29.8863,,,,,,,,,,,,,,,,,,,,
14.379,16.832,TAKEOFF,pronav,0,,,,,,,96.356,,,,,,,0.0000,,,,,0.1700,0.2068,0.0519,0.3518,6.5000,-29.1650,0.5000,29.8874,,,,,,,,,,,,,,,,,,,,
14.580,16.964,TAKEOFF,pronav,0,,,,,,,96.333,,,,,,,0.0000,,,,,0.1950,0.2065,0.0535,0.3725,6.5000,-29.1650,0.5000,29.8888,,,,,,,,,,,,,,,,,,,,
14.781,17.088,TAKEOFF,pronav,0,,,,,,,96.334,,,,,,,0.0000,,,,,0.2170,0.2044,0.0539,0.3894,6.5000,-29.1650,0.5000,29.8896,,,,,,,,,,,,,,,,,,,,
14.982,17.208,TAKEOFF,pronav,0,,,,,,,96.356,,,,,,,0.0000,,,,,0.2390,0.2001,0.0533,0.4092,6.5000,-29.1650,0.5000,29.8899,,,,,,,,,,,,,,,,,,,,
15.183,17.328,TAKEOFF,pronav,0,,,,,,,96.385,,,,,,,0.0000,,,,,0.2610,0.1949,0.0518,0.4267,6.5000,-29.1650,0.5000,29.8895,,,,,,,,,,,,,,,,,,,,
15.384,17.428,TAKEOFF,pronav,0,,,,,,,96.413,,,,,,,0.0000,,,,,0.2790,0.1901,0.0499,0.4405,6.5000,-29.1650,0.5000,29.8886,,,,,,,,,,,,,,,,,,,,
15.586,17.556,TAKEOFF,pronav,0,,,,,,,96.466,,,,,,,0.0000,,,,,0.2990,0.1829,0.0464,0.4577,6.5000,-29.1650,0.5000,29.8866,,,,,,,,,,,,,,,,,,,,
15.786,17.676,TAKEOFF,pronav,0,,,,,,,96.506,,,,,,,0.0000,,,,,0.3120,0.1765,0.0426,0.4653,6.5000,-29.1650,0.5000,29.8843,,,,,,,,,,,,,,,,,,,,
15.988,17.788,TAKEOFF,pronav,0,,,,,,,96.489,,,,,,,0.0000,,,,,0.3090,0.1696,0.0379,0.4610,6.5000,-29.1650,0.5000,29.8811,,,,,,,,,,,,,,,,,,,,
16.189,17.920,TAKEOFF,pronav,0,,,,,,,96.425,,,,,,,0.0000,,,,,0.2960,0.1621,0.0318,0.4483,6.5000,-29.1650,0.5000,29.8769,,,,,,,,,,,,,,,,,,,,
16.390,18.020,TAKEOFF,pronav,0,,,,,,,96.362,,,,,,,0.0000,,,,,0.2880,0.1566,0.0268,0.4401,6.5000,-29.1650,0.5000,29.8731,,,,,,,,,,,,,,,,,,,,
16.591,18.136,TAKEOFF,pronav,0,,,,,,,96.302,,,,,,,0.0000,,,,,0.2840,0.1509,0.0209,0.4361,6.5000,-29.1650,0.5000,29.8685,,,,,,,,,,,,,,,,,,,,
16.792,18.256,TAKEOFF,pronav,0,,,,,,,96.250,,,,,,,0.0000,,,,,0.2870,0.1448,0.0138,0.4370,6.5000,-29.1650,0.5000,29.8629,,,,,,,,,,,,,,,,,,,,
16.995,18.384,TAKEOFF,pronav,0,,,,,,,96.202,,,,,,,0.0000,,,,,0.2970,0.1399,0.0075,0.4410,6.5000,-29.1650,0.5000,29.8578,,,,,,,,,,,,,,,,,,,,
17.197,18.480,TAKEOFF,pronav,0,,,,,,,96.180,,,,,,,0.0000,,,,,0.3030,0.1365,0.0028,0.4452,6.5000,-29.1650,0.5000,29.8539,,,,,,,,,,,,,,,,,,,,
17.398,18.600,TAKEOFF,pronav,0,,,,,,,96.168,,,,,,,0.0000,,,,,0.3130,0.1328,-0.0023,0.4507,6.5000,-29.1650,0.5000,29.8497,,,,,,,,,,,,,,,,,,,,
17.600,18.724,TAKEOFF,pronav,0,,,,,,,96.171,,,,,,,0.0000,,,,,0.3220,0.1291,-0.0076,0.4574,6.5000,-29.1650,0.5000,29.8454,,,,,,,,,,,,,,,,,,,,
17.801,18.844,TAKEOFF,pronav,0,,,,,,,96.176,,,,,,,0.0000,,,,,0.3290,0.1261,-0.0115,0.4636,6.5000,-29.1650,0.5000,29.8421,,,,,,,,,,,,,,,,,,,,
18.002,18.960,TAKEOFF,pronav,0,,,,,,,96.180,,,,,,,0.0000,,,,,0.3330,0.1237,-0.0145,0.4694,6.5000,-29.1650,0.5000,29.8397,,,,,,,,,,,,,,,,,,,,
18.203,19.056,TAKEOFF,pronav,0,,,,,,,96.186,,,,,,,0.0000,,,,,0.3370,0.1219,-0.0165,0.4749,6.5000,-29.1650,0.5000,29.8381,,,,,,,,,,,,,,,,,,,,
18.405,19.176,TAKEOFF,pronav,0,,,,,,,96.191,,,,,,,0.0000,,,,,0.3430,0.1200,-0.0182,0.4818,6.5000,-29.1650,0.5000,29.8369,,,,,,,,,,,,,,,,,,,,
18.606,19.308,TAKEOFF,pronav,0,,,,,,,96.192,,,,,,,0.0000,,,,,0.3520,0.1183,-0.0192,0.4896,6.5000,-29.1650,0.5000,29.8363,,,,,,,,,,,,,,,,,,,,
18.807,19.432,TAKEOFF,pronav,0,,,,,,,96.189,,,,,,,0.0000,,,,,0.3590,0.1169,-0.0191,0.4975,6.5000,-29.1650,0.5000,29.8367,,,,,,,,,,,,,,,,,,,,
19.008,19.532,TAKEOFF,pronav,0,,,,,,,96.182,,,,,,,0.0000,,,,,0.3650,0.1162,-0.0185,0.5030,6.5000,-29.1650,0.5000,29.8374,,,,,,,,,,,,,,,,,,,,
19.209,19.636,TAKEOFF,pronav,0,,,,,,,96.168,,,,,,,0.0000,,,,,0.3700,0.1155,-0.0173,0.5091,6.5000,-29.1650,0.5000,29.8387,,,,,,,,,,,,,,,,,,,,
19.411,19.768,TAKEOFF,pronav,0,,,,,,,96.142,,,,,,,0.0000,,,,,0.3760,0.1149,-0.0151,0.5168,6.5000,-29.1650,0.5000,29.8410,,,,,,,,,,,,,,,,,,,,
19.612,19.892,TAKEOFF,pronav,0,,,,,,,96.107,,,,,,,0.0000,,,,,0.3810,0.1146,-0.0128,0.5233,6.5000,-29.1650,0.5000,29.8433,,,,,,,,,,,,,,,,,,,,
19.813,20.000,TAKEOFF,pronav,0,,,,,,,96.078,,,,,,,0.0000,,,,,0.3860,0.1145,-0.0102,0.5299,6.5000,-29.1650,0.5000,29.8459,,,,,,,,,,,,,,,,,,,,
20.014,20.112,TAKEOFF,pronav,0,,,,,,,96.048,,,,,,,0.0000,,,,,0.3910,0.1146,-0.0072,0.5368,6.5000,-29.1650,0.5000,29.8488,,,,,,,,,,,,,,,,,,,,
20.216,20.232,TAKEOFF,pronav,0,,,,,,,96.025,,,,,,,0.0000,,,,,0.3960,0.1148,-0.0042,0.5437,6.5000,-29.1650,0.5000,29.8518,,,,,,,,,,,,,,,,,,,,
20.419,20.364,TAKEOFF,pronav,0,,,,,,,96.018,,,,,,,0.0000,,,,,0.4010,0.1152,-0.0009,0.5513,6.5000,-29.1650,0.5000,29.8548,,,,,,,,,,,,,,,,,,,,
20.455,20.380,CUE_WAIT,pronav,0,,,,,,,96.018,,,,,4.5000,0.0000,0.0000,0.0000,0.0000,-0.0990,96.0175,0.4010,0.1153,-0.0004,0.5524,6.5000,-29.1650,0.5000,29.8553,,,,0,,,,,,,,,,,,,,,,
20.507,20.396,CUE_WAIT,pronav,0,,,,,,,96.017,,,,,4.5000,0.0000,0.0000,0.0000,0.0000,-0.0980,96.0173,0.4020,0.1154,0.0000,0.5536,6.5000,-29.1650,0.5000,29.8557,,,,0,,,,,,,,,,,,,,,,
20.556,20.416,CUE_WAIT,pronav,0,,,,,,,96.017,,,,,4.5000,0.0000,0.0000,0.0000,0.0000,-0.0970,96.0169,0.4030,0.1154,0.0001,0.5538,6.5000,-29.1650,0.5000,29.8558,,,,0,,,,,,,,,,,,,,,,
20.606,20.440,CUE_WAIT,pronav,0,,,,,,,96.017,,,,,4.5000,0.0000,0.0000,0.0000,0.0000,-0.0960,96.0171,0.4040,0.1156,0.0009,0.5556,6.5000,-29.1650,0.5000,29.8565,,,,0,,,,,,,,,,,,,,,,
20.657,20.476,CUE_WAIT,pronav,0,,,,,,,96.017,,,,,4.5000,0.0000,0.0000,0.0000,0.0000,-0.0950,96.0171,0.4050,0.1158,0.0017,0.5577,6.5000,-29.1650,0.5000,29.8573,,,,0,,,,,,,,,,,,,,,,
20.708,20.508,CUE_WAIT,pronav,0,,,,,,,96.018,,,,,4.5000,0.0000,0.0000,0.0000,0.0000,-0.0930,96.0177,0.4070,0.1159,0.0025,0.5596,6.5000,-29.1650,0.5000,29.8580,,,,0,,,,,,,,,,,,,,,,
20.759,20.536,CUE_WAIT,pronav,0,,,,,,,96.020,,,,,4.5000,0.0000,0.0000,0.0000,0.0000,-0.0930,96.0197,0.4070,0.1161,0.0032,0.5614,6.5000,-29.1650,0.5000,29.8587,,,,0,,,,,,,,,,,,,,,,
20.812,20.568,CUE_WAIT,pronav,0,,,,,,,96.022,,,,,4.5000,0.0000,0.0000,0.0000,0.0000,-0.0910,96.0218,0.4090,0.1163,0.0039,0.5633,6.5000,-29.1650,0.5000,29.8593,,,,0,,,,,,,,,,,,,,,,
20.863,20.600,CUE_WAIT,pronav,0,,,,,,,96.024,,,,,4.5000,0.0000,0.0000,0.0000,0.0000,-0.0900,166.5524,0.4100,0.1164,0.0047,0.5653,6.5000,-29.1650,0.5000,29.8601,-29.0252,6.9486,0.2699,1,-29.0252,6.9486,0.2129,-0.3284,0.1400,,,,,,,,,,,
20.915,20.628,CUE_WAIT,pronav,0,,,,,,,96.027,,,,,4.5000,0.0000,0.0000,0.0000,0.0000,-0.0890,166.5799,0.4110,0.1165,0.0051,0.5664,6.5000,-29.1650,0.5000,29.8605,,,,0,-29.0146,6.9322,0.2129,-0.3284,,,,,,,,,,,,
20.964,20.660,CUE_WAIT,pronav,0,,,,,,,96.074,,,,,4.5000,0.0000,0.0000,0.0000,0.0000,-0.0880,166.6075,0.4120,0.1167,0.0056,0.5683,6.5000,-29.1650,0.5000,29.8609,,,,0,-29.0039,6.9158,0.2129,-0.3284,,,,,,,,,,,,
21.021,20.692,CUE_WAIT,pronav,0,,,,,,,96.403,,,,,4.5000,0.0000,0.0000,0.0000,0.0000,-0.0860,166.6351,0.4140,0.1169,0.0057,0.5709,6.5000,-29.1650,0.5000,29.8610,,,,0,-28.9933,6.8994,0.2129,-0.3284,,,,,,,,,,,,
21.070,20.728,CUE_WAIT,pronav,0,,,,,,,96.998,,,,,4.5000,0.0000,0.0000,0.0000,0.0000,-0.0830,166.6627,0.4170,0.1173,0.0051,0.5736,6.5000,-29.1650,0.5000,29.8604,,,,0,-28.9826,6.8830,0.2129,-0.3284,,,,,,,,,,,,
21.121,20.760,CUE_WAIT,pronav,0,,,,,,,97.777,,,,,4.5000,0.0000,0.0000,0.0000,0.0000,-0.0820,166.6691,0.4180,0.1179,0.0036,0.5757,6.5000,-29.1650,0.5000,29.8588,-29.1051,6.9170,0.2198,1,-29.0518,6.8968,-0.2604,-0.1388,0.1920,,,,,,,,,,,
21.173,20.792,CUE_WAIT,pronav,0,,,,,,,99.301,,,,,4.5000,0.0000,0.0000,0.0000,0.0000,-0.0800,166.6897,0.4200,0.1185,0.0015,0.5765,6.5000,-29.1650,0.5000,29.8566,,,,0,-29.0649,6.8899,-0.2604,-0.1388,,,,,,,,,,,,
21.222,20.824,CUE_WAIT,pronav,0,,,,,,,100.861,,,,,4.5000,0.0000,0.0000,0.0000,0.0000,-0.0810,166.7100,0.4190,0.1192,-0.0014,0.5763,6.5000,-29.1650,0.5000,29.8536,,,,0,-29.0779,6.8829,-0.2604,-0.1388,,,,,,,,,,,,
21.272,20.836,CUE_WAIT,pronav,0,,,,,,,101.297,,,,,4.5000,0.0000,0.0000,0.0000,0.0000,-0.0810,166.7652,0.4190,0.1195,-0.0027,0.5759,6.5000,-29.1650,0.5000,29.8523,-29.1273,6.8520,0.1715,1,-29.1127,6.8616,0.6975,0.3543,0.1680,,,,,,,,,,,
21.324,20.860,CUE_WAIT,pronav,0,,,,,,,102.469,,,,,4.5000,0.0000,0.0000,0.0000,0.0000,-0.0810,166.7184,0.4190,0.1199,-0.0051,0.5751,6.5000,-29.1650,0.5000,29.8498,,,,0,-29.0778,6.8793,0.6975,0.3543,,,,,,,,,,,,
21.374,20.892,CUE_WAIT,pronav,0,,,,,,,105.152,,,,,4.5000,0.0000,0.0000,0.0000,0.0000,-0.0840,166.6564,0.4160,0.1207,-0.0102,0.5727,6.5000,-29.1650,0.5000,29.8446,-29.1201,6.9288,0.1471,1,-29.0893,6.9161,0.6957,-0.6119,0.1280,,,,,,,,,,,
21.431,20.924,CUE_WAIT,pronav,0,,,,,,,106.660,,,,,4.5000,0.0000,0.0000,0.0000,0.0000,-0.0870,166.6999,0.4130,0.1212,-0.0150,0.5702,6.5000,-29.1650,0.5000,29.8399,,,,0,-29.0545,6.8855,0.6957,-0.6119,,,,,,,,,,,,
21.480,20.924,CUE_WAIT,pronav,0,,,,,,,107.619,,,,,4.5000,0.0000,0.0000,0.0000,0.0000,-0.0890,166.7418,0.4110,0.1212,-0.0150,0.5702,6.5000,-29.1650,0.5000,29.8399,,,,0,-29.0197,6.8549,0.6957,-0.6119,,,,,,,,,,,,
21.527,20.948,CUE_WAIT,pronav,0,,,,,,,109.302,,,,,4.5000,0.0000,0.0000,0.0000,0.0000,-0.0920,166.7856,0.4080,0.1216,-0.0220,0.5661,6.5000,-29.1650,0.5000,29.8329,,,,0,-28.9849,6.8243,0.6957,-0.6119,,,,,,,,,,,,
21.578,20.972,CUE_WAIT,pronav,0,,,,,,,111.092,,,,,4.5000,0.0000,0.0000,0.0000,0.0000,-0.0950,166.8277,0.4050,0.1217,-0.0245,0.5645,6.5000,-29.1650,0.5000,29.8304,,,,0,-28.9501,6.7937,0.6957,-0.6119,,,,,,,,,,,,
21.631,20.996,CUE_WAIT,pronav,0,,,,,,,113.769,,,,,4.5000,0.0000,0.0000,0.0000,0.0000,-0.0990,166.8723,0.4010,0.1216,-0.0329,0.5593,6.5000,-29.1650,0.5000,29.8223,,,,0,-28.9153,6.7631,0.6957,-0.6119,,,,,,,,,,,,
21.682,21.024,DASH,pronav,0,,,,,,,117.048,,,,,4.5000,0.0000,0.0000,0.0000,0.0000,-0.1070,166.8114,0.3930,0.1213,-0.0379,0.5564,6.5000,-29.1650,0.5000,29.8174,-29.1215,6.8819,0.2108,1,-29.0251,6.8222,0.3617,-0.0423,0.1560,,,,,,,,,,,
21.732,21.056,DASH,pronav,0,,,,,,,120.084,,,,,4.5000,0.0000,0.0000,-15.5683,3.6915,-0.1100,166.8090,0.3900,0.1204,-0.0464,0.5519,6.5000,-29.1650,0.5000,29.8093,,,,0,-29.0071,6.8201,0.3617,-0.0423,,,,,,,,,,,,
21.783,21.084,DASH,pronav,0,,,,,,,122.337,,,,,4.5000,0.0000,0.0000,-15.5681,3.6926,-0.1140,166.8050,0.3860,0.1190,-0.0555,0.5483,6.5000,-29.1650,0.5000,29.8007,,,,0,-28.9890,6.8179,0.3617,-0.0423,,,,,,,,,,,,
21.833,21.100,DASH,pronav,0,,,,,,,124.629,,,,,4.5000,0.0000,0.0000,-15.5679,3.6933,-0.1160,166.8022,0.3840,0.1183,-0.0590,0.5465,6.5000,-29.1650,0.5000,29.7975,,,,0,-28.9709,6.8158,0.3617,-0.0423,,,,,,,,,,,,
21.884,21.116,DASH,pronav,0,,,,,,,126.936,,,,,4.5000,0.0000,0.0000,-15.6649,3.2574,-0.1200,166.7056,0.3800,0.1169,-0.0648,0.5420,6.5000,-29.1650,0.5000,29.7920,-29.0730,6.9254,0.2613,1,-29.0249,6.8807,-0.0543,-0.4312,0.1520,,,,,,,,,,,
21.934,21.116,DASH,pronav,0,,,,,,,126.936,,,,,4.5000,0.0000,0.0000,-15.6673,3.2461,-0.1200,166.7471,0.3800,0.1169,-0.0648,0.5420,6.5000,-29.1650,0.5000,29.7920,,,,0,-29.0276,6.8591,-0.0543,-0.4312,,,,,,,,,,,,
21.985,21.156,DASH,pronav,0,,,,,,,131.488,,,,,4.5000,0.0000,0.0000,-15.6697,3.2344,-0.1260,166.7895,0.3740,0.1150,-0.0719,0.5352,6.5000,-29.1650,0.5000,29.7856,,,,0,-29.0303,6.8376,-0.0543,-0.4312,,,,,,,,,,,,
22.036,21.168,DASH,pronav,0,,,,,,,132.826,,,,,4.5000,0.0000,0.0000,-15.6720,3.2230,-0.1270,166.8310,0.3730,0.1129,-0.0793,0.5294,6.5000,-29.1650,0.5000,29.7788,,,,0,-29.0331,6.8160,-0.0543,-0.4312,,,,,,,,,,,,
22.089,21.188,DASH,pronav,0,,,,,,,135.031,,,,,4.5000,0.0000,0.0000,-15.4352,4.2137,-0.1280,166.7030,0.3720,0.1110,-0.0859,0.5261,6.5000,-29.1650,0.5000,29.7727,-29.0519,6.9501,0.1721,1,-29.0454,6.8879,-0.2162,0.6169,0.1200,,,,,,,,,,,
22.140,21.220,DASH,pronav,0,,,,,,,138.052,,,,,4.5000,0.0000,0.0000,-15.4314,4.2274,-0.1260,166.6510,0.3740,0.1084,-0.0982,0.5246,6.4280,-28.8770,0.5000,29.4645,,,,0,-29.0562,6.9187,-0.2162,0.6169,,,,,,,,,,,,
22.190,21.240,DASH,pronav,0,,,,,,,140.136,,,,,4.5000,0.0000,0.0000,-15.4276,4.2413,-0.1210,166.5982,0.3790,0.1075,-0.1035,0.5253,6.3561,-28.5890,0.5000,29.1629,,,,0,-29.0670,6.9496,-0.2162,0.6169,,,,,,,,,,,,
22.240,21.256,DASH,pronav,0,,,,,,,142.173,,,,,4.5000,0.0000,0.0000,-15.6236,3.4502,-0.1160,166.6688,0.3840,0.1063,-0.1132,0.5279,6.2964,-28.3490,0.5000,28.9064,-29.1081,6.8782,0.1540,1,-29.0960,6.9191,0.1872,-0.2964,0.0920,,,,,,,,,,,
22.292,21.288,DASH,pronav,0,,,,,,,145.365,,,,,4.5000,0.0000,0.0000,-15.6251,3.4435,-0.0980,166.6932,0.4020,0.1051,-0.1342,0.5363,6.2250,-28.0610,0.5000,28.5895,,,,0,-29.0866,6.9043,0.1872,-0.2964,,,,,,,,,,,,
22.343,21.304,DASH,pronav,0,,,,,,,147.324,,,,,4.5000,0.0000,0.0000,-15.6265,3.4369,-0.0830,166.7168,0.4170,0.1050,-0.1424,0.5401,6.1539,-27.7730,0.5000,28.2850,,,,0,-29.0773,6.8894,0.1872,-0.2964,,,,,,,,,,,,
22.395,21.320,DASH,pronav,0,,,,,,,148.104,,,,,4.5000,0.0000,0.0000,-15.6280,3.4301,-0.0830,166.7415,0.4170,0.1054,-0.1574,0.5475,6.1539,-27.7730,0.5000,28.2703,,,,0,-29.0679,6.8746,0.1872,-0.2964,,,,,,,,,,,,
22.447,21.320,DASH,pronav,0,,,,,,,148.104,,,,,4.5000,0.0000,0.0000,-15.6294,3.4236,-0.0830,166.7651,0.4170,0.1054,-0.1574,0.5475,6.1539,-27.7730,0.5000,28.2703,,,,0,-29.0585,6.8598,0.1872,-0.2964,,,,,,,,,,,,
22.497,21.352,DASH,pronav,0,,,,,,,151.965,,,,,4.5000,0.0000,0.0000,-15.6309,3.4167,-0.0540,166.7900,0.4460,0.1074,-0.1855,0.5615,6.0834,-27.4850,0.5000,27.9460,,,,0,-29.0492,6.8450,0.1872,-0.2964,,,,,,,,,,,,
22.548,21.376,DASH,pronav,0,,,,,,,153.871,,,,,4.5000,0.0000,0.0000,-15.6324,3.4101,-0.0420,166.8137,0.4580,0.1114,-0.2190,0.5773,5.9442,-26.9090,0.5000,27.3200,,,,0,-29.0398,6.8302,0.1872,-0.2964,,,,,,,,,,,,
22.600,21.400,DASH,pronav,0,,,,,,,155.771,,,,,4.5000,0.0000,0.0000,-15.6339,3.4030,-0.0220,166.8392,0.4780,0.1141,-0.2380,0.5857,5.8757,-26.6210,0.5000,27.0050,,,,0,-29.0304,6.8153,0.1872,-0.2964,,,,,,,,,,,,
22.650,21.420,DASH,pronav,0,,,,,,,157.670,,,,,4.5000,0.0000,0.0000,-15.7140,3.0117,-0.0080,166.7839,0.4920,0.1183,-0.2638,0.5966,5.8757,-26.6210,0.5000,26.9788,-28.0191,6.6367,0.1773,1,-28.4199,6.7022,5.7077,-2.0190,0.1520,,,,,,,,,,,
22.701,21.452,DASH,pronav,0,,,,,,,161.469,,,,,4.5000,0.0000,0.0000,-15.7189,2.9860,0.0270,166.8522,0.5270,0.1270,-0.3106,0.6143,5.7415,-26.0450,0.5000,26.3400,,,,0,-28.1345,6.6013,5.7077,-2.0190,,,,,,,,,,,,
22.753,21.484,DASH,pronav,0,,,,,,,164.883,,,,,4.5000,0.0000,0.0000,-15.6628,3.2676,0.0670,166.8628,0.5670,0.1383,-0.3644,0.6322,5.6760,-25.7570,0.5000,25.9897,-26.8219,6.3111,0.1950,1,-27.2328,6.3868,8.5951,-2.3940,0.1200,,,,,,,,,,,
22.804,21.504,DASH,pronav,0,,,,,,,165.262,,,,,4.5000,0.0000,0.0000,-15.6663,3.2507,0.0670,166.9026,0.5670,0.1432,-0.3866,0.6389,5.6116,-25.4690,0.5000,25.6720,,,,0,-26.8030,6.2671,8.5951,-2.3940,,,,,,,,,,,,
22.855,21.528,DASH,pronav,0,,,,,,,168.254,,,,,4.5000,0.0000,0.0000,-15.6703,3.2315,0.0930,166.9476,0.5930,0.1602,-0.4598,0.6588,5.4868,-24.8930,0.5000,25.0076,,,,0,-26.3733,6.1474,8.5951,-2.3940,,,,,,,,,,,,
22.904,21.552,DASH,pronav,0,,,,,,,170.790,,,,,4.5000,0.0000,0.0000,-15.6745,3.2112,0.1110,166.9954,0.6110,0.1713,-0.5049,0.6694,5.4868,-24.8930,0.5000,24.9613,,,,0,-25.9435,6.0277,8.5951,-2.3940,,,,,,,,,,,,
22.956,21.584,DASH,pronav,0,,,,,,,173.560,,,,,4.5000,0.0000,0.0000,-15.6791,3.1886,0.1390,167.0483,0.6390,0.1913,-0.5839,0.6858,5.3774,-24.3650,0.5000,24.3407,,,,0,-25.5138,5.9080,8.5951,-2.3940,,,,,,,,,,,,
23.008,21.612,DASH,pronav,0,,,,,,,175.216,,,,,4.5000,0.0000,0.0000,-15.6831,3.1688,0.1500,167.0947,0.6500,0.2143,-0.6717,0.7010,5.3200,-24.0770,0.5000,23.9565,,,,0,-25.0840,5.7883,8.5951,-2.3940,,,,,,,,,,,,
23.058,21.632,DASH,pronav,0,,,,,,,176.782,,,,,4.5000,0.0000,0.0000,-15.7601,2.7606,0.1640,166.9105,0.6640,0.2237,-0.7070,0.7063,5.2642,-23.7890,0.5000,23.6269,-25.7183,6.0934,0.1746,1,-25.2927,5.9234,9.9217,-3.2108,0.1640,,,,,,,,,,,
23.109,21.652,DASH,pronav,0,,,,,,,178.823,,,,,4.5000,0.0000,0.0000,-15.7689,2.7094,0.1730,167.0232,0.6730,0.2403,-0.7685,0.7147,5.2642,-23.7890,0.5000,23.5633,,,,0,-24.7966,5.7629,9.9217,-3.2108,,,,,,,,,,,,
23.159,21.684,DASH,pronav,0,,,,,,,-179.089,,,,,4.5000,0.0000,0.0000,-15.7783,2.6543,0.1910,167.1444,0.6910,0.2733,-0.8881,0.7283,5.2102,-23.5010,0.5000,23.1467,,,,0,-24.3005,5.6024,9.9217,-3.2108,,,,,,,,,,,,
23.212,21.716,DASH,pronav,0,,,,,,,-177.500,,,,,4.5000,0.0000,0.0000,-15.1537,5.1348,0.2000,166.9737,0.7000,0.3059,-1.0042,0.7383,5.1078,-22.9250,0.5000,22.4419,-24.5671,5.8280,0.1993,1,-24.2620,5.6735,10.8426,-0.8795,0.1480,,,,,,,,,,,
23.267,21.716,DASH,pronav,0,,,,,,,-177.500,,,,,4.5000,0.0000,0.0000,-15.1241,5.2213,0.2000,166.7783,0.7000,0.3059,-1.0042,0.7383,5.1078,-22.9250,0.5000,22.4419,,,,0,-23.7199,5.6296,10.8426,-0.8795,,,,,,,,,,,,
23.315,21.748,DASH,pronav,0,,,,,,,-175.965,,,,,4.5000,0.0000,0.0000,-15.0952,5.3043,0.2110,166.5905,0.7110,0.3370,-1.1133,0.7456,5.0595,-22.6370,0.5000,22.0370,,,,0,-23.1777,5.5856,10.8426,-0.8795,,,,,,,,,,,,
23.366,21.756,DASH,pronav,0,,,,,,,-175.631,,,,,4.5000,0.0000,0.0000,-15.0614,5.3994,0.2110,166.3749,0.7110,0.3559,-1.1788,0.7490,5.0132,-22.3490,0.5000,21.6779,,,,0,-22.6356,5.5416,10.8426,-0.8795,,,,,,,,,,,,
23.419,21.784,DASH,pronav,0,,,,,,,-174.508,,,,,4.5000,0.0000,0.0000,-15.5370,3.8213,0.2170,166.4956,0.7170,0.3805,-1.2638,0.7524,4.9691,-22.0610,0.5000,21.2989,-23.4401,5.6140,0.2052,1,-22.9015,5.5674,10.1755,-2.3538,0.1200,,,,,,,,,,,
23.470,21.816,DASH,pronav,0,,,,,,,-173.831,,,,,4.5000,0.0000,0.0000,-15.5383,3.8161,0.2180,166.5071,0.7180,0.4277,-1.4257,0.7565,4.9272,-21.7730,0.5000,20.8405,,,,0,-22.3927,5.4498,10.1755,-2.3538,,,,,,,,,,,,
23.522,21.848,DASH,pronav,0,,,,,,,-173.507,,,,,4.5000,0.0000,0.0000,-15.5370,3.8213,0.2180,166.4954,0.7180,0.4731,-1.5793,0.7579,4.8500,-21.1970,0.5000,20.1017,,,,0,-21.8839,5.3321,10.1755,-2.3538,,,,,,,,,,,,
23.571,21.864,DASH,pronav,0,,,,,,,-173.300,,,,,4.5000,0.0000,0.0000,-15.5387,3.8145,0.2170,166.5108,0.7170,0.4909,-1.6393,0.7580,4.8149,-20.9090,0.5000,19.7506,,,,0,-21.3751,5.2144,10.1755,-2.3538,,,,,,,,,,,,
23.623,21.880,DASH,pronav,0,,,,,,,-173.211,,,,,4.5000,0.0000,0.0000,-15.5373,3.8200,0.2140,166.4984,0.7140,0.5217,-1.7420,0.7574,4.8149,-20.9090,0.5000,19.6436,,,,0,-20.8664,5.0967,10.1755,-2.3538,,,,,,,,,,,,
23.682,21.916,DASH,pronav,0,,,,,,,-173.368,,,,,4.5000,0.0000,0.0000,-15.5436,3.7942,0.2050,166.5560,0.7050,0.5737,-1.9137,0.7550,4.7823,-20.6210,0.5000,19.1766,,,,0,-20.3576,4.9790,10.1755,-2.3538,,,,,,,,,,,,
23.733,21.948,DASH,pronav,0,,,,,,,-173.790,,,,,4.5000,0.0000,0.0000,-15.6436,3.3584,0.1920,166.6080,0.6920,0.6361,-2.1174,0.7502,4.7520,-20.3330,0.5000,18.6765,-22.2876,5.4309,0.1932,1,-21.3121,5.2031,10.7120,-2.9166,0.1840,,,,,,,,,,,
23.783,21.980,DASH,pronav,0,,,,,,,-174.351,,,,,4.5000,0.0000,0.0000,-15.6489,3.3334,0.1860,166.6619,0.6860,0.6951,-2.3080,0.7445,4.6763,-19.4690,0.5000,17.6185,,,,0,-20.7765,5.0572,10.7120,-2.9166,,,,,,,,,,,,
23.834,21.996,DASH,pronav,0,,,,,,,-174.843,,,,,4.5000,0.0000,0.0000,-15.6606,3.2780,0.1760,166.7817,0.6760,0.7181,-2.3817,0.7420,4.6763,-19.4690,0.5000,17.5414,,,,0,-20.2409,4.9114,10.7120,-2.9166,,,,,,,,,,,,
23.884,22.012,DASH,pronav,0,,,,,,,-175.403,,,,,4.5000,0.0000,0.0000,-15.6668,3.2485,0.1690,166.8454,0.6690,0.7574,-2.5074,0.7377,4.6563,-19.1810,0.5000,17.1251,,,,0,-19.7053,4.7656,10.7120,-2.9166,,,,,,,,,,,,
23.936,22.048,DASH,pronav,0,,,,,,,-176.408,,,,,4.5000,0.0000,0.0000,-15.0608,5.4010,0.1490,166.6742,0.6490,0.8228,-2.7157,0.7303,4.6388,-18.8930,0.5000,16.6229,-20.8408,5.1976,0.2005,1,-20.1724,4.9664,13.6548,-1.4007,0.1840,,,,,,,,,,,
23.989,22.080,DASH,pronav,0,,,,,,,-177.373,,,,,4.5000,0.0000,0.0000,-15.0070,5.5488,0.1360,166.3706,0.6360,0.9001,-2.9608,0.7219,4.6263,-18.6530,0.5000,16.1301,,,,0,-19.4896,4.8964,13.6548,-1.4007,,,,,,,,,,,,
24.038,22.108,DASH,pronav,0,,,,,,,-178.555,,,,,4.5000,0.0000,0.0000,-14.9580,5.6797,0.1150,166.1010,0.6150,0.9717,-3.1882,0.7148,4.6037,-18.0770,0.5000,15.3269,,,,0,-18.8069,4.8264,13.6548,-1.4007,,,,,,,,,,,,
24.089,22.116,DASH,pronav,0,,,,,,,-178.861,,,,,4.5000,0.0000,0.0000,-14.8905,5.8544,0.1150,165.7395,0.6150,0.9993,-3.2757,0.7122,4.5965,-17.7890,0.5000,14.9540,,,,0,-18.1242,4.7563,13.6548,-1.4007,,,,,,,,,,,,
24.143,22.144,DASH,pronav,0,,,,,,,179.892,,,,,4.5000,0.0000,0.0000,-14.9783,5.6259,0.0940,165.7519,0.5940,1.0461,-3.4243,0.7082,4.5965,-17.7890,0.5000,14.7984,-19.6846,5.1054,0.1848,1,-18.7873,4.9377,12.3935,-1.3247,0.1760,,,,,,,,,,,
24.198,22.180,DASH,pronav,0,,,,,,,178.785,,,,,4.5000,0.0000,0.0000,-14.9290,5.7554,0.0860,165.4724,0.5860,1.1529,-3.7634,0.7012,4.5902,-17.2130,0.5000,13.8834,,,,0,-18.1676,4.8715,12.3935,-1.3247,,,,,,,,,,,,
24.246,22.180,DASH,pronav,0,,,,,,,178.785,,,,,4.5000,0.0000,0.0000,-14.7342,6.2373,0.0860,165.1688,0.5860,1.1529,-3.7634,0.7012,4.5902,-17.2130,0.5000,13.8834,-18.5839,5.0511,0.1939,1,-18.1695,4.9527,11.4706,-0.7016,0.1120,,,,,,,,,,,
24.295,22.204,DASH,pronav,0,,,,,,,177.995,,,,,4.5000,0.0000,0.0000,-14.6597,6.4103,0.0750,164.7746,0.5750,1.1629,-3.7950,0.7007,4.5911,-16.9250,0.5000,13.5716,,,,0,-17.5960,4.9177,11.4706,-0.7016,,,,,,,,,,,,
24.348,22.220,DASH,pronav,1,-1.8013,-10.7755,12.5177,12.5177,0.5416,-0.14292,177.215,169.027,0.000,12.5177,0.0000,4.5000,0.0000,0.0000,-15.3542,4.4998,0.0690,169.0265,0.5690,1.2445,-4.0530,0.6979,4.5947,-16.6370,0.5000,13.0238,,,,0,-16.9109,4.2105,11.8332,-2.8858,,,,,,,,,,,,drone
24.400,22.244,DASH,pronav,1,-1.5437,-10.2186,12.4406,12.4406,0.5416,-0.12346,175.983,168.968,-0.694,12.4791,-0.6866,4.5000,-0.2724,0.0000,-15.3463,4.5266,0.0540,168.9681,0.5540,1.2972,-4.2186,0.6972,4.5947,-16.6370,0.5000,12.8503,,,,0,-16.5813,3.8901,10.1044,-4.0477,,,,,,,,,,,,track
24.448,22.276,DASH,pronav,1,-1.3364,-9.8269,12.4406,12.4406,0.5416,-0.10701,174.943,168.872,-1.416,12.4427,-0.7241,4.5000,-0.5561,0.0000,-15.3333,4.5705,0.0480,168.8725,0.5480,1.3840,-4.4902,0.6977,4.6010,-16.3490,0.5000,12.2890,,,,0,-16.6618,3.8088,6.2480,-3.2503,,,,,,,,,,,,track
24.501,22.308,DASH,pronav,1,-0.9967,-8.8413,11.5726,11.5726,0.5416,-0.08591,173.841,168.860,-0.743,11.9896,-7.9096,7.9096,-0.5128,0.0000,-15.3316,4.5761,0.0400,168.8602,0.5400,1.4742,-4.7695,0.6999,4.6218,-15.7730,0.5000,11.4466,,,,0,-16.4484,3.7382,5.6160,-2.6639,,,,,,,,,,,,track
24.551,22.332,DASH,pronav,1,-0.9436,-8.8433,11.8482,11.8482,0.5416,-0.07947,172.922,168.596,-3.422,11.7211,-5.6618,5.6618,-1.6906,0.0000,-15.2950,4.6973,0.0380,168.5960,0.5380,1.5206,-4.9122,0.7019,4.6361,-15.4850,0.5000,11.0241,,,,0,-16.7152,3.8823,2.0276,-0.8466,,,,,,,,,,,,track
24.602,22.352,DASH,pronav,1,-0.9436,-8.8433,11.8482,11.8482,0.5416,-0.07947,172.297,168.425,-3.422,11.4381,-5.6618,5.6618,-1.6906,0.0000,-15.2707,4.7755,0.0370,168.4249,0.5370,1.6159,-5.2038,0.7077,4.6532,-15.1970,0.5000,10.4466,,,,0,-16.6138,3.8400,2.0276,-0.8466,,,,,,,,,,,,track
24.653,22.376,DASH,pronav,1,-0.9216,-9.1357,12.4406,12.4406,0.5416,-0.07395,171.698,167.857,-5.756,11.7978,0.0147,4.5000,-2.2603,0.0000,-15.1874,5.0342,0.0370,167.8574,0.5370,1.6772,-5.3901,0.7124,4.6728,-14.9090,0.5000,9.9814,,,,0,-17.3724,4.2111,-0.7848,0.5054,,,,,,,,,,,,track
24.703,22.408,DASH,pronav,1,-1.1225,-9.3109,12.7596,12.7596,0.5416,-0.08775,170.790,166.666,-16.522,12.2791,8.6032,4.5000,-6.4882,0.0000,-14.9984,5.5720,0.0410,166.6660,0.5410,1.7651,-5.6562,0.7207,4.6951,-14.6210,0.5000,9.4340,,,,0,-18.1180,4.7324,-5.4608,3.7893,,,,,,,,,,,,track
24.755,22.444,DASH,pronav,1,-1.2442,-9.0205,12.4406,12.4406,0.5416,-0.09968,169.711,164.920,-27.498,12.5749,6.1992,4.5000,-10.7985,0.0000,-14.6874,6.3466,0.0480,164.9201,0.5480,1.8816,-6.0079,0.7343,4.7472,-14.0450,0.5000,8.5359,,,,0,-18.4712,5.2505,-5.9919,5.9680,,,,,,,,,,,,track
24.804,22.468,DASH,pronav,1,-1.2442,-9.0205,12.4406,12.4406,0.5416,-0.09968,169.199,163.545,-27.498,12.8849,6.1992,4.5000,-10.7985,0.0000,-14.4147,6.9438,0.0550,163.5451,0.5550,2.0019,-6.3698,0.7505,4.7771,-13.7570,0.5000,7.8953,,,,0,-18.7708,5.5489,-5.9919,5.9680,,,,,,,,,,,,track
24.855,22.484,DASH,pronav,1,-1.3364,-9.0435,12.4406,12.4406,0.5416,-0.10701,168.999,162.519,-25.420,12.8177,2.8278,4.5000,-9.9823,0.0000,-13.5716,8.4742,0.0550,162.5190,0.5550,2.0427,-6.4926,0.7563,4.8093,-13.4690,0.5000,7.5093,,,,0,-18.9124,5.8335,-5.4689,5.9223,,,,,,,,,,,,track
24.906,22.508,DASH,pronav,1,-1.7281,-8.9283,12.4406,12.4406,0.5416,-0.13802,168.239,160.789,-30.794,12.6998,-1.7299,4.5000,-12.0930,0.0000,-12.5169,9.9664,0.0680,160.7894,0.5680,2.1117,-6.6995,0.7663,4.8440,-13.1810,0.5000,7.0389,,,,0,-19.0704,6.3333,-4.7171,7.2486,,,,,,,,,,,,track
24.956,22.540,DASH,pronav,1,-1.8663,-8.7901,12.4406,12.4406,0.5416,-0.14891,167.620,159.169,-31.755,12.5270,-3.2672,4.5000,-12.4702,0.0000,-11.9369,10.6541,0.0730,159.1687,0.5730,2.2241,-7.0364,0.7833,4.8811,-12.8930,0.5000,6.4373,,,,0,-19.2827,6.7867,-4.5619,7.8481,,,,,,,,,,,,track
25.007,22.572,DASH,pronav,1,-2.0343,-8.9466,12.1372,12.1372,0.5416,-0.16607,166.931,157.498,-32.736,12.2504,-5.2870,5.2870,-15.1036,0.0000,-11.4084,11.2182,0.0890,157.4985,0.5890,2.3397,-7.3804,0.8016,4.9137,-12.6530,0.5000,5.8751,,,,0,-19.3401,7.1892,-3.4343,7.9150,,,,,,,,,,,,track
25.058,22.596,DASH,pronav,1,-2.0343,-8.9466,12.1372,12.1372,0.5416,-0.16607,166.287,155.862,-32.736,11.9860,-5.2870,5.2870,-15.1036,0.0000,-11.2219,11.4048,0.1000,155.8617,0.6000,2.3990,-7.5549,0.8115,4.9549,-12.3650,0.5000,5.4559,,,,0,-19.5118,7.5850,-3.4343,7.9150,,,,,,,,,,,,track
25.108,22.612,DASH,pronav,1,-2.0967,-8.9975,12.4406,12.4406,0.5416,-0.16697,165.780,155.219,-26.852,12.0811,-2.0954,4.5000,-10.5447,0.0000,-11.6223,10.9964,0.1080,155.2189,0.6080,2.5211,-7.9090,0.8333,5.0438,-11.7890,0.5000,4.6400,,,,0,-19.8016,7.8228,-3.8227,7.3956,,,,,,,,,,,,track
25.160,22.640,DASH,pronav,1,-1.7774,-8.1082,11.8482,11.8482,0.5416,-0.14891,165.213,155.279,-10.358,11.9123,-3.2259,4.5000,-4.0675,0.0000,-12.9492,9.3977,0.1210,155.2790,0.6210,2.6005,-8.1334,0.8484,5.0438,-11.7890,0.5000,4.4108,,,,0,-19.8563,7.7931,-2.9312,4.7855,,,,,,,,,,,,track
25.215,22.648,DASH,pronav,1,-1.7774,-8.1082,11.8482,11.8482,0.5416,-0.14891,165.213,154.761,-10.358,11.7510,-3.2259,4.5000,-4.0675,0.0000,-12.8894,9.4797,0.1210,154.7611,0.6210,2.6493,-8.2690,0.8581,5.0915,-11.5010,0.5000,4.0667,,,,0,-20.0029,8.0323,-2.9312,4.7855,,,,,,,,,,,,track
25.261,22.672,DASH,pronav,1,-1.9749,-8.2398,11.8482,11.8482,0.5416,-0.16517,163.926,154.353,-9.711,11.7189,-2.0815,4.5000,-3.8135,0.0000,-12.9346,9.4179,0.1420,154.3528,0.6420,2.7159,-8.4509,0.8714,5.0915,-11.5010,0.5000,3.8839,,,,0,-19.9821,8.1392,-2.3824,4.3514,,,,,,,,,,,,track
25.312,22.704,DASH,pronav,1,-2.3260,-8.6568,11.8482,11.8482,0.5416,-0.19385,163.271,153.016,-19.788,11.7315,-0.0107,4.5000,-7.7707,0.0000,-12.1438,10.4177,0.1580,153.0157,0.6580,2.8717,-8.8630,0.9021,5.1926,-10.9250,0.5000,3.1305,,,,0,-20.1330,8.5397,-2.5911,5.5537,,,,,,,,,,,,track
25.362,22.724,DASH,pronav,1,-2.3260,-8.6568,11.8482,11.8482,0.5416,-0.19385,162.295,152.026,-19.788,11.7310,-0.0107,4.5000,-7.7707,0.0000,-12.0192,10.5611,0.1880,152.0263,0.6880,2.9433,-9.0471,0.9154,5.2460,-10.6370,0.5000,2.8289,,,,0,-20.2625,8.8174,-2.5911,5.5537,,,,,,,,,,,,track
25.413,22.740,DASH,pronav,1,-2.6552,-8.6348,11.8482,11.8482,0.5416,-0.22046,162.059,150.232,-24.580,11.7893,0.5152,4.5000,-9.6526,0.0000,-11.4466,11.1793,0.1880,150.2323,0.6880,3.0350,-9.2777,0.9314,5.2460,-10.6370,0.5000,2.6311,,,,0,-20.3238,9.2255,-2.3654,5.9852,,,,,,,,,,,,track
25.467,22.772,DASH,pronav,1,-2.6771,-9.0957,11.8482,11.8482,0.5416,-0.22222,160.844,148.558,-29.813,11.8316,0.8067,4.5000,-11.7076,0.0000,-10.9116,11.7020,0.2150,148.5575,0.7150,3.1868,-9.6476,0.9558,5.3581,-10.0610,0.5000,2.2568,,,,0,-20.4998,9.6354,-2.7416,6.7067,,,,,,,,,,,,track
25.515,22.804,DASH,pronav,1,-2.7868,-9.2054,11.8482,11.8482,0.5416,-0.23101,159.791,146.811,-32.822,11.8601,0.5971,4.5000,-12.8892,0.0000,-10.4957,12.0765,0.2410,146.8109,0.7410,3.3454,-10.0184,0.9790,5.4166,-9.7730,0.5000,2.1400,,,,0,-20.7738,10.1058,-3.6353,7.5891,,,,,,,,,,,,track
25.565,22.832,DASH,pronav,1,-2.7971,-8.9699,11.5726,11.5726,0.5416,-0.23715,158.788,145.185,-32.640,11.7313,-2.2136,4.5000,-12.8175,0.0000,-10.2644,12.2736,0.2560,145.1852,0.7560,3.5115,-10.3898,1.0015,5.4766,-9.4850,0.5000,2.2208,,,,0,-20.9108,10.4656,-3.3419,7.4597,,,,,,,,,,,,track
25.616,22.856,DASH,pronav,1,-2.7971,-8.9699,11.5726,11.5726,0.5416,-0.23715,158.026,143.553,-32.640,11.6206,-2.2136,4.5000,-12.8175,0.0000,-5.7732,14.9221,0.2660,143.5532,0.7660,3.5975,-10.5755,1.0125,5.5382,-9.1970,0.5000,2.4349,-11.4319,5.4862,0.2019,1,-15.2903,7.6271,12.3526,1.5358,0.1840,,,,,,,,,,,track
25.667,22.876,DASH,pronav,1,-2.6470,-8.9056,11.5726,11.5726,0.5416,-0.22486,157.223,143.130,-25.491,11.5413,-1.9354,4.5000,-10.0102,0.0000,-5.5891,14.9921,0.2810,143.1301,0.7810,3.7756,-10.9466,1.0340,5.6652,-8.6210,0.5000,3.0437,,,,0,-18.5759,9.5528,-13.1467,13.6145,,,,,,,,,,,,track
25.718,22.904,DASH,pronav,1,-2.6392,-8.6927,11.3096,11.3096,0.5416,-0.22926,155.774,142.247,-20.908,11.3771,-3.1200,4.5000,-8.2104,0.0000,-5.2031,15.1303,0.3040,142.2470,0.8040,3.8912,-11.1781,1.0472,5.6652,-8.6210,0.5000,3.1600,,,,0,-20.3891,10.7547,-20.6655,17.0046,,,,,,,,,,,,track
25.770,22.936,DASH,pronav,1,-2.7342,-8.5507,11.0583,11.0583,0.5416,-0.24239,153.897,140.605,-27.799,11.1397,-4.5307,4.5307,-10.9910,0.0000,-4.4803,15.3599,0.3130,140.6053,0.8130,4.0850,-11.5476,1.0697,5.7305,-8.3330,0.5000,3.6559,,,,0,-21.1899,11.5751,-19.1736,16.8132,,,,,,,,,,,,track
25.822,22.972,DASH,pronav,1,-3.0824,-8.7350,11.0583,11.0583,0.5416,-0.27184,150.939,137.290,-50.544,10.9857,-3.2448,4.5000,-19.8485,0.0000,-3.0075,15.7148,0.3370,137.2897,0.8370,4.2892,-11.9146,1.0934,5.7969,-8.0450,0.5000,4.1952,,,,0,-21.3514,12.4294,-13.9422,16.9023,,,,,,,,,,,,track
25.871,23.000,DASH,pronav,1,-3.0824,-8.7350,11.0583,11.0583,0.5416,-0.27184,149.462,134.762,-50.544,10.8235,-3.2448,4.5000,-19.8485,0.0000,-1.8821,15.8889,0.3530,134.7625,0.8530,4.5307,-12.3235,1.1203,5.9327,-7.4690,0.5000,5.0908,,,,0,-22.0485,13.2745,-13.9422,16.9023,,,,,,,,,,,,track
25.922,23.016,DASH,pronav,1,-3.2057,-8.5051,10.8179,10.8179,0.5416,-0.28809,147.982,131.855,-52.801,10.7396,-2.5466,4.5000,-20.7350,0.0000,-0.5952,15.9889,0.3630,131.8555,0.8630,4.6139,-12.4586,1.1292,6.0018,-7.1810,0.5000,5.4933,,,,0,-21.4543,13.4874,-9.6790,14.8153,,,,,,,,,,,,track
25.975,23.036,DASH,pronav,1,-3.3238,-8.3143,10.5877,10.5877,0.5416,-0.30418,146.476,129.131,-53.790,10.6000,-2.7626,4.5000,-21.1233,0.0000,0.5937,15.9890,0.3790,129.1313,0.8790,4.7554,-12.6824,1.1439,6.0717,-6.8930,0.5000,5.9719,,,,0,-21.0595,13.7492,-3.9414,11.6879,,,,,,,,,,,,track
26.025,23.068,DASH,pronav,1,-3.4610,-8.3928,10.5877,10.5877,0.5416,-0.31594,143.967,126.153,-57.170,10.5248,-1.6571,4.5000,-22.4504,0.0000,1.8641,15.8910,0.4050,126.1532,0.9050,4.9895,-13.0359,1.1670,6.1303,-6.6530,0.5000,6.5182,,,,0,-20.7273,14.1604,-0.4980,10.5609,,,,,,,,,,,,track
26.076,23.104,DASH,pronav,1,-3.4414,-8.2163,10.5877,10.5877,0.5416,-0.31427,140.687,122.988,-60.795,10.5148,-0.3659,4.5000,-23.8742,0.0000,3.1697,15.6829,0.4300,122.9876,0.9300,5.2017,-13.3402,1.1864,6.2012,-6.3650,0.5000,7.0798,,,,0,-20.4492,14.6619,1.4897,10.3871,,,,,,,,,,,,track
26.126,23.104,DASH,pronav,1,-3.4414,-8.2163,10.5877,10.5877,0.5416,-0.31427,140.687,119.948,-60.795,10.4966,-0.3659,4.5000,-23.8742,0.0000,4.3696,15.3918,0.4300,119.9479,0.9300,5.2017,-13.3402,1.1864,6.2012,-6.3650,0.5000,7.0798,,,,0,-20.3747,15.1813,1.4897,10.3871,,,,,,,,,,,,track
26.177,23.132,DASH,pronav,1,-3.4806,-8.0202,10.5877,10.5877,0.5416,-0.31761,139.049,118.880,-49.112,10.5330,0.1207,4.5000,-19.2861,0.0000,4.7772,15.2702,0.4400,118.8796,0.9400,5.5158,-13.7658,1.2119,6.3442,-5.7890,0.5000,8.0512,,,,0,-20.3056,15.3405,1.4720,9.2014,,,,,,,,,,,,track
26.228,23.136,DASH,pronav,1,-3.4806,-8.0202,10.5877,10.5877,0.5416,-0.31761,138.400,116.424,-49.112,10.5390,0.1207,4.5000,-19.2861,0.0000,-1.8529,15.8923,0.4400,116.4240,0.9400,5.5158,-13.7658,1.2119,6.3442,-5.7890,0.5000,8.0512,,,,0,-20.2320,15.8006,1.4720,9.2014,,,,,,,,,,,,track
26.279,23.168,DASH,pronav,1,-3.6865,-7.7667,10.3672,10.3672,0.5416,-0.34165,135.710,115.051,-42.849,10.4561,-0.6508,4.5000,-16.8268,0.0000,-1.5416,15.9256,0.4620,115.0514,0.9620,5.7433,-14.0563,1.2283,6.4160,-5.5010,0.5000,8.6126,,,,0,-19.9344,15.8676,2.1915,7.9388,,,,,,,,,,,,track
26.331,23.188,DASH,pronav,1,-3.9553,-7.8051,10.3672,10.3672,0.5416,-0.36448,134.282,113.154,-39.948,10.3954,-1.1520,4.5000,-15.6875,0.0000,-1.0568,15.9651,0.4750,113.1539,0.9750,5.8758,-14.2196,1.2368,6.4880,-5.2130,0.5000,9.0575,,,,0,-19.7763,16.2164,2.5111,7.6219,,,,,,,,,,,,track
26.381,23.200,DASH,pronav,1,-3.9553,-7.8051,10.3672,10.3672,0.5416,-0.36448,133.856,111.156,-39.948,10.3378,-1.1520,4.5000,-15.6875,0.0000,-0.7249,15.9836,0.4750,111.1565,0.9750,6.0430,-14.4214,1.2459,6.5600,-4.9250,0.5000,9.5397,,,,0,-19.6507,16.5975,2.5111,7.6219,,,,,,,,,,,,track
26.431,23.236,DASH,pronav,1,-4.0129,-7.4595,10.3672,10.3672,0.5416,-0.36932,132.498,110.248,-33.478,10.3237,-0.7644,4.5000,-13.1467,0.0000,-1.1867,15.9559,0.4930,110.2482,0.9930,6.3155,-14.7378,1.2576,6.6319,-4.6370,0.5000,10.1342,,,,0,-19.6373,16.7705,2.1410,6.9351,,,,,,,,,,,,track
26.483,23.256,DASH,pronav,1,-4.0129,-7.4595,10.3672,10.3672,0.5416,-0.36932,131.911,108.574,-33.478,10.2854,-0.7644,4.5000,-13.1467,0.0000,-0.8967,15.9749,0.4990,108.5743,0.9990,6.4544,-14.8927,1.2623,6.7036,-4.3490,0.5000,10.5741,,,,0,-19.5303,17.1172,2.1410,6.9351,,,,,,,,,,,,track
26.533,23.268,DASH,pronav,1,-4.0129,-7.3059,10.3672,10.3672,0.5416,-0.36932,131.560,108.650,-23.183,10.3072,-0.2350,4.5000,-9.1040,0.0000,-2.0235,15.8715,0.5000,108.6498,1.0080,6.6303,-15.0832,1.2670,6.7036,-4.3490,0.5000,10.7618,,,,0,-19.6815,17.1886,1.2965,6.0346,,,,,,,,,,,,track
26.583,23.300,DASH,pronav,1,-3.8840,-7.1003,10.1556,10.1556,0.5416,-0.36529,130.827,108.694,-8.833,10.2255,-1.4857,4.5000,-3.4688,0.0000,-3.8283,15.5353,0.5000,108.6941,1.0130,6.9164,-15.3813,1.2711,6.7750,-4.0610,0.5000,11.3474,,,,0,-19.8372,17.2899,-0.1644,4.7071,,,,,,,,,,,,track
26.635,23.312,DASH,pronav,1,-3.8840,-7.1003,10.1556,10.1556,0.5416,-0.36529,130.388,108.252,-8.833,10.1512,-1.4857,4.5000,-3.4688,0.0000,-3.7424,15.5562,0.5000,108.2525,1.0190,7.0252,-15.4910,1.2715,6.9166,-3.4850,0.5000,12.0312,,,,0,-19.8454,17.5252,-0.1644,4.7071,,,,,,,,,,,,track
26.686,23.332,DASH,pronav,1,-3.8652,-7.1944,10.1556,10.1556,0.5416,-0.36367,130.029,108.501,-4.780,10.1163,-1.1395,4.5000,-1.8772,0.0000,-4.4517,15.3682,0.5000,108.5013,1.0210,7.2081,-15.6714,1.2706,6.9166,-3.4850,0.5000,12.2142,,,,0,-20.0267,17.6179,-0.7286,4.2417,,,,,,,,,,,,track
26.736,23.368,DASH,pronav,1,-3.8652,-7.3637,10.1556,10.1556,0.5416,-0.36367,129.694,108.560,-1.244,10.1074,-0.2810,4.5000,-0.4887,0.0000,-5.4378,15.0476,0.5000,108.5597,1.0240,7.5049,-15.9539,1.2650,6.9866,-3.1970,0.5000,12.7903,,,,0,-20.2352,17.8550,-1.8651,4.4070,,,,,,,,,,,,track
26.787,23.380,DASH,pronav,1,-3.8652,-7.3637,10.1556,10.1556,0.5416,-0.36367,129.658,108.498,-1.244,10.0934,-0.2810,4.5000,-0.4887,0.0000,-5.4263,15.0518,0.5000,108.4975,1.0240,7.6552,-16.0923,1.2601,7.0558,-2.9090,0.5000,13.2188,,,,0,-20.3285,18.0753,-1.8651,4.4070,,,,,,,,,,,,track
26.838,23.400,DASH,pronav,1,-3.8840,-7.6458,10.1556,10.1556,0.5416,-0.36529,129.634,108.570,-0.449,10.1175,0.0565,4.5000,-0.1762,0.0000,-5.8173,14.9050,0.5000,108.5701,1.0210,7.8449,-16.2627,1.2522,7.1243,-2.6210,0.5000,13.6814,,,,0,-20.5521,18.2975,-2.2924,4.4129,,,,,,,,,,,,track
26.888,23.432,DASH,pronav,1,-3.6771,-7.7587,10.1556,10.1556,0.5416,-0.34740,129.839,109.241,7.715,10.1379,0.3681,4.5000,3.0297,0.0000,-7.2975,14.2389,0.5000,109.2412,1.0120,8.1526,-16.5292,1.2352,7.1919,-2.3330,0.5000,14.2477,,,,0,-20.9176,18.5468,-3.9332,4.6004,,,,,,,,,,,,track
26.939,23.444,DASH,pronav,1,-3.6771,-7.7587,10.1556,10.1556,0.5416,-0.34740,129.839,109.627,7.715,10.1563,0.3681,4.5000,3.0297,0.0000,-7.3591,14.2072,0.5000,109.6270,1.0120,8.2694,-16.6273,1.2275,7.2585,-2.0450,0.5000,14.6354,,,,0,-21.1143,18.7769,-3.9332,4.6004,,,,,,,,,,,,track
26.990,23.464,DASH,pronav,1,-3.6583,-8.1160,10.1556,10.1556,0.5416,-0.34576,130.164,110.183,8.722,10.1652,0.2831,4.5000,3.4252,0.0000,-7.6455,14.0551,0.4940,110.1829,0.9940,8.4658,-16.7883,1.2132,7.3240,-1.7570,0.5000,15.0915,,,,0,-21.3558,18.9330,-4.0808,4.3576,,,,,,,,,,,,track
27.050,23.492,DASH,pronav,1,-3.6583,-8.1160,10.1556,10.1556,0.5416,-0.34576,130.431,110.619,8.722,10.1793,0.2831,4.5000,3.4252,0.0000,-7.7152,14.0170,0.4850,110.6190,0.9850,8.7044,-16.9779,1.1937,7.3884,-1.4690,0.5000,15.5800,,,,0,-21.5598,19.1509,-4.0808,4.3576,,,,,,,,,,,,track
27.094,23.500,DASH,pronav,1,-3.4326,-8.0596,10.1556,10.1556,0.5416,-0.32595,130.488,111.434,10.950,10.1745,0.1160,4.5000,4.2999,0.0000,-8.1257,13.7831,0.4850,111.4341,0.9850,8.8249,-17.0711,1.1830,7.3884,-1.4690,0.5000,15.6830,,,,0,-21.8151,19.2304,-4.2480,3.9057,,,,,,,,,,,,track
27.145,23.504,DASH,pronav,1,-3.4326,-8.0596,10.1556,10.1556,0.5416,-0.32595,130.488,111.982,10.950,10.1803,0.1160,4.5000,4.2999,0.0000,-8.2139,13.7307,0.4850,111.9815,0.9850,8.8249,-17.0711,1.1830,7.3884,-1.4690,0.5000,15.6830,,,,0,-22.0275,19.4257,-4.2480,3.9057,,,,,,,,,,,,track
27.195,23.532,DASH,pronav,1,-3.4326,-8.0596,10.1556,10.1556,0.5416,-0.32595,131.086,112.529,10.950,10.1861,0.1160,4.5000,4.2999,0.0000,-8.3016,13.6778,0.4580,112.5290,0.9580,9.1507,-17.3148,1.1521,7.4515,-1.1810,0.5000,16.2362,,,,0,-22.2399,19.6209,-4.2480,3.9057,,,,,,,,,,,,track
27.246,23.552,DASH,pronav,1,-3.4138,-8.4358,10.1556,10.1556,0.5416,-0.32428,131.187,112.842,10.030,10.1738,0.0093,4.5000,3.9389,0.0000,-8.3058,13.6753,0.4390,112.8416,0.9390,9.2747,-17.4044,1.1398,7.5132,-0.8930,0.5000,16.6174,,,,0,-22.4201,19.8025,-4.1781,3.8758,,,,,,,,,,,,track
27.298,23.564,DASH,pronav,1,-3.4138,-8.4358,10.1556,10.1556,0.5416,-0.32428,131.252,113.343,10.030,10.1742,0.0093,4.5000,3.9389,0.0000,-8.3860,13.6262,0.4250,113.3432,0.9250,9.4836,-17.5516,1.1187,7.5636,-0.6530,0.5000,17.0185,,,,0,-22.6290,19.9963,-4.1781,3.8758,,,,,,,,,,,,track
27.348,23.596,DASH,pronav,1,-3.4514,-8.4734,10.1556,10.1556,0.5416,-0.32761,131.070,113.072,5.483,10.1651,-0.0750,4.5000,2.1531,0.0000,-7.9103,13.9078,0.4040,113.0718,0.9040,9.8243,-17.7819,1.0846,7.6226,-0.3650,0.5000,17.5652,,,,0,-22.6923,20.2366,-3.7019,4.0279,,,,,,,,,,,,track
27.398,23.612,DASH,pronav,1,-3.4514,-8.4734,10.1556,10.1556,0.5416,-0.32761,130.874,113.346,5.483,10.1614,-0.0750,4.5000,2.1531,0.0000,-7.9552,13.8822,0.3900,113.3459,0.8900,9.9543,-17.8668,1.0719,7.6800,-0.0770,0.5000,17.9437,,,,0,-22.8774,20.4380,-3.7019,4.0279,,,,,,,,,,,,track
27.449,23.632,DASH,pronav,1,-3.5831,-8.5674,10.1556,10.1556,0.5416,-0.33918,130.113,112.150,-3.251,10.1566,-0.0841,4.5000,-1.2765,0.0000,-6.7981,14.4840,0.3680,112.1495,0.8680,10.1737,-18.0067,1.0513,7.6800,-0.0770,0.5000,18.1106,,,,0,-22.7362,20.7015,-2.6253,4.2329,,,,,,,,,,,,track
27.499,23.664,DASH,pronav,1,-3.7336,-8.4546,10.1556,10.1556,0.5416,-0.35230,128.706,110.254,-23.678,10.1540,-0.0560,4.5000,-9.2983,0.0000,-4.2159,15.4346,0.3330,110.2537,0.8330,10.5774,-18.2546,1.0168,7.7898,0.4990,0.5000,18.9667,,,,0,-22.5533,21.1144,-0.5688,5.5507,,,,,,,,,,,,track
27.552,23.672,DASH,pronav,1,-3.7336,-8.4546,10.1556,10.1556,0.5416,-0.35230,128.706,109.070,-23.678,10.1512,-0.0560,4.5000,-9.2983,0.0000,-4.0050,15.4907,0.3330,109.0698,0.8330,10.7144,-18.3365,1.0061,7.8420,0.7870,0.5000,19.3446,,,,0,-22.5818,21.3920,-0.5688,5.5507,,,,,,,,,,,,track
27.604,23.696,DASH,pronav,1,-3.8652,-8.3417,10.1556,10.1556,0.5416,-0.36367,127.065,107.057,-28.439,10.1520,-0.0250,4.5000,-11.1678,0.0000,-2.7492,15.7620,0.3200,107.0572,0.8200,10.9452,-18.4724,0.9893,7.8420,0.7870,0.5000,19.5140,,,,0,-22.3274,21.7206,0.3338,5.7138,,,,,,,,,,,,track
27.654,23.724,DASH,pronav,1,-4.1850,-8.2101,10.1556,10.1556,0.5416,-0.39088,124.853,104.046,-47.230,10.1532,0.0180,4.5000,-18.5473,0.0000,0.5796,15.9895,0.2900,104.0462,0.7900,11.3202,-18.6893,0.9641,7.8922,1.0750,0.5000,20.0647,,,,0,-21.9278,22.1895,2.8494,6.9173,,,,,,,,,,,,track
27.705,23.728,DASH,pronav,1,-4.1850,-8.2101,10.1556,10.1556,0.5416,-0.39088,124.853,101.685,-47.230,10.1541,0.0180,4.5000,-18.5473,0.0000,0.9771,15.9701,0.2900,101.6847,0.7900,11.3202,-18.6893,0.9641,7.8922,1.0750,0.5000,20.0647,,,,0,-21.7853,22.5353,2.8494,6.9173,,,,,,,,,,,,track
27.757,23.764,DASH,pronav,1,-4.4107,-8.0032,10.1556,10.1556,0.5416,-0.40973,121.833,98.840,-50.064,10.1553,0.0207,4.5000,-19.6603,0.0000,2.4389,15.8130,0.2610,98.8404,0.7610,11.7015,-18.9057,0.9407,7.9868,1.6510,0.5000,20.8943,,,,0,-21.3407,22.8566,3.8349,6.8369,,,,,,,,,,,,track
27.807,23.784,DASH,pronav,1,-4.4107,-8.0032,10.1556,10.1556,0.5416,-0.40973,120.226,96.337,-50.064,10.1563,0.0207,4.5000,-19.6603,0.0000,2.8456,15.7449,0.2440,96.3372,0.7440,11.8945,-19.0138,0.9298,8.0309,1.9390,0.5000,21.3104,,,,0,-21.1489,23.1984,3.8349,6.8369,,,,,,,,,,,,track
27.860,23.796,DASH,pronav,1,-4.4238,-7.6496,9.9525,9.9525,0.5416,-0.41827,119.566,94.717,-44.862,10.0549,-0.8842,4.5000,-17.6173,0.0000,3.2381,15.6689,0.2440,94.7173,0.7440,12.1382,-19.1488,0.9172,8.0309,1.9390,0.5000,21.4881,,,,0,-20.9001,23.3373,4.0217,6.1728,,,,,,,,,,,,track
27.910,23.828,DASH,pronav,1,-4.8997,-7.6458,10.1556,10.1556,0.5416,-0.44952,116.905,91.812,-52.669,10.0831,0.3964,4.5000,-20.6832,0.0000,5.4233,15.0528,0.2190,91.8117,0.7190,12.5332,-19.3635,0.8995,8.0728,2.2270,0.5000,22.0501,,,,0,-20.4461,23.7745,5.6775,7.0148,,,,,,,,,,,,track
27.960,23.844,DASH,pronav,1,-4.8997,-7.6458,10.1556,10.1556,0.5416,-0.44952,116.245,89.178,-52.669,10.1030,0.3964,4.5000,-20.6832,0.0000,5.7908,14.9153,0.2190,89.1782,0.7190,12.6829,-19.4436,0.8936,8.1500,2.8030,0.5000,22.7071,,,,0,-20.1622,24.1253,5.6775,7.0148,,,,,,,,,,,,track
28.013,23.860,DASH,pronav,1,-5.2007,-7.4201,10.1556,10.1556,0.5416,-0.47328,114.621,87.025,-49.845,10.1392,0.5412,4.5000,-19.5740,0.0000,6.2246,14.7395,0.2100,87.0246,0.7100,12.9342,-19.5761,0.8849,8.1500,2.8030,0.5000,22.8881,,,,0,-19.8403,24.3513,5.8019,6.6070,,,,,,,,,,,,track
28.066,23.860,DASH,pronav,1,-5.2007,-7.4201,10.1556,10.1556,0.5416,-0.47328,114.621,84.532,-49.845,10.1662,0.5412,4.5000,-19.5740,0.0000,6.5661,14.5906,0.2100,84.5324,0.7100,12.9342,-19.5761,0.8849,8.1500,2.8030,0.5000,22.8881,,,,0,-19.5502,24.6816,5.8019,6.6070,,,,,,,,,,,,track
28.116,23.896,DASH,pronav,1,-5.0506,-6.9491,9.9525,9.9525,0.5416,-0.46960,111.403,83.269,-42.815,10.0729,-0.4925,4.5000,-16.8133,0.0000,6.4474,14.6435,0.1910,83.2686,0.6910,13.3411,-19.7855,0.8736,8.2177,3.3790,0.5000,23.7273,,,,0,-19.3952,24.6747,5.3723,5.5346,,,,,,,,,,,,track
28.167,23.908,DASH,pronav,1,-5.0506,-6.9491,9.9525,9.9525,0.5416,-0.46960,110.436,81.128,-42.815,10.0483,-0.4925,4.5000,-16.8133,0.0000,6.7712,14.4966,0.1820,81.1279,0.6820,13.5465,-19.8887,0.8692,8.2480,3.6670,0.5000,24.1471,,,,0,-19.1266,24.9514,5.3723,5.5346,,,,,,,,,,,,track
28.218,23.928,DASH,pronav,1,-5.0509,-6.6231,9.7573,9.7573,0.5416,-0.47767,108.853,80.236,-35.416,9.8905,-1.6759,4.5000,-13.9080,0.0000,6.5145,14.6137,0.1780,80.2358,0.6780,13.8050,-20.0159,0.8647,8.2480,3.6670,0.5000,24.3289,,,,0,-19.0485,24.8627,4.7451,4.3317,,,,,,,,,,,,track
28.269,23.960,DASH,pronav,1,-5.1593,-6.4063,9.7573,9.7573,0.5416,-0.48639,106.728,78.662,-33.077,9.7820,-2.1145,4.5000,-12.9894,0.0000,6.4925,14.6235,0.1720,78.6624,0.6720,14.2220,-20.2151,0.8594,8.2757,3.9550,0.5000,24.8934,,,,0,-18.8720,25.0158,4.3452,3.9139,,,,,,,,,,,,track
28.319,23.992,DASH,pronav,1,-5.3943,-6.3882,9.7573,9.7573,0.5416,-0.50502,104.439,76.256,-41.983,9.7168,-1.3953,4.5000,-16.4865,0.0000,7.0614,14.3575,0.1670,76.2559,0.6670,14.6430,-20.4080,0.8564,8.3010,4.2430,0.5000,25.4562,,,,0,-18.6039,25.3189,4.6797,4.6199,,,,,,,,,,,,track
28.370,24.012,DASH,pronav,1,-5.5750,-6.5328,9.7573,9.7573,0.5416,-0.51910,103.090,73.752,-46.783,9.7022,-0.4134,4.5000,-18.3715,0.0000,8.2357,13.7176,0.1670,73.7525,0.6670,14.8018,-20.4785,0.8558,8.3437,4.8190,0.5000,26.1113,,,,0,-18.2778,25.3951,5.2869,3.5993,,,,,,,,,,,,track
28.421,24.036,DASH,pronav,1,-5.5750,-6.5328,9.7573,9.7573,0.5416,-0.51910,101.289,71.413,-46.783,9.6815,-0.4134,4.5000,-18.3715,0.0000,13.7521,8.1780,0.1680,71.4133,0.6680,15.2809,-20.6837,0.8557,8.3612,5.1070,0.5000,26.7052,2.8675,8.5520,0.2099,1,-5.4849,15.3612,11.5057,1.4976,0.1720,,,,,,,,,,,track
28.473,24.060,DASH,pronav,1,-5.6292,-6.6773,9.7573,9.7573,0.5416,-0.52328,100.025,69.559,-43.928,9.7091,0.0131,4.5000,-17.2504,0.0000,13.9006,7.9230,0.1690,69.5586,0.6690,15.5489,-20.7932,0.8565,8.3737,5.3470,0.5000,27.1094,,,,0,-12.7661,21.7716,-40.2300,43.2173,,,,,,,,,,,,track
28.522,24.092,DASH,pronav,1,-5.6292,-6.9484,9.7573,9.7573,0.5416,-0.52328,97.141,67.261,-45.131,9.7335,0.4363,4.5000,-17.7231,0.0000,14.0705,7.6172,0.1750,67.2607,0.6750,15.9800,-20.9610,0.8593,8.3863,5.6350,0.5000,27.6611,,,,0,-16.5282,25.3287,-51.7636,52.4162,,,,,,,,,,,,track
28.572,24.124,DASH,pronav,1,-5.6111,-7.2556,9.7573,9.7573,0.5416,-0.52189,94.112,64.607,-49.857,9.7563,0.4540,4.5000,-19.5787,0.0000,14.2492,7.2774,0.1840,64.6074,0.6840,16.4137,-21.1187,0.8639,8.3963,5.9230,0.5000,28.2076,,,,0,-18.0731,27.0783,-44.8613,46.6523,,,,,,,,,,,,track
28.623,24.148,DASH,pronav,1,-5.7141,-7.6127,9.9525,9.9525,0.5416,-0.52119,92.174,62.213,-48.683,9.8658,1.9977,4.5000,-19.1179,0.0000,14.3959,6.9826,0.1900,62.2134,0.6900,16.8489,-21.2663,0.8695,8.4080,6.4990,0.5000,29.0224,,,,0,-18.4034,27.9467,-32.2498,36.9984,,,,,,,,,,,,track
28.674,24.172,DASH,pronav,1,-5.7141,-7.6127,9.9525,9.9525,0.5416,-0.52119,89.480,59.779,-48.683,9.9656,1.9977,4.5000,-19.1179,0.0000,14.5325,6.6938,0.1940,59.7793,0.6940,17.0668,-21.3361,0.8726,8.4098,6.7870,0.5000,29.4277,,,,0,-20.0159,29.7967,-32.2498,36.9984,,,,,,,,,,,,track
28.726,24.196,DASH,pronav,1,-5.6957,-7.6680,9.9525,9.9525,0.5416,-0.51980,87.572,57.567,-47.378,10.0090,1.4998,4.5000,-18.6052,0.0000,14.6465,6.4405,0.2010,57.5674,0.7010,17.5027,-21.4674,0.8793,8.4089,7.0750,0.5000,29.9585,,,,0,-18.6081,28.9400,-22.3952,28.1674,,,,,,,,,,,,track
28.777,24.224,DASH,pronav,1,-5.9169,-7.9445,9.9525,9.9525,0.5416,-0.53638,84.631,54.549,-55.092,10.0182,0.3289,4.5000,-21.6347,0.0000,14.7883,6.1079,0.2140,54.5486,0.7140,17.7749,-21.5440,0.8834,8.4089,7.0750,0.5000,30.1151,,,,0,-17.5749,28.4598,-8.1967,15.7126,,,,,,,,,,,,track
28.826,24.256,DASH,pronav,1,-5.9538,-8.1841,9.9525,9.9525,0.5416,-0.53911,82.198,51.552,-57.975,9.9936,-0.4041,4.5000,-22.7668,0.0000,14.9150,5.7916,0.2190,51.5515,0.7190,18.2097,-21.6575,0.8898,8.3990,7.6510,0.5000,30.9094,,,,0,-16.7187,28.1202,0.1656,8.2804,,,,,,,,,,,,track
28.877,24.292,DASH,pronav,1,-5.8985,-8.2947,9.9525,9.9525,0.5416,-0.53501,79.552,48.776,-56.517,9.9629,-0.5899,4.5000,-22.1943,0.0000,15.0213,5.5101,0.2330,48.7757,0.7330,18.6429,-21.7598,0.8957,8.3900,7.9390,0.5000,31.4213,,,,0,-16.0641,27.9382,4.4235,4.3540,,,,,,,,,,,,track
28.937,24.320,DASH,pronav,1,-5.8985,-8.2947,9.9525,9.9525,0.5416,-0.53501,77.347,45.950,-56.517,9.9334,-0.5899,4.5000,-22.1943,0.0000,15.3983,4.3465,0.2410,45.9498,0.7410,19.1277,-21.8615,0.9009,8.3782,8.2270,0.5000,31.9536,6.6011,8.8432,0.2140,1,-2.3765,16.5683,11.3828,0.1956,0.1520,,,,,,,,,,,track
28.982,24.324,DASH,pronav,1,-5.8985,-8.2947,9.9525,9.9525,0.5416,-0.53501,76.733,43.124,-56.517,9.9039,-0.5899,4.5000,-22.1943,0.0000,15.4827,4.0355,0.2470,43.1239,0.7470,19.1277,-21.8615,0.9009,8.3782,8.2270,0.5000,31.9536,,,,0,-1.8073,16.5781,11.3828,0.1956,,,,,,,,,,,,track
29.033,24.332,DASH,pronav,1,-5.8985,-8.2947,9.9525,9.9525,0.5416,-0.53501,75.826,40.298,-56.517,9.8744,-0.5899,4.5000,-22.1943,0.0000,15.5577,3.7359,0.2470,40.2981,0.7470,19.2886,-21.8923,0.9022,8.3468,8.8030,0.5000,32.5897,,,,0,-1.2382,16.5879,11.3828,0.1956,,,,,,,,,,,,track
29.082,24.356,DASH,pronav,1,-5.6035,-8.6449,9.9525,9.9525,0.5416,-0.51279,74.340,41.216,-45.553,9.8987,-0.3537,4.5000,-17.8886,0.0000,15.5343,3.8320,0.2540,41.2157,0.7540,19.5558,-21.9403,0.9037,8.3468,8.8030,0.5000,32.7254,,,,0,-9.4210,23.4034,-7.6166,14.9701,,,,,,,,,,,,track
29.136,24.388,DASH,pronav,1,-5.4561,-8.8477,9.9525,9.9525,0.5416,-0.50147,71.927,41.067,-21.364,9.9168,0.2553,4.5000,-8.3898,0.0000,15.5382,3.8163,0.2640,41.0666,0.7640,19.9810,-22.0082,0.9045,8.3272,9.0910,0.5000,33.2134,,,,0,-12.9773,26.6124,-27.6633,30.5032,,,,,,,,,,,,track
29.185,24.424,DASH,pronav,1,-5.1059,-8.8477,9.9525,9.9525,0.5416,-0.47401,68.841,40.840,-11.417,9.9410,0.4588,4.5000,-4.4833,0.0000,15.5440,3.7926,0.2700,40.8401,0.7700,20.4028,-22.0654,0.9027,8.3049,9.3790,0.5000,33.6938,,,,0,-14.7113,28.3421,-29.9669,31.8464,,,,,,,,,,,,track
29.236,24.456,DASH,pronav,1,-4.7741,-8.8477,9.9525,9.9525,0.5416,-0.44726,66.743,40.693,-6.373,9.9582,0.3565,4.5000,-2.5028,0.0000,15.5478,3.7771,0.2720,40.6930,0.7720,20.8728,-22.1176,0.8971,8.2528,9.9550,0.5000,34.4685,,,,0,-15.4223,29.2651,-24.7601,27.4202,,,,,,,,,,,,track
29.286,24.476,DASH,pronav,1,-4.4054,-8.8477,9.9525,9.9525,0.5416,-0.41672,65.286,40.892,-0.236,9.9643,0.1471,4.5000,-0.0926,0.0000,15.5427,3.7980,0.2720,40.8920,0.7720,21.0283,-22.1322,0.8943,8.2229,10.2430,0.5000,34.8179,,,,0,-15.6227,29.5688,-17.9258,20.3898,,,,,,,,,,,,track
29.339,24.504,DASH,pronav,1,-4.1474,-8.8477,9.9525,9.9525,0.5416,-0.39483,63.861,41.060,1.830,9.9620,-0.0181,4.5000,0.7186,0.0000,15.5384,3.8156,0.2720,41.0597,0.7720,21.4402,-22.1639,0.8848,8.1907,10.5310,0.5000,35.2797,,,,0,-15.5582,29.7811,-11.7819,15.2282,,,,,,,,,,,,track
29.391,24.524,DASH,pronav,1,-4.1474,-8.8477,9.9525,9.9525,0.5416,-0.39483,62.470,41.151,1.830,9.9611,-0.0181,4.5000,0.7186,0.0000,15.5360,3.8252,0.2690,41.1512,0.7690,21.6953,-22.1785,0.8774,8.1560,10.8190,0.5000,35.6692,,,,0,-16.1472,30.5425,-11.7819,15.2282,,,,,,,,,,,,track
29.441,24.556,DASH,pronav,1,-3.7971,-8.8477,9.9525,9.9525,0.5416,-0.36448,59.792,40.076,-4.990,9.9564,-0.0521,4.5000,-1.9597,0.0000,15.5633,3.7128,0.2610,40.0755,0.7610,22.0997,-22.1931,0.8634,8.1189,11.1070,0.5000,36.1177,,,,0,-15.4774,30.3595,-7.6947,12.1624,,,,,,,,,,,,track
29.492,24.588,DASH,pronav,1,-3.7971,-8.8477,9.9525,9.9525,0.5416,-0.36448,57.735,39.826,-4.990,9.9538,-0.0521,4.5000,-1.9597,0.0000,15.5694,3.6870,0.2480,39.8260,0.7480,22.5486,-22.1964,0.8449,8.0863,11.3470,0.5000,36.5300,,,,0,-15.8621,30.9677,-7.6947,12.1624,,,,,,,,,,,,track
29.542,24.608,DASH,pronav,1,-3.2442,-8.8108,9.9525,9.9525,0.5416,-0.31510,56.478,39.000,-8.412,9.9518,-0.0462,4.5000,-3.3034,0.0000,3.4313,15.6277,0.2420,39.0004,0.7420,22.6967,-22.1944,0.8383,8.0017,11.9230,0.5000,37.1490,,,,0,-15.2297,30.7191,-4.3385,9.3358,,,,,,,,,,,,track
29.594,24.620,DASH,pronav,1,-3.2442,-8.8108,9.9525,9.9525,0.5416,-0.31510,55.979,38.580,-8.412,9.9495,-0.0462,4.5000,-3.3034,0.0000,3.5234,15.6072,0.2420,38.5798,0.7420,22.9419,-22.1872,0.8268,8.0017,11.9230,0.5000,37.2401,,,,0,-15.4466,31.1859,-4.3385,9.3358,,,,,,,,,,,,track
29.645,24.652,DASH,pronav,1,-2.9861,-8.7371,9.9525,9.9525,0.5416,-0.29149,53.826,37.642,-11.449,9.9498,-0.0229,4.5000,-4.4962,0.0000,7.1280,14.3245,0.2240,37.6422,0.7240,23.3302,-22.1673,0.8069,7.9085,12.4990,0.5000,37.9430,,,,0,-14.8585,31.0925,-1.7110,7.5073,,,,,,,,,,,,track
29.695,24.684,DASH,pronav,1,-2.8202,-8.7740,9.9525,9.9525,0.5416,-0.27613,53.582,37.415,-7.399,9.9506,0.0104,4.5000,-2.9055,0.0000,10.1701,12.3519,0.2110,37.4152,0.7110,23.7150,-22.1414,0.7815,7.8589,12.7870,0.5000,38.3600,,,,0,-14.6110,31.0711,0.4587,4.9229,,,,,,,,,,,,track
29.746,24.688,DASH,pronav,1,-2.8202,-8.7740,9.9525,9.9525,0.5416,-0.27613,53.657,37.045,-7.399,9.9511,0.0104,4.5000,-2.9055,0.0000,10.2326,12.3002,0.2000,37.0452,0.7000,23.7150,-22.1414,0.7815,7.8589,12.7870,0.5000,38.3600,,,,0,-14.5880,31.3173,0.4587,4.9229,,,,,,,,,,,,track
29.797,24.720,DASH,pronav,1,-2.7465,-8.8477,9.9525,9.9525,0.5416,-0.26926,53.885,37.566,-2.152,9.9521,0.0142,4.5000,-0.8451,0.0000,10.2852,12.2562,0.1830,37.5664,0.6830,24.1434,-22.1020,0.7499,7.7540,13.3630,0.5000,39.0697,,,,0,-14.4268,31.6011,0.9113,5.0461,,,,,,,,,,,,track
29.848,24.732,DASH,pronav,1,-2.7465,-8.8477,9.9525,9.9525,0.5416,-0.26926,53.763,37.459,-2.152,9.9528,0.0142,4.5000,-0.8451,0.0000,10.3026,12.2416,0.1720,37.4588,0.6720,24.2852,-22.0857,0.7394,7.7540,13.3630,0.5000,39.1146,,,,0,-14.3812,31.8534,0.9113,5.0461,,,,,,,,,,,,track
29.899,24.752,DASH,pronav,1,-2.6543,-8.8477,9.9525,9.9525,0.5416,-0.26063,53.387,37.902,1.121,9.9530,0.0098,4.5000,0.4401,0.0000,10.4601,12.1073,0.1530,37.9023,0.6530,24.5208,-22.0551,0.7220,7.6988,13.6510,0.5000,39.4710,,,,0,-14.2872,32.0303,1.0711,4.7975,,,,,,,,,,,,track
29.950,24.752,DASH,pronav,1,-2.6543,-8.8477,9.9525,9.9525,0.5416,-0.26063,53.387,37.958,1.121,9.9535,0.0098,4.5000,0.4401,0.0000,10.4511,12.1150,0.1530,37.9583,0.6530,24.5208,-22.0551,0.7220,7.6988,13.6510,0.5000,39.4710,,,,0,-14.2336,32.2702,1.0711,4.7975,,,,,,,,,,,,track
29.999,24.784,DASH,pronav,1,-2.5806,-8.8477,9.9525,9.9525,0.5416,-0.25370,52.481,37.980,0.916,9.9532,0.0032,4.5000,0.3598,0.0000,10.7246,11.8736,0.1230,37.9798,0.6230,24.8964,-21.9971,0.6952,7.6419,13.9390,0.5000,39.8642,,,,0,-14.1244,32.4135,1.2541,4.4798,,,,,,,,,,,,track
30.051,24.784,DASH,pronav,1,-2.5806,-8.8477,9.9525,9.9525,0.5416,-0.25370,52.481,38.026,0.916,9.9534,0.0032,4.5000,0.3598,0.0000,10.7174,11.8801,0.1230,38.0256,0.6230,24.8964,-21.9971,0.6952,7.6419,13.9390,0.5000,39.8642,,,,0,-14.0617,32.6375,1.2541,4.4798,,,,,,,,,,,,track
30.101,24.820,DASH,pronav,1,-2.5068,-8.8477,9.9525,9.9525,0.5416,-0.24675,51.407,37.670,-1.472,9.9530,-0.0015,4.5000,-0.5779,0.0000,11.1477,11.4773,0.1100,37.6704,0.6100,25.2710,-21.9280,0.6701,7.5234,14.5150,0.5000,40.5352,,,,0,-13.9477,32.7072,1.4237,3.9698,,,,,,,,,,,,track
30.151,24.844,DASH,pronav,0,,,,,,,50.493,37.597,-1.472,9.9529,-0.0015,4.5000,-0.5779,0.0000,11.1591,11.4662,0.0920,37.5968,0.5920,25.4582,-21.8895,0.6581,7.5234,14.5150,0.5000,40.5829,,,,0,-13.8766,32.9057,1.4237,3.9698,,,,,,,,,,,,
30.202,24.852,DASH,pronav,0,,,,,,,49.502,37.523,-1.472,9.9529,-0.0015,4.5000,-0.5779,0.0000,11.1705,11.4551,0.0810,37.5232,0.5810,25.6924,-21.8377,0.6438,7.4618,14.8030,0.5000,40.9257,,,,0,-13.8054,33.1042,1.4237,3.9698,,,,,,,,,,,,
30.255,24.884,DASH,pronav,0,,,,,,,47.809,37.450,-1.472,9.9528,-0.0015,4.5000,-0.5779,0.0000,11.1820,11.4439,0.0530,37.4496,0.5530,26.0676,-21.7468,0.6222,7.3990,15.0910,0.5000,41.2984,,,,0,-13.7342,33.3027,1.4237,3.9698,,,,,,,,,,,,
30.307,24.896,DASH,pronav,0,,,,,,,47.370,37.376,-1.472,9.9527,-0.0015,4.5000,-0.5779,0.0000,11.1934,11.4328,0.0530,37.3760,0.5530,26.2086,-21.7102,0.6144,7.3348,15.3790,0.5000,41.6154,,,,0,-13.6630,33.5012,1.4237,3.9698,,,,,,,,,,,,
30.357,24.916,DASH,pronav,0,,,,,,,46.274,37.302,-1.472,9.9526,-0.0015,4.5000,-0.5779,0.0000,15.9021,1.7672,0.0370,37.3025,0.5370,26.4440,-21.6464,0.6021,7.2695,15.6670,0.5000,41.9519,13.9635,7.9331,0.2003,1,2.9414,18.2397,12.2345,-1.0270,0.1440,,,,,,,,,,,
30.407,24.944,DASH,pronav,0,,,,,,,44.550,37.229,-1.472,9.9526,-0.0015,4.5000,-0.5779,0.0000,15.9029,1.7603,0.0120,37.2289,0.5120,26.8218,-21.5368,0.5834,7.2031,15.9550,0.5000,42.3147,,,,0,3.5531,18.1884,12.2345,-1.0270,,,,,,,,,,,,
30.458,24.952,DASH,pronav,0,,,,,,,44.108,37.155,-1.472,9.9525,-0.0015,4.5000,-0.5779,0.0000,15.9036,1.7534,0.0120,37.1553,0.5120,26.8218,-21.5368,0.5834,7.2031,15.9550,0.5000,42.3147,,,,0,4.1648,18.1370,12.2345,-1.0270,,,,,,,,,,,,
30.509,24.984,DASH,pronav,0,,,,,,,41.972,37.082,-1.472,9.9524,-0.0015,4.5000,-0.5779,0.0000,15.3343,-4.5673,-0.0130,-27.1839,0.4870,27.2488,-21.4030,0.5637,7.1356,16.2430,0.5000,42.6822,15.1469,7.7989,0.2255,1,10.9988,11.9136,12.6672,-2.0398,0.1200,,,,,,,,,,,
30.560,24.996,DASH,pronav,0,,,,,,,41.371,37.008,-1.472,9.9523,-0.0015,4.5000,-0.5779,0.0000,15.3386,-4.5526,-0.0130,-26.8741,0.4870,27.3916,-21.3561,0.5574,7.0673,16.5310,0.5000,42.9944,,,,0,11.6321,11.8116,12.6672,-2.0398,,,,,,,,,,,,
30.610,25.016,DASH,pronav,0,,,,,,,39.883,36.935,-1.472,9.9523,-0.0015,4.5000,-0.5779,0.0000,15.3227,-4.6061,-0.0240,-27.1739,0.4760,27.6299,-21.2757,0.5469,7.0673,16.5310,0.5000,43.0368,,,,0,12.2655,11.7096,12.6672,-2.0398,,,,,,,,,,,,
30.661,25.048,DASH,pronav,0,,,,,,,37.496,36.861,-1.472,9.9522,-0.0015,4.5000,-0.5779,0.0000,15.3271,-4.5914,-0.0510,-26.8744,0.4490,28.0115,-21.1405,0.5310,6.8697,17.3470,0.5000,43.9120,,,,0,12.8988,11.6077,12.6672,-2.0398,,,,,,,,,,,,
30.711,25.048,DASH,pronav,0,,,,,,,37.496,36.787,-1.472,9.9521,-0.0015,4.5000,-0.5779,0.0000,15.3111,-4.6445,-0.0510,-27.1716,0.4490,28.0115,-21.1405,0.5310,6.8697,17.3470,0.5000,43.9120,,,,0,13.5322,11.5057,12.6672,-2.0398,,,,,,,,,,,,
30.762,25.084,DASH,pronav,0,,,,,,,34.361,36.714,-1.472,9.9520,-0.0015,4.5000,-0.5779,0.0000,15.2949,-4.6975,-0.0760,-27.4666,0.4240,28.3925,-20.9969,0.5173,6.7988,17.6350,0.5000,44.2574,,,,0,14.1656,11.4037,12.6672,-2.0398,,,,,,,,,,,,
30.821,25.084,DASH,pronav,0,,,,,,,34.361,36.640,-1.472,9.9520,-0.0015,4.5000,-0.5779,0.0000,15.2995,-4.6825,-0.0760,-27.1766,0.4240,28.3925,-20.9969,0.5173,6.7988,17.6350,0.5000,44.2574,,,,0,14.7989,11.3017,12.6672,-2.0398,,,,,,,,,,,,
30.866,25.116,DASH,pronav,0,,,,,,,32.098,36.567,-1.472,9.9519,-0.0015,4.5000,-0.5779,0.0000,15.1137,-5.2513,-0.0900,-29.3241,0.4100,28.8189,-20.8265,0.5031,6.7275,17.9230,0.5000,44.6044,16.3684,7.3974,0.1823,1,15.9940,8.9183,12.4049,-2.3477,0.1440,,,,,,,,,,,
30.923,25.116,DASH,pronav,0,,,,,,,32.098,36.493,-1.472,9.9518,-0.0015,4.5000,-0.5779,0.0000,15.0960,-5.3019,-0.0900,-29.5960,0.4100,28.8189,-20.8265,0.5031,6.7275,17.9230,0.5000,44.6044,,,,0,16.6142,8.8010,12.4049,-2.3477,,,,,,,,,,,,
30.974,25.148,DASH,pronav,0,,,,,,,29.420,36.420,-1.472,9.9517,-0.0015,4.5000,-0.5779,0.0000,15.0783,-5.3522,-0.1120,-29.8635,0.3880,29.1948,-20.6684,0.4901,6.5840,18.4990,0.5000,45.2253,,,,0,17.2345,8.6836,12.4049,-2.3477,,,,,,,,,,,,
31.025,25.160,DASH,pronav,0,,,,,,,28.734,36.346,-1.472,9.9517,-0.0015,4.5000,-0.5779,0.0000,15.0838,-5.3365,-0.1120,-29.5929,0.3880,29.3348,-20.6076,0.4850,6.5840,18.4990,0.5000,45.2429,,,,0,17.8547,8.5662,12.4049,-2.3477,,,,,,,,,,,,
31.075,25.180,DASH,pronav,0,,,,,,,26.990,36.272,-1.472,9.9516,-0.0015,4.5000,-0.5779,0.0000,15.0893,-5.3210,-0.1220,-29.3296,0.3780,29.5670,-20.5045,0.4763,6.5120,18.7870,0.5000,45.5561,,,,0,18.4749,8.4488,12.4049,-2.3477,,,,,,,,,,,,
31.126,25.212,DASH,pronav,0,,,,,,,24.121,36.199,-1.472,9.9515,-0.0015,4.5000,-0.5779,0.0000,14.6444,-6.4452,-0.1450,-31.1191,0.3550,29.9350,-20.3354,0.4612,6.4400,19.0750,0.5000,45.8824,17.2941,7.2793,0.1824,1,18.0145,7.7002,11.4729,-3.4936,0.1440,,,,,,,,,,,
31.178,25.216,DASH,pronav,0,,,,,,,23.390,36.125,-1.472,9.9514,-0.0015,4.5000,-0.5779,0.0000,14.6209,-6.4984,-0.1450,-31.4509,0.3550,29.9350,-20.3354,0.4612,6.4400,19.0750,0.5000,45.8824,,,,0,18.5882,7.5255,11.4729,-3.4936,,,,,,,,,,,,
31.227,25.248,DASH,pronav,0,,,,,,,20.421,36.052,-1.472,9.9514,-0.0015,4.5000,-0.5779,0.0000,14.5976,-6.5505,-0.1710,-31.7729,0.3290,30.3433,-20.1394,0.4426,6.2964,19.6510,0.5000,46.4922,,,,0,19.1618,7.3508,11.4729,-3.4936,,,,,,,,,,,,
31.278,25.268,DASH,pronav,0,,,,,,,18.517,35.978,-1.472,9.9513,-0.0015,4.5000,-0.5779,0.0000,14.6029,-6.5387,-0.1870,-31.5825,0.3130,30.4779,-20.0727,0.4360,6.2964,19.6510,0.5000,46.5051,,,,0,19.7355,7.1761,11.4729,-3.4936,,,,,,,,,,,,
31.330,25.280,DASH,pronav,0,,,,,,,17.744,35.904,-1.472,9.9512,-0.0015,4.5000,-0.5779,0.0000,14.6081,-6.5271,-0.1870,-31.3968,0.3130,30.7005,-19.9602,0.4247,6.2250,19.9390,0.5000,46.8082,,,,0,20.3091,7.0015,11.4729,-3.4936,,,,,,,,,,,,
31.381,25.312,DASH,pronav,0,,,,,,,13.788,35.831,-1.472,9.9511,-0.0015,4.5000,-0.5779,0.0000,14.5854,-6.5777,-0.2150,-31.7055,0.2850,31.0520,-19.7769,0.4056,6.1539,20.2270,0.5000,47.1194,,,,0,20.8828,6.8268,11.4729,-3.4936,,,,,,,,,,,,
31.432,25.328,DASH,pronav,0,,,,,,,12.577,35.757,-1.472,9.9511,-0.0015,4.5000,-0.5779,0.0000,14.5630,-6.6271,-0.2270,-32.0035,0.2730,31.1823,-19.7071,0.3981,6.0834,20.5150,0.5000,47.4108,,,,0,21.4564,6.6521,11.4729,-3.4936,,,,,,,,,,,,
31.483,25.348,DASH,pronav,0,,,,,,,10.536,35.684,-1.472,9.9510,-0.0015,4.5000,-0.5779,0.0000,14.6010,-6.5430,-0.2460,-33.3489,0.2540,31.3976,-19.5897,0.3852,6.0134,20.8030,0.5000,47.7068,18.4767,7.0271,0.2402,1,19.8981,6.8073,11.2504,-2.9993,0.1800,,,,,,,,,,,
31.535,25.380,DASH,pronav,0,,,,,,,7.626,35.610,-1.472,9.9509,-0.0015,4.5000,-0.5779,0.0000,14.5844,-6.5799,-0.2590,-33.4189,0.2410,31.7791,-19.3749,0.3612,5.9442,21.0910,0.5000,48.0099,19.6575,6.7050,0.2339,1,19.9787,6.6859,11.4764,-3.1438,0.1080,,,,,,,,,,,
31.585,25.388,DASH,pronav,0,,,,,,,6.361,35.537,-1.472,9.9508,-0.0015,4.5000,-0.5779,0.0000,14.5565,-6.6415,-0.2780,-33.7934,0.2220,31.9044,-19.3024,0.3531,5.8757,21.3790,0.5000,48.2959,,,,0,20.5525,6.5287,11.4764,-3.1438,,,,,,,,,,,,
31.637,25.412,DASH,pronav,0,,,,,,,3.376,35.463,-1.472,9.9508,-0.0015,4.5000,-0.5779,0.0000,14.5632,-6.6267,-0.2910,-33.5676,0.2090,32.0702,-19.2049,0.3422,5.8757,21.3790,0.5000,48.3035,,,,0,21.1264,6.3716,11.4764,-3.1438,,,,,,,,,,,,
31.687,25.412,DASH,pronav,0,,,,,,,3.376,35.389,-1.472,9.9507,-0.0015,4.5000,-0.5779,0.0000,14.5698,-6.6122,-0.2910,-33.3471,0.2090,32.0702,-19.2049,0.3422,5.8757,21.3790,0.5000,48.3035,,,,0,21.7002,6.2144,11.4764,-3.1438,,,,,,,,,,,,
31.738,25.440,DASH,pronav,0,,,,,,,1.220,35.316,-1.472,9.9506,-0.0015,4.5000,-0.5779,0.0000,14.5495,-6.6567,-0.3110,-33.5886,0.1890,32.3968,-19.0076,0.3207,5.8081,21.6670,0.5000,48.5944,,,,0,22.2740,6.0572,11.4764,-3.1438,,,,,,,,,,,,
31.789,25.444,DASH,pronav,0,,,,,,,-0.080,35.242,-1.472,9.9505,-0.0015,4.5000,-0.5779,0.0000,14.5562,-6.6422,-0.3240,-33.3729,0.1760,32.3968,-19.0076,0.3207,5.8081,21.6670,0.5000,48.5944,,,,0,22.8478,5.9000,11.4764,-3.1438,,,,,,,,,,,,
31.841,25.480,DASH,pronav,0,,,,,,,-3.110,35.169,-1.472,9.9505,-0.0015,4.5000,-0.5779,0.0000,14.5719,-6.6075,-0.3430,-34.2332,0.1570,32.7564,-18.7818,0.2980,5.6760,22.2430,0.5000,49.1571,20.8303,6.3965,0.1592,1,21.8668,6.1350,13.3666,-3.7816,0.1080,,,,,,,,,,,
31.891,25.508,DASH,pronav,0,,,,,,,-6.525,35.095,-1.472,9.9504,-0.0015,4.5000,-0.5779,0.0000,14.5546,-6.6456,-0.3730,-34.4214,0.1270,33.1074,-18.5521,0.2780,5.6116,22.5310,0.5000,49.4357,,,,0,22.5352,5.9459,13.3666,-3.7816,,,,,,,,,,,,
31.941,25.512,DASH,pronav,0,,,,,,,-7.366,35.021,-1.472,9.9503,-0.0015,4.5000,-0.5779,0.0000,14.5613,-6.6309,-0.3730,-34.1667,0.1270,33.1074,-18.5521,0.2780,5.6116,22.5310,0.5000,49.4357,,,,0,23.2035,5.7568,13.3666,-3.7816,,,,,,,,,,,,
31.992,25.544,DASH,pronav,0,,,,,,,-10.644,34.948,-1.472,9.9502,-0.0015,4.5000,-0.5779,0.0000,14.5446,-6.6675,-0.3970,-34.3452,0.1030,33.4123,-18.3446,0.2635,5.4868,23.1070,0.5000,49.9812,,,,0,23.8718,5.5678,13.3666,-3.7816,,,,,,,,,,,,
32.043,25.564,DASH,pronav,0,,,,,,,-11.440,34.874,-1.472,9.9502,-0.0015,4.5000,-0.5779,0.0000,14.5283,-6.7028,-0.3970,-34.5134,0.1030,33.5249,-18.2660,0.2590,5.4364,23.3470,0.5000,50.2062,,,,0,24.5402,5.3787,13.3666,-3.7816,,,,,,,,,,,,
32.097,25.576,DASH,pronav,0,,,,,,,-13.380,34.801,-1.472,9.9501,-0.0015,4.5000,-0.5779,0.0000,14.5352,-6.6880,-0.4040,-34.2670,0.0960,33.7107,-18.1341,0.2525,5.4364,23.3470,0.5000,50.2014,,,,0,25.2085,5.1896,13.3666,-3.7816,,,,,,,,,,,,
32.149,25.612,DASH,pronav,0,,,,,,,-17.031,34.727,-1.472,9.9500,-0.0015,4.5000,-0.5779,0.0000,14.3894,-6.9961,-0.4180,-35.2329,0.0820,34.0032,-17.9209,0.2445,5.3774,23.6350,0.5000,50.4618,22.3958,6.1375,-0.0084,1,23.7882,5.6827,12.4564,-3.7932,0.1440,,,,,,,,,,,
32.199,25.628,DASH,pronav,0,,,,,,,-18.066,34.654,-1.472,9.9499,-0.0015,4.5000,-0.5779,0.0000,14.3722,-7.0313,-0.4230,-35.4079,0.0770,34.1473,-17.8134,0.2414,5.2642,24.2110,0.5000,50.9936,,,,0,24.4110,5.4930,12.4564,-3.7932,,,,,,,,,,,,
32.251,25.644,DASH,pronav,0,,,,,,,-19.727,34.580,-1.472,9.9499,-0.0015,4.5000,-0.5779,0.0000,14.3793,-7.0168,-0.4260,-35.1787,0.0740,34.3255,-17.6780,0.2384,5.2642,24.2110,0.5000,50.9835,,,,0,25.0338,5.3034,12.4564,-3.7932,,,,,,,,,,,,
32.302,25.676,DASH,pronav,0,,,,,,,-21.931,34.506,-1.472,9.9498,-0.0015,4.5000,-0.5779,0.0000,14.4745,-6.8183,-0.4270,-35.8059,0.0730,34.6063,-17.4593,0.2354,5.1580,24.7870,0.5000,51.4978,23.6276,5.7156,0.3302,1,24.4392,5.4748,11.4768,-2.8204,0.1120,,,,,,,,,,,
32.352,25.692,DASH,pronav,0,,,,,,,-22.835,34.433,-1.472,9.9497,-0.0015,4.5000,-0.5779,0.0000,14.4589,-6.8514,-0.4270,-35.9503,0.0730,34.7102,-17.3767,0.2348,5.1580,24.7870,0.5000,51.4895,,,,0,25.0131,5.3338,11.4768,-2.8204,,,,,,,,,,,,
32.402,25.708,DASH,pronav,0,,,,,,,-24.286,34.359,-1.472,9.9496,-0.0015,4.5000,-0.5779,0.0000,14.4672,-6.8338,-0.4250,-35.7050,0.0750,34.8816,-17.2380,0.2344,5.1078,25.0750,0.5000,51.7392,,,,0,25.5869,5.1928,11.4768,-2.8204,,,,,,,,,,,,
32.453,25.744,DASH,pronav,0,,,,,,,-26.197,34.286,-1.472,9.9496,-0.0015,4.5000,-0.5779,0.0000,14.4521,-6.8657,-0.4220,-35.8428,0.0780,35.1517,-17.0141,0.2350,5.0595,25.3630,0.5000,51.9752,,,,0,26.1608,5.0518,11.4768,-2.8204,,,,,,,,,,,,
32.504,25.748,DASH,pronav,0,,,,,,,-26.973,34.212,-1.472,9.9495,-0.0015,4.5000,-0.5779,0.0000,14.4374,-6.8965,-0.4180,-35.9736,0.0820,35.2846,-16.9011,0.2358,5.0132,25.6510,0.5000,52.2217,,,,0,26.7346,4.9107,11.4768,-2.8204,,,,,,,,,,,,
32.562,25.776,DASH,pronav,0,,,,,,,-28.691,34.139,-1.472,9.9494,-0.0015,4.5000,-0.5779,0.0000,14.6824,-6.3582,-0.4140,-36.3394,0.0860,35.4489,-16.7588,0.2374,4.9691,25.9390,0.5000,52.4613,25.0153,5.2876,0.1676,1,25.9326,5.0805,12.7674,-2.3437,0.1080,,,,,,,,,,,
32.612,25.776,DASH,pronav,0,,,,,,,-28.691,34.065,-1.472,9.9493,-0.0015,4.5000,-0.5779,0.0000,14.6915,-6.3372,-0.4140,-36.0317,0.0860,35.4489,-16.7588,0.2374,4.9691,25.9390,0.5000,52.4613,,,,0,26.5709,4.9633,12.7674,-2.3437,,,,,,,,,,,,
32.661,25.808,DASH,pronav,0,,,,,,,-30.502,33.991,-1.472,9.9493,-0.0015,4.5000,-0.5779,0.0000,14.6758,-6.3735,-0.4020,-36.1843,0.0980,35.7070,-16.5289,0.2410,4.9272,26.2270,0.5000,52.6833,,,,0,27.2093,4.8461,12.7674,-2.3437,,,,,,,,,,,,
32.712,25.808,DASH,pronav,0,,,,,,,-30.502,33.918,-1.472,9.9492,-0.0015,4.5000,-0.5779,0.0000,14.6848,-6.3526,-0.4020,-35.8845,0.0980,35.7070,-16.5289,0.2410,4.9272,26.2270,0.5000,52.6833,,,,0,27.8477,4.7289,12.7674,-2.3437,,,,,,,,,,,,
32.764,25.840,DASH,pronav,0,,,,,,,-31.949,33.844,-1.472,9.9491,-0.0015,4.5000,-0.5779,0.0000,14.6746,-6.3763,-0.3930,-35.9416,0.1070,35.9593,-16.2959,0.2457,4.8500,26.8030,0.5000,53.1542,,,,0,28.4860,4.6117,12.7674,-2.3437,,,,,,,,,,,,
32.815,25.864,DASH,pronav,0,,,,,,,-32.904,33.771,-1.472,9.9490,-0.0015,4.5000,-0.5779,0.0000,14.6647,-6.3990,-0.3870,-35.9933,0.1130,36.2055,-16.0598,0.2512,4.8149,27.0910,0.5000,53.3612,,,,0,29.1244,4.4945,12.7674,-2.3437,,,,,,,,,,,,
32.867,25.876,DASH,pronav,0,,,,,,,-33.802,33.697,-1.472,9.9490,-0.0015,4.5000,-0.5779,0.0000,14.6737,-6.3783,-0.3770,-35.7045,0.1230,36.2055,-16.0598,0.2512,4.8149,27.0910,0.5000,53.3612,,,,0,29.7628,4.3773,12.7674,-2.3437,,,,,,,,,,,,
32.919,25.908,DASH,pronav,0,,,,,,,-35.120,33.623,-1.472,9.9489,-0.0015,4.5000,-0.5779,0.0000,14.6642,-6.4001,-0.3590,-35.7531,0.1410,36.4749,-15.7901,0.2586,4.7823,27.3790,0.5000,53.5542,,,,0,30.4012,4.2602,12.7674,-2.3437,,,,,,,,,,,,
32.969,25.920,DASH,pronav,0,,,,,,,-35.427,33.550,-1.472,9.9488,-0.0015,4.5000,-0.5779,0.0000,14.6551,-6.4208,-0.3590,-35.7966,0.1410,36.5628,-15.6993,0.2613,4.7520,27.6670,0.5000,53.7831,,,,0,31.0395,4.1430,12.7674,-2.3437,,,,,,,,,,,,
33.020,25.940,DASH,pronav,0,,,,,,,-36.155,33.476,-1.472,9.9487,-0.0015,4.5000,-0.5779,0.0000,14.5409,-6.6756,-0.3520,-36.9011,0.1480,36.7073,-15.5467,0.2660,4.7243,27.9550,0.5000,53.9942,25.9656,5.4360,0.0198,1,28.2505,4.8719,11.7267,-2.2365,0.1680,,,,,,,,,,,
33.071,25.972,DASH,pronav,0,,,,,,,-37.208,33.403,-1.472,9.9487,-0.0015,4.5000,-0.5779,0.0000,14.8735,-5.8973,-0.3330,-37.3853,0.1670,36.9329,-15.2996,0.2739,4.6990,28.2430,0.5000,54.1759,27.2699,5.1092,0.1632,1,27.8967,4.9695,13.0705,-1.2721,0.1080,,,,,,,,,,,
33.122,25.972,DASH,pronav,0,,,,,,,-37.449,33.329,-1.472,9.9486,-0.0015,4.5000,-0.5779,0.0000,14.8839,-5.8710,-0.3330,-37.0186,0.1670,36.9329,-15.2996,0.2739,4.6990,28.2430,0.5000,54.1759,,,,0,28.5502,4.9059,13.0705,-1.2721,,,,,,,,,,,,
33.173,26.008,DASH,pronav,0,,,,,,,-38.335,33.256,-1.472,9.9485,-0.0015,4.5000,-0.5779,0.0000,14.8742,-5.8955,-0.3130,-37.0704,0.1870,37.1514,-15.0486,0.2825,4.6763,28.5310,0.5000,54.3494,,,,0,29.2037,4.8423,13.0705,-1.2721,,,,,,,,,,,,
33.223,26.032,DASH,pronav,0,,,,,,,-38.817,33.182,-1.472,9.9484,-0.0015,4.5000,-0.5779,0.0000,14.8690,-5.9087,-0.3010,-37.0347,0.1990,37.2579,-14.9217,0.2870,4.6563,28.8190,0.5000,54.5542,,,,0,29.8573,4.7787,13.0705,-1.2721,,,,,,,,,,,,
33.275,26.040,DASH,pronav,0,,,,,,,-38.993,33.108,-1.472,9.9484,-0.0015,4.5000,-0.5779,0.0000,14.8793,-5.8827,-0.3010,-36.6813,0.1990,37.3885,-14.7616,0.2927,4.6388,29.1070,0.5000,54.7452,,,,0,30.5108,4.7151,13.0705,-1.2721,,,,,,,,,,,,
33.324,26.072,DASH,pronav,0,,,,,,,-39.742,33.035,-1.472,9.9483,-0.0015,4.5000,-0.5779,0.0000,14.8744,-5.8950,-0.2820,-36.6452,0.2180,37.5915,-14.5020,0.3020,4.6263,29.3470,0.5000,54.8588,,,,0,31.1643,4.6515,13.0705,-1.2721,,,,,,,,,,,,
33.375,26.076,DASH,pronav,0,,,,,,,-39.742,32.961,-1.472,9.9482,-0.0015,4.5000,-0.5779,0.0000,14.8846,-5.8694,-0.2820,-36.3021,0.2180,37.6656,-14.4036,0.3056,4.6137,29.6350,0.5000,55.0624,,,,0,31.8178,4.5879,13.0705,-1.2721,,,,,,,,,,,,
33.427,26.104,DASH,pronav,0,,,,,,,-40.201,32.888,-1.472,9.9481,-0.0015,4.5000,-0.5779,0.0000,14.4323,-6.9071,-0.2620,-37.6463,0.2380,37.7867,-14.2382,0.3117,4.6037,29.9230,0.5000,55.2391,27.8779,5.1723,0.2721,1,29.7153,4.9131,10.2303,-1.7294,0.1400,,,,,,,,,,,
33.479,26.132,DASH,pronav,0,,,,,,,-40.428,32.814,-1.472,9.9481,-0.0015,4.5000,-0.5779,0.0000,14.4231,-6.9264,-0.2540,-37.7019,0.2460,37.9740,-13.9698,0.3218,4.5965,30.2110,0.5000,55.3718,,,,0,30.2268,4.8267,10.2303,-1.7294,,,,,,,,,,,,
33.530,26.140,DASH,pronav,0,,,,,,,-40.505,32.741,-1.472,9.9480,-0.0015,4.5000,-0.5779,0.0000,15.0188,-5.5169,-0.2540,-37.7215,0.2460,37.9740,-13.9698,0.3218,4.5965,30.2110,0.5000,55.3718,29.4301,5.1970,0.0238,1,29.9534,5.0143,12.2993,-0.1284,0.0760,,,,,,,,,,,
33.583,26.144,DASH,pronav,0,,,,,,,-40.505,32.667,-1.472,9.9479,-0.0015,4.5000,-0.5779,0.0000,15.0302,-5.4857,-0.2540,-37.3359,0.2460,37.9740,-13.9698,0.3218,4.5965,30.2110,0.5000,55.3718,,,,0,30.5684,5.0079,12.2993,-0.1284,,,,,,,,,,,,
33.633,26.172,DASH,pronav,0,,,,,,,-40.794,32.593,-1.472,9.9478,-0.0015,4.5000,-0.5779,0.0000,15.0281,-5.4916,-0.2350,-37.2582,0.2650,38.1532,-13.6968,0.3323,4.5920,30.4990,0.5000,55.4946,,,,0,31.1833,5.0014,12.2993,-0.1284,,,,,,,,,,,,
33.683,26.192,DASH,pronav,0,,,,,,,-40.848,32.520,-1.472,9.9478,-0.0015,4.5000,-0.5779,0.0000,15.0231,-5.5052,-0.2240,-37.2505,0.2760,38.2398,-13.5584,0.3377,4.5902,30.7870,0.5000,55.6672,,,,0,31.7983,4.9950,12.2993,-0.1284,,,,,,,,,,,,
33.738,26.204,DASH,pronav,0,,,,,,,-40.894,32.446,-1.472,9.9477,-0.0015,4.5000,-0.5779,0.0000,15.0343,-5.4744,-0.2160,-36.8772,0.2840,38.3451,-13.3838,0.3445,4.5902,30.7870,0.5000,55.5921,,,,0,32.4133,4.9886,12.2993,-0.1284,,,,,,,,,,,,
33.788,26.236,DASH,pronav,0,,,,,,,-40.874,32.373,-1.472,9.9476,-0.0015,4.5000,-0.5779,0.0000,15.0330,-5.4780,-0.2050,-36.7945,0.2950,38.5069,-13.1005,0.3554,4.5947,31.3630,0.5000,55.9201,,,,0,33.0282,4.9822,12.2993,-0.1284,,,,,,,,,,,,
33.839,26.252,DASH,pronav,0,,,,,,,-40.813,32.299,-1.472,9.9475,-0.0015,4.5000,-0.5779,0.0000,15.0321,-5.4806,-0.1970,-36.7086,0.3030,38.5654,-12.9930,0.3596,4.6010,31.6510,0.5000,56.0953,,,,0,33.6432,4.9758,12.2993,-0.1284,,,,,,,,,,,,
33.896,26.272,DASH,pronav,0,,,,,,,-40.718,32.225,-1.472,9.9475,-0.0015,4.5000,-0.5779,0.0000,15.0431,-5.4504,-0.1860,-36.3477,0.3140,38.6601,-12.8122,0.3668,4.6010,31.6510,0.5000,56.0091,,,,0,34.2582,4.9694,12.2993,-0.1284,,,,,,,,,,,,
33.941,26.304,DASH,pronav,0,,,,,,,-40.496,32.152,-1.472,9.9474,-0.0015,4.5000,-0.5779,0.0000,15.1276,-5.2110,-0.1680,-37.7468,0.3320,38.8221,-12.4815,0.3801,4.6218,32.2270,0.5000,56.2897,30.6144,5.0981,0.3750,1,32.3179,5.0440,12.0142,0.6003,0.1400,,,,,,,,,,,
33.991,26.312,DASH,pronav,0,,,,,,,-40.496,32.078,-1.472,9.9473,-0.0015,4.5000,-0.5779,0.0000,15.1395,-5.1764,-0.1680,-37.3480,0.3320,38.8737,-12.3697,0.3847,4.6361,32.5150,0.5000,56.4522,,,,0,32.9186,5.0740,12.0142,0.6003,,,,,,,,,,,,
34.042,26.336,DASH,pronav,0,,,,,,,-40.233,32.005,-1.472,9.9472,-0.0015,4.5000,-0.5779,0.0000,15.1405,-5.1734,-0.1610,-37.2291,0.3390,38.9568,-12.1816,0.3925,4.6361,32.5150,0.5000,56.3534,,,,0,33.5193,5.1040,12.0142,0.6003,,,,,,,,,,,,
34.093,26.364,DASH,pronav,0,,,,,,,-39.865,31.931,-1.472,9.9472,-0.0015,4.5000,-0.5779,0.0000,14.5632,-6.6267,-0.1430,-37.9742,0.3570,39.0825,-11.8761,0.4054,4.6532,32.8030,0.5000,56.4058,32.1284,4.8709,0.3027,1,32.9251,4.9762,11.0395,-1.4334,0.0920,,,,,,,,,,,
34.145,26.368,DASH,pronav,0,,,,,,,-39.865,31.858,-1.472,9.9471,-0.0015,4.5000,-0.5779,0.0000,14.5743,-6.6023,-0.1430,-37.6867,0.3570,39.0825,-11.8761,0.4054,4.6532,32.8030,0.5000,56.4058,,,,0,33.4770,4.9045,11.0395,-1.4334,,,,,,,,,,,,
34.195,26.404,DASH,pronav,0,,,,,,,-39.318,31.784,-1.472,9.9470,-0.0015,4.5000,-0.5779,0.0000,14.5673,-6.6177,-0.1250,-37.7360,0.3750,39.1993,-11.5646,0.4189,4.6951,33.3790,0.5000,56.6610,,,,0,34.0290,4.8328,11.0395,-1.4334,,,,,,,,,,,,
34.246,26.420,DASH,pronav,0,,,,,,,-39.201,31.710,-1.472,9.9469,-0.0015,4.5000,-0.5779,0.0000,14.5644,-6.6241,-0.1250,-37.7143,0.3750,39.2543,-11.4065,0.4259,4.7199,33.6670,0.5000,56.7825,,,,0,34.5810,4.7612,11.0395,-1.4334,,,,,,,,,,,,
34.296,26.436,DASH,pronav,0,,,,,,,-38.904,31.637,-1.472,9.9469,-0.0015,4.5000,-0.5779,0.0000,14.5754,-6.5999,-0.1140,-37.4341,0.3860,39.3198,-11.2068,0.4349,4.7472,33.9550,0.5000,56.8758,,,,0,35.1330,4.6895,11.0395,-1.4334,,,,,,,,,,,,
34.347,26.468,DASH,pronav,0,,,,,,,-38.398,31.563,-1.472,9.9468,-0.0015,4.5000,-0.5779,0.0000,14.5729,-6.6054,-0.0950,-37.4105,0.4050,39.4170,-10.8819,0.4501,4.7771,34.2430,0.5000,56.8875,,,,0,35.6850,4.6178,11.0395,-1.4334,,,,,,,,,,,,
34.398,26.476,DASH,pronav,0,,,,,,,-38.266,31.490,-1.472,9.9467,-0.0015,4.5000,-0.5779,0.0000,14.5837,-6.5815,-0.0950,-37.1364,0.4050,39.4510,-10.7585,0.4560,4.8093,34.5310,0.5000,57.0192,,,,0,36.2369,4.5462,11.0395,-1.4334,,,,,,,,,,,,
34.450,26.500,DASH,pronav,0,,,,,,,-37.924,31.416,-1.472,9.9466,-0.0015,4.5000,-0.5779,0.0000,14.9468,-5.7091,-0.0870,-38.3452,0.4130,39.5047,-10.5507,0.4662,4.8093,34.5310,0.5000,56.8870,32.6797,5.0497,0.1951,1,34.3234,4.8196,11.6659,0.0583,0.1320,,,,,,,,,,,
34.503,26.508,DASH,pronav,0,,,,,,,-37.713,31.342,-1.472,9.9466,-0.0015,4.5000,-0.5779,0.0000,14.9590,-5.6769,-0.0750,-37.9775,0.4250,39.5352,-10.4248,0.4724,4.8440,34.8190,0.5000,57.0129,,,,0,34.9066,4.8225,11.6659,0.0583,,,,,,,,,,,,
34.551,26.536,DASH,pronav,0,,,,,,,-37.210,31.269,-1.472,9.9465,-0.0015,4.5000,-0.5779,0.0000,14.9614,-5.6706,-0.0670,-37.8656,0.4330,39.5736,-10.2555,0.4809,4.8440,34.8190,0.5000,56.9022,,,,0,35.4899,4.8254,11.6659,0.0583,,,,,,,,,,,,
34.602,26.548,DASH,pronav,0,,,,,,,-37.004,31.195,-1.472,9.9464,-0.0015,4.5000,-0.5779,0.0000,14.9642,-5.6633,-0.0550,-37.7508,0.4450,39.6182,-10.0417,0.4919,4.9137,35.3470,0.5000,57.1362,,,,0,36.0732,4.8283,11.6659,0.0583,,,,,,,,,,,,
34.654,26.568,DASH,pronav,0,,,,,,,-36.695,31.122,-1.472,9.9463,-0.0015,4.5000,-0.5779,0.0000,14.9762,-5.6316,-0.0460,-37.3935,0.4540,39.6591,-9.8255,0.5029,4.9137,35.3470,0.5000,56.9895,,,,0,36.6565,4.8312,11.6659,0.0583,,,,,,,,,,,,
34.705,26.600,DASH,pronav,0,,,,,,,-36.349,31.048,-1.472,9.9463,-0.0015,4.5000,-0.5779,0.0000,14.9771,-5.6290,-0.0340,-37.3372,0.4660,39.7171,-9.4750,0.5205,4.9549,35.6350,0.5000,56.9502,,,,0,37.2398,4.8342,11.6659,0.0583,,,,,,,,,,,,
34.755,26.608,DASH,pronav,0,,,,,,,-36.226,30.975,-1.472,9.9462,-0.0015,4.5000,-0.5779,0.0000,14.9889,-5.5977,-0.0270,-36.9868,0.4730,39.7366,-9.3422,0.5270,4.9983,35.9230,0.5000,57.0586,,,,0,37.8231,4.8371,11.6659,0.0583,,,,,,,,,,,,
34.807,26.632,DASH,pronav,0,,,,,,,-35.987,30.901,-1.472,9.9461,-0.0015,4.5000,-0.5779,0.0000,14.9923,-5.5884,-0.0160,-36.8697,0.4840,39.7665,-9.1191,0.5374,4.9983,35.9230,0.5000,56.9001,,,,0,38.4064,4.8400,11.6659,0.0583,,,,,,,,,,,,
34.857,26.660,DASH,pronav,0,,,,,,,-35.847,30.827,-1.472,9.9460,-0.0015,4.5000,-0.5779,0.0000,15.0804,-5.3462,-0.0100,-38.3405,0.4900,39.8078,-8.7582,0.5534,5.0915,36.4990,0.5000,57.0389,34.1330,5.2296,0.3426,1,36.0757,5.0749,12.5446,0.3560,0.1880,,,,,,,,,,,
34.908,26.668,DASH,pronav,0,,,,,,,-35.775,30.754,-1.472,9.9460,-0.0015,4.5000,-0.5779,0.0000,15.2289,-4.9073,0.0000,-38.2878,0.5000,39.8078,-8.7582,0.5534,5.0915,36.4990,0.5000,57.0389,35.3933,5.3813,0.1330,1,35.9172,5.2659,13.2834,0.8430,0.1000,,,,,,,,,,,
34.959,26.700,DASH,pronav,0,,,,,,,-35.636,30.680,-1.472,9.9459,-0.0015,4.5000,-0.5779,0.0000,15.2349,-4.8886,0.0050,-38.0734,0.5050,39.8450,-8.3463,0.5699,5.1926,37.0750,0.5000,57.1304,,,,0,36.5813,5.3080,13.2834,0.8430,,,,,,,,,,,,
35.009,26.716,DASH,pronav,0,,,,,,,-35.564,30.607,-1.472,9.9458,-0.0015,4.5000,-0.5779,0.0000,15.2411,-4.8692,0.0130,-37.8582,0.5130,39.8553,-8.2076,0.5751,5.1926,37.0750,0.5000,57.0265,,,,0,37.2455,5.3502,13.2834,0.8430,,,,,,,,,,,,
35.065,26.732,DASH,pronav,0,,,,,,,-35.525,30.533,-1.472,9.9457,-0.0015,4.5000,-0.5779,0.0000,15.2525,-4.8333,0.0170,-37.4134,0.5170,39.8702,-7.9750,0.5835,5.2460,37.3630,0.5000,57.0471,,,,0,37.9097,5.3923,13.2834,0.8430,,,,,,,,,,,,
35.113,26.764,DASH,pronav,0,,,,,,,-35.511,30.460,-1.472,9.9457,-0.0015,4.5000,-0.5779,0.0000,15.2588,-4.8134,0.0260,-37.2009,0.5260,39.8883,-7.5990,0.5958,5.3581,37.9390,0.5000,57.1494,,,,0,38.5739,5.4345,13.2834,0.8430,,,,,,,,,,,,
35.163,26.776,DASH,pronav,0,,,,,,,-35.513,30.386,-1.472,9.9456,-0.0015,4.5000,-0.5779,0.0000,15.2699,-4.7782,0.0260,-36.7672,0.5260,39.8933,-7.4568,0.6002,5.3581,37.9390,0.5000,57.0392,,,,0,39.2380,5.4766,13.2834,0.8430,,,,,,,,,,,,
35.215,26.800,DASH,pronav,0,,,,,,,-35.517,30.312,-1.472,9.9455,-0.0015,4.5000,-0.5779,0.0000,15.2751,-4.7615,0.0290,-36.6117,0.5290,39.8998,-7.2184,0.6070,5.4166,38.2270,0.5000,57.0472,,,,0,39.9022,5.5188,13.2834,0.8430,,,,,,,,,,,,
35.272,26.832,DASH,pronav,0,,,,,,,-35.525,30.239,-1.472,9.9454,-0.0015,4.5000,-0.5779,0.0000,15.2816,-4.7406,0.0340,-36.4008,0.5340,39.9054,-6.7849,0.6182,5.4766,38.5150,0.5000,56.8985,,,,0,40.5664,5.5609,13.2834,0.8430,,,,,,,,,,,,
35.322,26.832,DASH,pronav,0,,,,,,,-35.527,30.165,-1.472,9.9454,-0.0015,4.5000,-0.5779,0.0000,15.2922,-4.7061,0.0340,-35.9799,0.5340,39.9054,-6.7849,0.6182,5.4766,38.5150,0.5000,56.8985,,,,0,41.2305,5.6031,13.2834,0.8430,,,,,,,,,,,,
35.369,26.852,DASH,pronav,0,,,,,,,-35.528,30.092,-1.472,9.9453,-0.0015,4.5000,-0.5779,0.0000,15.1478,-5.1522,0.0350,-37.7023,0.5350,39.9056,-6.6392,0.6216,5.5382,38.8030,0.5000,56.9748,36.6272,5.5703,0.1470,1,38.7342,5.6003,11.9574,0.7218,0.1880,,,,,,,,,,,
35.421,26.864,DASH,pronav,0,,,,,,,-35.525,30.018,-1.472,9.9452,-0.0015,4.5000,-0.5779,0.0000,15.1597,-5.1171,0.0360,-37.3018,0.5360,39.9042,-6.3948,0.6271,5.5382,38.8030,0.5000,56.7793,,,,0,39.3321,5.6364,11.9574,0.7218,,,,,,,,,,,,
35.472,26.896,DASH,pronav,0,,,,,,,-35.510,29.944,-1.472,9.9451,-0.0015,4.5000,-0.5779,0.0000,15.1663,-5.0973,0.0360,-37.1272,0.5360,39.8976,-6.0004,0.6352,5.6010,39.0910,0.5000,56.6525,,,,0,39.9300,5.6725,11.9574,0.7218,,,,,,,,,,,,
35.523,26.908,DASH,pronav,0,,,,,,,-35.497,29.871,-1.472,9.9451,-0.0015,4.5000,-0.5779,0.0000,15.1779,-5.0627,0.0360,-36.7353,0.5360,39.8938,-5.8513,0.6380,5.7305,39.6670,0.5000,56.9128,,,,0,40.5278,5.7085,11.9574,0.7218,,,,,,,,,,,,
35.573,26.932,DASH,pronav,0,,,,,,,-35.444,29.797,-1.472,9.9450,-0.0015,4.5000,-0.5779,0.0000,15.6336,-3.4044,0.0360,-37.7051,0.5360,39.8859,-5.6016,0.6425,5.7305,39.6670,0.5000,56.7085,37.7936,5.9245,0.1236,1,39.1264,5.8525,12.8174,3.2934,0.1680,,,,,,,,,,,
35.624,26.964,DASH,pronav,0,,,,,,,-35.364,29.724,-1.472,9.9449,-0.0015,4.5000,-0.5779,0.0000,15.6423,-3.3642,0.0350,-37.3934,0.5350,39.8670,-5.1479,0.6500,5.8644,40.2430,0.5000,56.7145,,,,0,39.7673,6.0172,12.8174,3.2934,,,,,,,,,,,,
35.677,26.964,DASH,pronav,0,,,,,,,-35.364,29.650,-1.472,9.9448,-0.0015,4.5000,-0.5779,0.0000,15.6524,-3.3170,0.0350,-36.8600,0.5350,39.8670,-5.1479,0.6500,5.8644,40.2430,0.5000,56.7145,,,,0,40.4082,6.1819,12.8174,3.2934,,,,,,,,,,,,
35.726,26.996,DASH,pronav,0,,,,,,,-35.329,29.577,-1.472,9.9448,-0.0015,4.5000,-0.5779,0.0000,15.6605,-3.2783,0.0340,-36.6062,0.5340,39.8451,-4.7399,0.6568,5.9327,40.5310,0.5000,56.5644,,,,0,41.0490,6.3466,12.8174,3.2934,,,,,,,,,,,,
35.776,27.020,DASH,pronav,0,,,,,,,-35.332,29.503,-1.472,9.9447,-0.0015,4.5000,-0.5779,0.0000,15.3853,-4.3923,0.0330,-37.5375,0.5330,39.8187,-4.3277,0.6640,6.0018,40.8190,0.5000,56.4077,38.9757,6.0559,0.1402,1,40.0614,6.2380,10.9688,2.1074,0.1560,,,,,,,,,,,
35.828,27.028,DASH,pronav,0,,,,,,,-35.333,29.429,-1.472,9.9446,-0.0015,4.5000,-0.5779,0.0000,15.3974,-4.3498,0.0320,-37.1031,0.5320,39.8187,-4.3277,0.6640,6.0018,40.8190,0.5000,56.4077,,,,0,40.6098,6.3434,10.9688,2.1074,,,,,,,,,,,,
35.880,27.064,DASH,pronav,0,,,,,,,-35.295,29.356,-1.472,9.9446,-0.0015,4.5000,-0.5779,0.0000,15.4061,-4.3187,0.0300,-36.8975,0.5300,39.7885,-3.9116,0.6710,6.1303,41.3470,0.5000,56.4025,,,,0,41.1582,6.4488,10.9688,2.1074,,,,,,,,,,,,
35.931,27.084,DASH,pronav,0,,,,,,,-35.276,29.282,-1.472,9.9445,-0.0015,4.5000,-0.5779,0.0000,15.4178,-4.2768,0.0300,-36.4703,0.5300,39.7723,-3.7023,0.6743,6.2012,41.6350,0.5000,56.4138,,,,0,41.7067,6.5541,10.9688,2.1074,,,,,,,,,,,,
35.983,27.096,DASH,pronav,0,,,,,,,-35.211,29.209,-1.472,9.9444,-0.0015,4.5000,-0.5779,0.0000,15.4264,-4.2456,0.0290,-36.2668,0.5290,39.7511,-3.4395,0.6782,6.2012,41.6350,0.5000,56.1902,,,,0,42.2551,6.6595,10.9688,2.1074,,,,,,,,,,,,
36.032,27.128,DASH,pronav,0,,,,,,,-35.080,29.135,-1.472,9.9443,-0.0015,4.5000,-0.5779,0.0000,15.6298,-3.4220,0.0280,-37.3493,0.5280,39.7152,-3.0163,0.6839,6.3442,42.2110,0.5000,56.2064,40.3028,6.0655,-0.0290,1,41.3031,6.3452,13.7795,2.8789,0.1640,,,,,,,,,,,
36.083,27.140,DASH,pronav,0,,,,,,,-35.045,29.062,-1.472,9.9443,-0.0015,4.5000,-0.5779,0.0000,15.6394,-3.3777,0.0280,-36.7944,0.5280,39.7011,-2.8567,0.6860,6.3442,42.2110,0.5000,56.0698,,,,0,41.9921,6.4892,13.7795,2.8789,,,,,,,,,,,,
36.136,27.160,DASH,pronav,0,,,,,,,-34.952,28.988,-1.472,9.9442,-0.0015,4.5000,-0.5779,0.0000,15.4723,-4.0755,0.0280,-37.0035,0.5280,39.6769,-2.5898,0.6894,6.4160,42.4990,0.5000,56.0296,41.3873,6.5412,0.0641,1,41.9048,6.5780,11.6400,2.2647,0.0960,,,,,,,,,,,
36.185,27.160,DASH,pronav,0,,,,,,,-34.952,28.914,-1.472,9.9441,-0.0015,4.5000,-0.5779,0.0000,15.4834,-4.0329,0.0280,-36.5433,0.5280,39.6769,-2.5898,0.6894,6.4160,42.4990,0.5000,56.0296,,,,0,42.4868,6.6912,11.6400,2.2647,,,,,,,,,,,,
36.236,27.196,DASH,pronav,0,,,,,,,-34.771,28.841,-1.472,9.9440,-0.0015,4.5000,-0.5779,0.0000,15.4915,-4.0018,0.0280,-36.3703,0.5280,39.6363,-2.1600,0.6950,6.4880,42.7870,0.5000,55.8487,,,,0,43.0688,6.8045,11.6400,2.2647,,,,,,,,,,,,
36.287,27.216,DASH,pronav,0,,,,,,,-34.684,28.767,-1.472,9.9440,-0.0015,4.5000,-0.5779,0.0000,15.5000,-3.9686,0.0290,-36.1422,0.5290,39.6152,-1.9439,0.6979,6.5600,43.0750,0.5000,55.8515,,,,0,43.6508,6.9177,11.6400,2.2647,,,,,,,,,,,,
36.337,27.228,DASH,pronav,0,,,,,,,-34.632,28.694,-1.472,9.9439,-0.0015,4.5000,-0.5779,0.0000,15.5107,-3.9268,0.0300,-35.6908,0.5300,39.5883,-1.6729,0.7013,6.5600,43.0750,0.5000,55.6173,,,,0,44.2328,7.0309,11.6400,2.2647,,,,,,,,,,,,
36.388,27.260,DASH,pronav,0,,,,,,,-34.514,28.620,-1.472,9.9438,-0.0015,4.5000,-0.5779,0.0000,15.5189,-3.8939,0.0310,-35.4662,0.5310,39.5439,-1.2370,0.7065,6.7036,43.6510,0.5000,55.6189,,,,0,44.8148,7.1442,11.6400,2.2647,,,,,,,,,,,,
36.438,27.264,DASH,pronav,0,,,,,,,-34.463,28.546,-1.472,9.9437,-0.0015,4.5000,-0.5779,0.0000,15.5292,-3.8528,0.0320,-35.0231,0.5320,39.5269,-1.0729,0.7084,6.7750,43.9390,0.5000,55.6669,,,,0,45.3968,7.2574,11.6400,2.2647,,,,,,,,,,,,
36.489,27.292,DASH,pronav,0,,,,,,,-34.349,28.473,-1.472,9.9437,-0.0015,4.5000,-0.5779,0.0000,15.5372,-3.8202,0.0330,-34.8018,0.5330,39.4980,-0.7986,0.7114,6.8461,44.2270,0.5000,55.6192,,,,0,45.9788,7.3706,11.6400,2.2647,,,,,,,,,,,,
36.540,27.324,DASH,pronav,0,,,,,,,-34.271,28.399,-1.472,9.9436,-0.0015,4.5000,-0.5779,0.0000,15.5773,-3.6536,0.0360,-36.2707,0.5360,39.4508,-0.3577,0.7161,6.9166,44.5150,0.5000,55.4264,42.7496,6.8933,0.1200,1,44.2741,7.1295,12.6834,2.4530,0.1480,,,,,,,,,,,
36.593,27.332,DASH,pronav,0,,,,,,,-34.226,28.326,-1.472,9.9435,-0.0015,4.5000,-0.5779,0.0000,15.5871,-3.6114,0.0370,-35.7713,0.5370,39.4508,-0.3577,0.7161,6.9166,44.5150,0.5000,55.4264,,,,0,44.9083,7.2522,12.6834,2.4530,,,,,,,,,,,,
36.644,27.360,DASH,pronav,0,,,,,,,-34.128,28.252,-1.472,9.9434,-0.0015,4.5000,-0.5779,0.0000,15.5951,-3.5766,0.0400,-35.5081,0.5400,39.3962,0.1410,0.7212,6.9866,44.8030,0.5000,55.1827,,,,0,45.5424,7.3749,12.6834,2.4530,,,,,,,,,,,,
36.693,27.384,DASH,pronav,0,,,,,,,-34.024,28.179,-1.472,9.9434,-0.0015,4.5000,-0.5779,0.0000,15.6185,-3.4729,0.0450,-36.3402,0.5450,39.3464,0.5865,0.7255,7.0558,45.0910,0.5000,54.9853,43.8703,7.1614,0.1554,1,44.7928,7.2959,12.3180,2.7750,0.1120,,,,,,,,,,,
36.744,27.392,DASH,pronav,0,,,,,,,-34.000,28.105,-1.472,9.9433,-0.0015,4.5000,-0.5779,0.0000,15.6283,-3.4287,0.0450,-35.8321,0.5450,39.3464,0.5865,0.7255,7.0558,45.0910,0.5000,54.9853,,,,0,45.4087,7.4346,12.3180,2.7750,,,,,,,,,,,,
36.795,27.424,DASH,pronav,0,,,,,,,-33.909,28.031,-1.472,9.9432,-0.0015,4.5000,-0.5779,0.0000,15.6364,-3.3914,0.0500,-35.5658,0.5500,39.2955,1.0340,0.7297,7.1919,45.6670,0.5000,54.9800,,,,0,46.0246,7.5734,12.3180,2.7750,,,,,,,,,,,,
36.845,27.444,DASH,pronav,0,,,,,,,-33.858,27.958,-1.472,9.9431,-0.0015,4.5000,-0.5779,0.0000,15.6458,-3.3479,0.0530,-35.0677,0.5530,39.2762,1.2023,0.7312,7.2585,45.9550,0.5000,55.0271,,,,0,46.6405,7.7121,12.3180,2.7750,,,,,,,,,,,,
36.900,27.460,DASH,pronav,0,,,,,,,-33.840,27.884,-1.472,9.9431,-0.0015,4.5000,-0.5779,0.0000,15.5994,-3.5580,0.0530,-35.6671,0.5530,39.2437,1.4834,0.7336,7.2585,45.9550,0.5000,54.7799,45.3812,7.5237,0.2081,1,46.1313,7.6546,12.2944,2.5054,0.0880,,,,,,,,,,,
36.949,27.492,DASH,pronav,0,,,,,,,-33.771,27.811,-1.472,9.9430,-0.0015,4.5000,-0.5779,0.0000,15.6073,-3.5231,0.0590,-35.4141,0.5590,39.1845,1.9909,0.7377,7.3240,46.2430,0.5000,54.5288,,,,0,46.7460,7.7798,12.2944,2.5054,,,,,,,,,,,,
36.999,27.492,DASH,pronav,0,,,,,,,-33.756,27.737,-1.472,9.9429,-0.0015,4.5000,-0.5779,0.0000,15.6167,-3.4810,0.0590,-34.9264,0.5590,39.1845,1.9909,0.7377,7.3240,46.2430,0.5000,54.5288,,,,0,47.3607,7.9051,12.2944,2.5054,,,,,,,,,,,,
37.048,27.516,DASH,pronav,0,,,,,,,-33.720,27.663,-1.472,9.9428,-0.0015,4.5000,-0.5779,0.0000,15.6244,-3.4465,0.0630,-34.6768,0.5630,39.1312,2.4437,0.7409,7.4515,46.8190,0.5000,54.5237,,,,0,47.9755,8.0304,12.2944,2.5054,,,,,,,,,,,,
37.099,27.524,DASH,pronav,0,,,,,,,-33.699,27.590,-1.472,9.9428,-0.0015,4.5000,-0.5779,0.0000,15.6335,-3.4052,0.0650,-34.1990,0.5650,39.1312,2.4437,0.7409,7.4515,46.8190,0.5000,54.5237,,,,0,48.5902,8.1556,12.2944,2.5054,,,,,,,,,,,,
37.150,27.556,DASH,pronav,0,,,,,,,-33.658,27.516,-1.472,9.9427,-0.0015,4.5000,-0.5779,0.0000,15.6408,-3.3711,0.0690,-33.9528,0.5690,39.0773,2.8978,0.7435,7.5132,47.1070,0.5000,54.3213,,,,0,49.2049,8.2809,12.2944,2.5054,,,,,,,,,,,,
37.201,27.572,DASH,pronav,0,,,,,,,-33.643,27.443,-1.472,9.9426,-0.0015,4.5000,-0.5779,0.0000,15.6496,-3.3304,0.0720,-33.4848,0.5720,39.0569,3.0684,0.7444,7.5636,47.3470,0.5000,54.3367,,,,0,49.8196,8.4062,12.2944,2.5054,,,,,,,,,,,,
37.256,27.592,DASH,pronav,0,,,,,,,-33.609,27.369,-1.472,9.9425,-0.0015,4.5000,-0.5779,0.0000,15.6383,-3.3826,0.0760,-35.1359,0.5760,39.0228,3.3533,0.7457,7.6226,47.6350,0.5000,54.2854,46.3489,7.8322,0.0354,1,47.9831,8.1119,11.3202,2.8201,0.1240,,,,,,,,,,,
37.303,27.624,DASH,pronav,0,,,,,,,-33.575,27.296,-1.472,9.9425,-0.0015,4.5000,-0.5779,0.0000,15.6463,-3.3458,0.0820,-34.9015,0.5820,38.9611,3.8672,0.7477,7.6800,47.9230,0.5000,54.0322,,,,0,48.5491,8.2529,11.3202,2.8201,,,,,,,,,,,,
37.353,27.636,DASH,pronav,0,,,,,,,-33.568,27.222,-1.472,9.9424,-0.0015,4.5000,-0.5779,0.0000,15.6556,-3.3018,0.0820,-34.4283,0.5820,38.9404,4.0388,0.7483,7.7358,48.2110,0.5000,54.0830,,,,0,49.1151,8.3939,11.3202,2.8201,,,,,,,,,,,,
37.403,27.656,DASH,pronav,0,,,,,,,-33.550,27.148,-1.472,9.9423,-0.0015,4.5000,-0.5779,0.0000,15.6633,-3.2653,0.0850,-34.1959,0.5850,38.9058,4.3252,0.7490,7.7898,48.4990,0.5000,54.0333,,,,0,49.6811,8.5349,11.3202,2.8201,,,,,,,,,,,,
37.454,27.688,DASH,pronav,0,,,,,,,-33.525,27.075,-1.472,9.9422,-0.0015,4.5000,-0.5779,0.0000,15.5969,-3.5690,0.0910,-35.4308,0.5910,38.8501,4.7843,0.7498,7.8420,48.7870,0.5000,53.8313,47.2595,8.0177,0.1063,1,48.4546,8.2810,11.6270,2.4422,0.1160,,,,,,,,,,,
37.508,27.688,DASH,pronav,0,,,,,,,-33.525,27.001,-1.472,9.9422,-0.0015,4.5000,-0.5779,0.0000,15.6065,-3.5266,0.0910,-34.9526,0.5910,38.8501,4.7843,0.7498,7.8420,48.7870,0.5000,53.8313,,,,0,49.0359,8.4031,11.6270,2.4422,,,,,,,,,,,,
37.558,27.724,DASH,pronav,0,,,,,,,-33.499,26.928,-1.472,9.9421,-0.0015,4.5000,-0.5779,0.0000,15.6141,-3.4930,0.0970,-34.7250,0.5970,38.7942,5.2444,0.7501,7.8922,49.0750,0.5000,53.6294,,,,0,49.6173,8.5252,11.6270,2.4422,,,,,,,,,,,,
37.608,27.748,DASH,pronav,0,,,,,,,-33.488,26.854,-1.472,9.9420,-0.0015,4.5000,-0.5779,0.0000,15.6233,-3.4514,0.1010,-34.2559,0.6010,38.7308,5.7631,0.7497,7.9868,49.6510,0.5000,53.5855,,,,0,50.1986,8.6473,11.6270,2.4422,,,,,,,,,,,,
37.659,27.756,DASH,pronav,0,,,,,,,-33.484,26.781,-1.472,9.9419,-0.0015,4.5000,-0.5779,0.0000,15.7313,-2.9201,0.1010,-34.9787,0.6010,38.7308,5.7631,0.7497,7.9868,49.6510,0.5000,53.5855,48.8634,8.3368,0.3308,1,49.6300,8.5099,13.4065,2.9754,0.0920,,,,,,,,,,,
37.711,27.784,DASH,pronav,0,,,,,,,-33.476,26.707,-1.472,9.9419,-0.0015,4.5000,-0.5779,0.0000,15.7392,-2.8772,0.1030,-34.4247,0.6030,38.6742,6.2251,0.7488,8.0309,49.9390,0.5000,53.3852,,,,0,50.3004,8.6586,13.4065,2.9754,,,,,,,,,,,,
37.761,27.788,DASH,pronav,0,,,,,,,-33.472,26.633,-1.472,9.9418,-0.0015,4.5000,-0.5779,0.0000,15.7458,-2.8408,0.1070,-34.1801,0.6070,38.6742,6.2251,0.7488,8.0309,49.9390,0.5000,53.3852,,,,0,50.9707,8.8074,13.4065,2.9754,,,,,,,,,,,,
37.812,27.820,DASH,pronav,0,,,,,,,-33.464,26.560,-1.472,9.9417,-0.0015,4.5000,-0.5779,0.0000,15.7525,-2.8033,0.1090,-33.8757,0.6090,38.6172,6.6880,0.7476,8.0728,50.2270,0.5000,53.1852,,,,0,51.6410,8.9562,13.4065,2.9754,,,,,,,,,,,,
37.862,27.840,DASH,pronav,0,,,,,,,-33.463,26.486,-1.472,9.9416,-0.0015,4.5000,-0.5779,0.0000,15.7599,-2.7614,0.1120,-33.3364,0.6120,38.5958,6.8618,0.7472,8.1125,50.5150,0.5000,53.2437,,,,0,52.3113,9.1049,13.4065,2.9754,,,,,,,,,,,,
37.913,27.856,DASH,pronav,0,,,,,,,-33.465,26.413,-1.472,9.9416,-0.0015,4.5000,-0.5779,0.0000,15.7663,-2.7244,0.1140,-33.0362,0.6140,38.5599,7.1517,0.7464,8.1500,50.8030,0.5000,53.2002,,,,0,52.9817,9.2537,13.4065,2.9754,,,,,,,,,,,,
37.964,27.888,DASH,pronav,0,,,,,,,-33.474,26.339,-1.472,9.9415,-0.0015,4.5000,-0.5779,0.0000,15.7727,-2.6876,0.1180,-32.7370,0.6180,38.4949,7.6743,0.7448,8.1851,51.0910,0.5000,52.9505,,,,0,53.6520,9.4025,13.4065,2.9754,,,,,,,,,,,,
38.014,27.896,DASH,pronav,0,,,,,,,-33.476,26.265,-1.472,9.9414,-0.0015,4.5000,-0.5779,0.0000,15.7796,-2.6467,0.1180,-32.2140,0.6180,38.4732,7.8487,0.7441,8.2177,51.3790,0.5000,53.0126,,,,0,54.3223,9.5512,13.4065,2.9754,,,,,,,,,,,,
38.066,27.920,DASH,pronav,0,,,,,,,-33.483,26.192,-1.472,9.9413,-0.0015,4.5000,-0.5779,0.0000,15.7856,-2.6103,0.1210,-31.9190,0.6210,38.4370,8.1396,0.7429,8.2177,51.3790,0.5000,52.7533,,,,0,54.9926,9.7000,13.4065,2.9754,,,,,,,,,,,,
38.116,27.948,DASH,pronav,0,,,,,,,-33.488,26.118,-1.472,9.9413,-0.0015,4.5000,-0.5779,0.0000,15.5778,-3.6513,0.1240,-34.5257,0.6240,38.3789,8.6055,0.7407,8.2757,51.9550,0.5000,52.7772,49.9660,8.2865,0.1647,1,52.2448,8.9114,12.1118,1.9427,0.1800,,,,,,,,,,,
38.169,27.952,DASH,pronav,0,,,,,,,-33.487,26.045,-1.472,9.9412,-0.0015,4.5000,-0.5779,0.0000,15.5868,-3.6125,0.1240,-34.0560,0.6240,38.3789,8.6055,0.7407,8.2757,51.9550,0.5000,52.7772,,,,0,52.8504,9.0085,12.1118,1.9427,,,,,,,,,,,,
38.219,27.976,DASH,pronav,0,,,,,,,-33.484,25.971,-1.472,9.9411,-0.0015,4.5000,-0.5779,0.0000,15.5957,-3.5742,0.1250,-33.5944,0.6250,38.3208,9.0721,0.7379,8.3010,52.2430,0.5000,52.5830,,,,0,53.4560,9.1057,12.1118,1.9427,,,,,,,,,,,,
38.270,27.988,DASH,pronav,0,,,,,,,-33.481,25.898,-1.472,9.9410,-0.0015,4.5000,-0.5779,0.0000,15.6018,-3.5474,0.1270,-33.4372,0.6270,38.3208,9.0721,0.7379,8.3010,52.2430,0.5000,52.5830,,,,0,54.0616,9.2028,12.1118,1.9427,,,,,,,,,,,,
38.321,28.020,DASH,pronav,0,,,,,,,-33.470,25.824,-1.472,9.9410,-0.0015,4.5000,-0.5779,0.0000,15.6083,-3.5186,0.1280,-33.2208,0.6280,38.2556,9.5976,0.7338,8.3437,52.8190,0.5000,52.5630,,,,0,54.6671,9.2999,12.1118,1.9427,,,,,,,,,,,,
38.371,28.040,DASH,pronav,0,,,,,,,-33.458,25.750,-1.472,9.9409,-0.0015,4.5000,-0.5779,0.0000,15.5605,-3.7245,0.1300,-34.7595,0.6300,38.2339,9.7729,0.7321,8.3612,53.1070,0.5000,52.6334,51.2100,8.5200,0.1399,1,52.8351,8.8708,10.9113,2.1267,0.1640,,,,,,,,,,,
38.423,28.052,DASH,pronav,0,,,,,,,-33.440,25.677,-1.472,9.9408,-0.0015,4.5000,-0.5779,0.0000,15.5677,-3.6943,0.1300,-34.5675,0.6300,38.1977,10.0652,0.7291,8.3737,53.3470,0.5000,52.5627,,,,0,53.3806,8.9772,10.9113,2.1267,,,,,,,,,,,,
38.474,28.084,DASH,pronav,0,,,,,,,-33.396,25.603,-1.472,9.9407,-0.0015,4.5000,-0.5779,0.0000,15.5748,-3.6643,0.1320,-34.3759,0.6320,38.1399,10.5335,0.7238,8.3863,53.6350,0.5000,52.3743,,,,0,53.9262,9.0835,10.9113,2.1267,,,,,,,,,,,,
38.526,28.088,DASH,pronav,0,,,,,,,-33.396,25.530,-1.472,9.9407,-0.0015,4.5000,-0.5779,0.0000,15.5842,-3.6240,0.1320,-33.9319,0.6320,38.1182,10.7092,0.7217,8.3963,53.9230,0.5000,52.4488,,,,0,54.4718,9.1899,10.9113,2.1267,,,,,,,,,,,,
38.576,28.120,DASH,pronav,0,,,,,,,-33.348,25.456,-1.472,9.9406,-0.0015,4.5000,-0.5779,0.0000,15.4406,-4.1938,0.1330,-35.0154,0.6330,38.0820,11.0023,0.7181,8.3963,53.9230,0.5000,52.1869,52.3789,8.8355,-0.1316,1,53.4343,9.0197,11.1715,1.3484,0.1560,,,,,,,,,,,
38.627,28.148,DASH,pronav,0,,,,,,,-33.287,25.382,-1.472,9.9405,-0.0015,4.5000,-0.5779,0.0000,15.4470,-4.1701,0.1340,-34.8495,0.6340,38.0164,11.5304,0.7114,8.4080,54.4990,0.5000,52.1824,,,,0,53.9929,9.0872,11.1715,1.3484,,,,,,,,,,,,
38.679,28.152,DASH,pronav,0,,,,,,,-33.271,25.309,-1.472,9.9404,-0.0015,4.5000,-0.5779,0.0000,15.4568,-4.1336,0.1340,-34.4230,0.6340,38.0164,11.5304,0.7114,8.4080,54.4990,0.5000,52.1824,,,,0,54.5515,9.1546,11.1715,1.3484,,,,,,,,,,,,
38.730,28.184,DASH,pronav,0,,,,,,,-33.201,25.235,-1.472,9.9404,-0.0015,4.5000,-0.5779,0.0000,15.4623,-4.1131,0.1340,-34.3225,0.6340,37.9576,12.0003,0.7051,8.4098,54.7870,0.5000,51.9983,,,,0,55.1100,9.2220,11.1715,1.3484,,,,,,,,,,,,
38.780,28.200,DASH,pronav,0,,,,,,,-33.183,25.162,-1.472,9.9403,-0.0015,4.5000,-0.5779,0.0000,15.4718,-4.0771,0.1340,-33.9031,0.6340,37.9354,12.1766,0.7027,8.4089,55.0750,0.5000,52.0781,,,,0,55.6686,9.2894,11.1715,1.3484,,,,,,,,,,,,
38.831,28.216,DASH,pronav,0,,,,,,,-33.135,25.088,-1.472,9.9402,-0.0015,4.5000,-0.5779,0.0000,15.5235,-3.8759,0.1340,-35.2793,0.6340,37.8981,12.4706,0.6987,8.4089,55.0750,0.5000,51.8149,53.1245,8.7721,0.2682,1,54.3656,9.0060,11.7840,1.6644,0.1520,,,,,,,,,,,
38.884,28.252,DASH,pronav,0,,,,,,,-33.063,25.015,-1.472,9.9401,-0.0015,4.5000,-0.5779,0.0000,15.5303,-3.8483,0.1340,-35.0737,0.6340,37.8376,12.9413,0.6922,8.4053,55.3630,0.5000,51.6323,,,,0,54.9548,9.0892,11.7840,1.6644,,,,,,,,,,,,
38.933,28.252,DASH,pronav,0,,,,,,,-33.047,24.941,-1.472,9.9401,-0.0015,4.5000,-0.5779,0.0000,15.5397,-3.8102,0.1340,-34.6054,0.6340,37.8146,13.1180,0.6898,8.3990,55.6510,0.5000,51.7143,,,,0,55.5440,9.1724,11.7840,1.6644,,,,,,,,,,,,
38.985,28.284,DASH,pronav,0,,,,,,,-32.997,24.867,-1.472,9.9400,-0.0015,4.5000,-0.5779,0.0000,15.5465,-3.7826,0.1330,-34.4005,0.6330,37.7680,13.4714,0.6851,8.3900,55.9390,0.5000,51.6391,,,,0,56.1332,9.2557,11.7840,1.6644,,,,,,,,,,,,
39.036,28.292,DASH,pronav,0,,,,,,,-32.997,24.794,-1.472,9.9399,-0.0015,4.5000,-0.5779,0.0000,15.5555,-3.7451,0.1330,-33.9423,0.6330,37.7444,13.6482,0.6828,8.3782,56.2270,0.5000,51.7239,,,,0,56.7224,9.3389,11.7840,1.6644,,,,,,,,,,,,
39.086,28.316,DASH,pronav,0,,,,,,,-32.976,24.720,-1.472,9.9398,-0.0015,4.5000,-0.5779,0.0000,15.4339,-4.2185,0.1320,-35.2085,0.6320,37.7045,13.9428,0.6788,8.3639,56.5150,0.5000,51.7039,54.6084,8.7003,0.0064,1,55.6897,8.9890,11.9499,1.0724,0.1520,,,,,,,,,,,
39.136,28.344,DASH,pronav,0,,,,,,,-32.980,24.647,-1.472,9.9398,-0.0015,4.5000,-0.5779,0.0000,15.4434,-4.1833,0.1290,-34.7599,0.6290,37.6395,14.4145,0.6725,8.3468,56.8030,0.5000,51.5255,,,,0,56.2872,9.0427,11.9499,1.0724,,,,,,,,,,,,
39.187,28.348,DASH,pronav,0,,,,,,,-32.980,24.573,-1.472,9.9397,-0.0015,4.5000,-0.5779,0.0000,15.4498,-4.1598,0.1290,-34.5737,0.6290,37.6395,14.4145,0.6725,8.3468,56.8030,0.5000,51.5255,,,,0,56.8847,9.0963,11.9499,1.0724,,,,,,,,,,,,
39.238,28.384,DASH,pronav,0,,,,,,,-33.005,24.500,-1.472,9.9396,-0.0015,4.5000,-0.5779,0.0000,15.3610,-4.4766,0.1260,-35.2412,0.6260,37.5728,14.8863,0.6659,8.3272,57.0910,0.5000,51.3475,56.0727,8.7469,0.2530,1,56.6365,8.9081,11.5330,0.7918,0.1160,,,,,,,,,,,
39.289,28.408,DASH,pronav,0,,,,,,,-33.019,24.426,-1.472,9.9395,-0.0015,4.5000,-0.5779,0.0000,15.3708,-4.4426,0.1250,-34.8182,0.6250,37.4957,15.4173,0.6581,8.3049,57.3790,0.5000,51.1167,,,,0,57.2131,8.9477,11.5330,0.7918,,,,,,,,,,,,
39.342,28.416,DASH,pronav,0,,,,,,,-33.026,24.352,-1.472,9.9395,-0.0015,4.5000,-0.5779,0.0000,15.3770,-4.4211,0.1250,-34.6538,0.6250,37.4957,15.4173,0.6581,8.3049,57.3790,0.5000,51.1167,,,,0,57.7898,8.9873,11.5330,0.7918,,,,,,,,,,,,
39.392,28.448,DASH,pronav,0,,,,,,,-33.052,24.279,-1.472,9.9394,-0.0015,4.5000,-0.5779,0.0000,15.2079,-4.9718,0.1210,-35.1166,0.6210,37.4253,15.8893,0.6511,8.2528,57.9550,0.5000,51.1916,57.2307,8.7177,0.2747,1,57.6850,8.8414,13.2338,-0.5520,0.0760,,,,,,,,,,,
39.445,28.448,DASH,pronav,0,,,,,,,-33.052,24.205,-1.472,9.9393,-0.0015,4.5000,-0.5779,0.0000,15.2170,-4.9441,0.1210,-34.7031,0.6210,37.4253,15.8893,0.6511,8.2528,57.9550,0.5000,51.1916,,,,0,58.3467,8.8138,13.2338,-0.5520,,,,,,,,,,,,
39.495,28.480,DASH,pronav,0,,,,,,,-33.078,24.132,-1.472,9.9392,-0.0015,4.5000,-0.5779,0.0000,15.2258,-4.9167,0.1180,-34.2987,0.6180,37.3529,16.3615,0.6440,8.2229,58.2430,0.5000,51.0161,,,,0,59.0084,8.7862,13.2338,-0.5520,,,,,,,,,,,,
39.545,28.488,DASH,pronav,0,,,,,,,-33.090,24.058,-1.472,9.9392,-0.0015,4.5000,-0.5779,0.0000,15.2305,-4.9021,0.1160,-34.1412,0.6160,37.3253,16.5386,0.6414,8.1907,58.5310,0.5000,51.1098,,,,0,59.6701,8.7586,13.2338,-0.5520,,,,,,,,,,,,
39.596,28.516,DASH,pronav,0,,,,,,,-33.109,23.984,-1.472,9.9391,-0.0015,4.5000,-0.5779,0.0000,15.2353,-4.8872,0.1130,-33.9819,0.6130,37.2786,16.8337,0.6369,8.1560,58.8190,0.5000,51.0970,,,,0,60.3318,8.7310,13.2338,-0.5520,,,,,,,,,,,,
39.647,28.548,DASH,pronav,0,,,,,,,-33.126,23.911,-1.472,9.9390,-0.0015,4.5000,-0.5779,0.0000,15.2439,-4.8604,0.1080,-33.5921,0.6080,37.1923,17.3651,0.6290,8.1189,59.1070,0.5000,50.8691,,,,0,60.9935,8.7034,13.2338,-0.5520,,,,,,,,,,,,
39.697,28.548,DASH,pronav,0,,,,,,,-33.126,23.837,-1.472,9.9389,-0.0015,4.5000,-0.5779,0.0000,15.2487,-4.8452,0.1080,-33.4336,0.6080,37.1923,17.3651,0.6290,8.1189,59.1070,0.5000,50.8691,,,,0,61.6552,8.6758,13.2338,-0.5520,,,,,,,,,,,,
39.748,28.580,DASH,pronav,0,,,,,,,-33.150,23.764,-1.472,9.9389,-0.0015,4.5000,-0.5779,0.0000,15.2571,-4.8189,0.1060,-33.0551,0.6060,37.1132,17.8374,0.6223,8.0451,59.6350,0.5000,50.9117,,,,0,62.3169,8.6482,13.2338,-0.5520,,,,,,,,,,,,
39.799,28.604,DASH,pronav,0,,,,,,,-33.191,23.690,-1.472,9.9388,-0.0015,4.5000,-0.5779,0.0000,15.2611,-4.8061,0.1010,-32.9505,0.6010,37.0314,18.3098,0.6157,8.0017,59.9230,0.5000,50.7385,,,,0,62.9786,8.6206,13.2338,-0.5520,,,,,,,,,,,,
39.850,28.612,DASH,pronav,0,,,,,,,-33.203,23.617,-1.472,9.9387,-0.0015,4.5000,-0.5779,0.0000,15.2692,-4.7802,0.1010,-32.5815,0.6010,37.0314,18.3098,0.6157,8.0017,59.9230,0.5000,50.7385,,,,0,63.6402,8.5930,13.2338,-0.5520,,,,,,,,,,,,
39.901,28.648,DASH,pronav,0,,,,,,,-33.264,23.543,-1.472,9.9386,-0.0015,4.5000,-0.5779,0.0000,15.1290,-5.2070,0.0960,-34.8340,0.5960,36.9471,18.7821,0.6092,7.9562,60.2110,0.5000,50.5652,58.4140,8.5962,0.0430,1,60.7692,8.5839,11.2215,-0.3235,0.1760,,,,,,,,,,,
39.952,28.668,DASH,pronav,0,,,,,,,-33.309,23.469,-1.472,9.9386,-0.0015,4.5000,-0.5779,0.0000,15.0572,-5.4112,0.0920,-35.3574,0.5920,36.9040,19.0182,0.6059,7.9085,60.4990,0.5000,50.6103,59.4428,8.3551,0.0112,1,60.1978,8.4401,11.9997,-0.8395,0.1040,,,,,,,,,,,
40.003,28.680,DASH,pronav,0,,,,,,,-33.328,23.396,-1.472,9.9385,-0.0015,4.5000,-0.5779,0.0000,15.0666,-5.3849,0.0920,-34.9926,0.5920,36.8491,19.3133,0.6019,7.8589,60.7870,0.5000,50.6014,,,,0,60.7978,8.3982,11.9997,-0.8395,,,,,,,,,,,,
40.053,28.708,DASH,pronav,0,,,,,,,-33.396,23.322,-1.472,9.9384,-0.0015,4.5000,-0.5779,0.0000,15.0714,-5.3715,0.0860,-34.8659,0.5860,36.7591,19.7854,0.5953,7.8074,61.0750,0.5000,50.4285,,,,0,61.3978,8.3562,11.9997,-0.8395,,,,,,,,,,,,
40.104,28.712,DASH,pronav,0,,,,,,,-33.408,23.249,-1.472,9.9383,-0.0015,4.5000,-0.5779,0.0000,15.0806,-5.3456,0.0860,-34.5106,0.5860,36.7591,19.7854,0.5953,7.8074,61.0750,0.5000,50.4285,,,,0,61.9977,8.3142,11.9997,-0.8395,,,,,,,,,,,,
40.155,28.744,DASH,pronav,0,,,,,,,-33.447,23.175,-1.472,9.9383,-0.0015,4.5000,-0.5779,0.0000,15.0855,-5.3318,0.0790,-34.3829,0.5790,36.6664,20.2574,0.5888,7.6988,61.6510,0.5000,50.5228,,,,0,62.5977,8.2722,11.9997,-0.8395,,,,,,,,,,,,
40.206,28.764,DASH,pronav,0,,,,,,,-33.457,23.102,-1.472,9.9382,-0.0015,4.5000,-0.5779,0.0000,15.0905,-5.3175,0.0790,-34.2522,0.5790,36.6309,20.4344,0.5863,7.6988,61.6510,0.5000,50.3575,,,,0,63.1977,8.2303,11.9997,-0.8395,,,,,,,,,,,,
40.260,28.780,DASH,pronav,0,,,,,,,-33.482,23.028,-1.472,9.9381,-0.0015,4.5000,-0.5779,0.0000,14.8454,-5.9678,0.0770,-34.9715,0.5770,36.5709,20.7293,0.5824,7.6988,61.6510,0.5000,50.0818,61.0022,8.2397,0.1203,1,62.1204,8.2192,12.2256,-1.9266,0.1080,,,,,,,,,,,
40.311,28.812,DASH,pronav,0,,,,,,,-33.541,22.954,-1.472,9.9380,-0.0015,4.5000,-0.5779,0.0000,14.8472,-5.9632,0.0700,-34.9340,0.5700,36.4599,21.2600,0.5753,7.5834,62.2270,0.5000,50.1214,,,,0,62.7317,8.1228,12.2256,-1.9266,,,,,,,,,,,,
40.361,28.828,DASH,pronav,0,,,,,,,-33.557,22.881,-1.472,9.9380,-0.0015,4.5000,-0.5779,0.0000,14.8507,-5.9546,0.0660,-34.8368,0.5660,36.4221,21.4368,0.5730,7.5234,62.5150,0.5000,50.2251,,,,0,63.3430,8.0265,12.2256,-1.9266,,,,,,,,,,,,
40.411,28.844,DASH,pronav,0,,,,,,,-33.573,22.807,-1.472,9.9379,-0.0015,4.5000,-0.5779,0.0000,14.8592,-5.9334,0.0640,-34.5254,0.5640,36.3582,21.7315,0.5692,7.5234,62.5150,0.5000,49.9475,,,,0,63.9543,7.9302,12.2256,-1.9266,,,,,,,,,,,,
40.463,28.876,DASH,pronav,0,,,,,,,-33.586,22.734,-1.472,9.9378,-0.0015,4.5000,-0.5779,0.0000,14.6531,-6.4256,0.0600,-35.3989,0.5600,36.2799,22.0850,0.5647,7.4618,62.8030,0.5000,49.8843,61.7586,8.1003,0.2242,1,62.8814,7.9937,11.0731,-2.1743,0.1080,,,,,,,,,,,
40.514,28.876,DASH,pronav,0,,,,,,,-33.586,22.660,-1.472,9.9377,-0.0015,4.5000,-0.5779,0.0000,14.6616,-6.4060,0.0600,-35.1267,0.5600,36.2799,22.0850,0.5647,7.4618,62.8030,0.5000,49.8843,,,,0,63.4350,7.8850,11.0731,-2.1743,,,,,,,,,,,,
40.564,28.900,DASH,pronav,0,,,,,,,-33.597,22.586,-1.472,9.9377,-0.0015,4.5000,-0.5779,0.0000,14.6638,-6.4009,0.0580,-35.0719,0.5580,36.1456,22.6738,0.5576,7.3348,63.3790,0.5000,49.8696,,,,0,63.9887,7.7763,11.0731,-2.1743,,,,,,,,,,,,
40.618,28.912,DASH,pronav,0,,,,,,,-33.611,22.513,-1.472,9.9376,-0.0015,4.5000,-0.5779,0.0000,14.6723,-6.3816,0.0540,-34.8064,0.5540,36.1456,22.6738,0.5576,7.3348,63.3790,0.5000,49.8696,,,,0,64.5424,7.6676,11.0731,-2.1743,,,,,,,,,,,,
40.669,28.944,DASH,pronav,0,,,,,,,-33.624,22.439,-1.472,9.9375,-0.0015,4.5000,-0.5779,0.0000,14.6747,-6.3760,0.0490,-34.7487,0.5490,36.0203,23.2034,0.5516,7.2695,63.6670,0.5000,49.6378,,,,0,65.0960,7.5589,11.0731,-2.1743,,,,,,,,,,,,
40.719,28.952,DASH,pronav,0,,,,,,,-33.624,22.366,-1.472,9.9374,-0.0015,4.5000,-0.5779,0.0000,14.6774,-6.3698,0.0490,-34.6870,0.5490,35.9775,23.3798,0.5497,7.1356,64.2430,0.5000,50.0166,,,,0,65.6497,7.4501,11.0731,-2.1743,,,,,,,,,,,,
40.769,28.976,DASH,pronav,0,,,,,,,-33.634,22.292,-1.472,9.9374,-0.0015,4.5000,-0.5779,0.0000,14.6856,-6.3508,0.0460,-34.4290,0.5460,35.9053,23.6738,0.5466,7.1356,64.2430,0.5000,49.7349,,,,0,66.2033,7.3414,11.0731,-2.1743,,,,,,,,,,,,
40.819,29.004,DASH,pronav,0,,,,,,,-33.662,22.219,-1.472,9.9373,-0.0015,4.5000,-0.5779,0.0000,14.6872,-6.3471,0.0410,-34.4114,0.5410,35.7868,24.1437,0.5419,6.9982,64.8190,0.5000,49.8324,,,,0,66.7570,7.2327,11.0731,-2.1743,,,,,,,,,,,,
40.870,29.008,DASH,pronav,0,,,,,,,-33.662,22.145,-1.472,9.9372,-0.0015,4.5000,-0.5779,0.0000,14.6953,-6.3283,0.0410,-34.1586,0.5410,35.7868,24.1437,0.5419,6.9982,64.8190,0.5000,49.8324,,,,0,67.3106,7.1240,11.0731,-2.1743,,,,,,,,,,,,
40.922,29.044,DASH,pronav,0,,,,,,,-33.725,22.071,-1.472,9.9371,-0.0015,4.5000,-0.5779,0.0000,14.6874,-6.3467,0.0370,-35.6731,0.5370,35.6647,24.6132,0.5374,6.9283,65.1070,0.5000,49.6541,62.6638,7.8775,0.2000,1,64.7440,7.5326,10.6024,-1.8082,0.1720,,,,,,,,,,,
40.973,29.068,DASH,pronav,0,,,,,,,-33.768,21.998,-1.472,9.9371,-0.0015,4.5000,-0.5779,0.0000,14.6916,-6.3369,0.0340,-35.5923,0.5340,35.6023,24.8478,0.5352,6.8697,65.3470,0.5000,49.6564,,,,0,65.2741,7.4422,10.6024,-1.8082,,,,,,,,,,,,
41.024,29.076,DASH,pronav,0,,,,,,,-33.787,21.924,-1.472,9.9370,-0.0015,4.5000,-0.5779,0.0000,14.7006,-6.3160,0.0340,-35.3136,0.5340,35.5230,25.1407,0.5324,6.7988,65.6350,0.5000,49.6474,,,,0,65.8042,7.3518,10.6024,-1.8082,,,,,,,,,,,,
41.078,29.108,DASH,pronav,0,,,,,,,-33.875,21.851,-1.472,9.9369,-0.0015,4.5000,-0.5779,0.0000,14.7274,-6.2534,0.0280,-35.9569,0.5280,35.3932,25.6091,0.5278,6.7275,65.9230,0.5000,49.4666,64.2225,7.5296,0.2261,1,65.0672,7.4223,13.3143,-2.7796,0.1400,,,,,,,,,,,
41.128,29.128,DASH,pronav,0,,,,,,,-33.937,21.777,-1.472,9.9368,-0.0015,4.5000,-0.5779,0.0000,14.7321,-6.2422,0.0260,-35.8172,0.5260,35.3437,25.7845,0.5261,6.6558,66.2110,0.5000,49.5711,,,,0,65.7330,7.2833,13.3143,-2.7796,,,,,,,,,,,,
41.181,29.140,DASH,pronav,0,,,,,,,-33.963,21.703,-1.472,9.9368,-0.0015,4.5000,-0.5779,0.0000,14.7403,-6.2229,0.0260,-35.4867,0.5260,35.2599,26.0768,0.5231,6.6558,66.2110,0.5000,49.2844,,,,0,66.3987,7.1444,13.3143,-2.7796,,,,,,,,,,,,
41.231,29.144,DASH,pronav,0,,,,,,,-33.963,21.630,-1.472,9.9367,-0.0015,4.5000,-0.5779,0.0000,14.7483,-6.2037,0.0260,-35.1646,0.5260,35.2090,26.2520,0.5213,6.5840,66.4990,0.5000,49.3884,,,,0,67.0644,7.0054,13.3143,-2.7796,,,,,,,,,,,,
41.282,29.176,DASH,pronav,0,,,,,,,-34.109,21.556,-1.472,9.9366,-0.0015,4.5000,-0.5779,0.0000,14.7532,-6.1922,0.0200,-35.0272,0.5200,35.1231,26.5439,0.5183,6.5840,66.4990,0.5000,49.1008,,,,0,67.7301,6.8664,13.3143,-2.7796,,,,,,,,,,,,
41.332,29.204,DASH,pronav,0,,,,,,,-34.191,21.483,-1.472,9.9365,-0.0015,4.5000,-0.5779,0.0000,14.7576,-6.1818,0.0150,-34.9287,0.5150,34.9650,27.0687,0.5126,6.4400,67.0750,0.5000,49.1343,,,,0,68.3958,6.7274,13.3143,-2.7796,,,,,,,,,,,,
41.384,29.208,DASH,pronav,0,,,,,,,-34.242,21.409,-1.472,9.9365,-0.0015,4.5000,-0.5779,0.0000,14.7654,-6.1631,0.0130,-34.6192,0.5130,34.9650,27.0687,0.5126,6.4400,67.0750,0.5000,49.1343,,,,0,69.0615,6.5884,13.3143,-2.7796,,,,,,,,,,,,
41.435,29.240,DASH,pronav,0,,,,,,,-34.364,21.336,-1.472,9.9364,-0.0015,4.5000,-0.5779,0.0000,14.8560,-5.9414,0.0080,-35.7777,0.5080,34.8210,27.5347,0.5074,6.3681,67.3630,0.5000,48.9476,65.3397,7.2958,0.2170,1,67.0947,6.9573,11.8736,-1.6794,0.1760,,,,,,,,,,,
41.485,29.260,DASH,pronav,0,,,,,,,-34.453,21.262,-1.472,9.9363,-0.0015,4.5000,-0.5779,0.0000,14.8632,-5.9234,0.0050,-35.6168,0.5050,34.7662,27.7093,0.5054,6.2964,67.6510,0.5000,49.0497,,,,0,67.6884,6.8733,11.8736,-1.6794,,,,,,,,,,,,
41.536,29.272,DASH,pronav,0,,,,,,,-34.541,21.188,-1.472,9.9362,-0.0015,4.5000,-0.5779,0.0000,14.6404,-6.4544,0.0000,-35.8730,0.5000,34.6739,28.0001,0.5020,6.2964,67.6510,0.5000,48.7594,66.6649,6.9486,0.1573,1,67.3118,6.8849,12.0821,-2.6420,0.1040,,,,,,,,,,,
41.587,29.308,DASH,pronav,0,,,,,,,-34.684,21.115,-1.472,9.9362,-0.0015,4.5000,-0.5779,0.0000,14.6458,-6.4421,-0.0080,-35.7474,0.4920,34.5237,28.4651,0.4966,6.1539,68.2270,0.5000,48.8452,,,,0,67.9159,6.7528,12.0821,-2.6420,,,,,,,,,,,,
41.637,29.320,DASH,pronav,0,,,,,,,-34.719,21.041,-1.472,9.9361,-0.0015,4.5000,-0.5779,0.0000,14.6514,-6.4294,-0.0080,-35.6186,0.4920,34.4475,28.6974,0.4939,6.0834,68.5150,0.5000,48.8873,,,,0,68.5200,6.6207,12.0821,-2.6420,,,,,,,,,,,,
41.688,29.340,DASH,pronav,0,,,,,,,-34.794,20.968,-1.472,9.9360,-0.0015,4.5000,-0.5779,0.0000,14.6596,-6.4107,-0.0120,-35.3251,0.4880,34.3514,28.9877,0.4905,6.0834,68.5150,0.5000,48.5951,,,,0,69.1241,6.4886,12.0821,-2.6420,,,,,,,,,,,,
