t_s,state,streak,armed,offboard,offb_age_s,mode,alt_m,alt_ref_m,floor_active,yaw_deg,trig_go,trig_link,trig_age_s,trig_clock_fault,trig_us,det_new,det_range_m,v_north,v_east,v_down,yaw_cmd_deg,sp_source,bearing_deg,lambda_deg,lambda_dot_deg_s,r_hat_m,rdot_hat_m_s,v_perp,terminal_coast,own_state_ok,own_age_s,meas_age_s,stale,yaw_hold,track_broken,coast_age_s,health,safe_reason
0.000,STANDBY,0,True,True,,,7.000,7.000,0,0.00,0,1,0.00,0,1100,0,,0.0000,0.0000,0.0000,54.42,standby,,,,,,,,,,,,,,,,
0.050,STANDBY,0,True,True,,,7.000,7.000,0,2.25,0,1,0.00,0,1100,0,,0.0000,0.0000,0.0000,54.42,standby,,,,,,,,,,,,,,,,
0.100,STANDBY,0,True,True,,,7.000,7.000,0,4.50,0,1,0.00,0,1100,0,,0.0000,0.0000,0.0000,54.42,standby,,,,,,,,,,,,,,,,
0.150,STANDBY,0,True,True,,,7.000,7.000,0,6.75,0,1,0.00,0,1100,0,,0.0000,0.0000,0.0000,54.42,standby,,,,,,,,,,,,,,,,
0.200,STANDBY,0,True,True,,,7.000,7.000,0,9.00,0,1,0.00,0,1100,0,,0.0000,0.0000,0.0000,54.42,standby,,,,,,,,,,,,,,,,
0.250,STANDBY,0,True,True,,,7.000,7.000,0,11.25,0,1,0.00,0,1100,0,,0.0000,0.0000,0.0000,54.42,standby,,,,,,,,,,,,,,,,
0.300,STANDBY,0,True,True,,,7.000,7.000,0,13.50,0,1,0.00,0,1100,0,,0.0000,0.0000,0.0000,54.42,standby,,,,,,,,,,,,,,,,
0.350,STANDBY,0,True,True,,,7.000,7.000,0,15.75,0,1,0.00,0,1100,0,,0.0000,0.0000,0.0000,54.42,standby,,,,,,,,,,,,,,,,
0.400,STANDBY,0,True,True,,,7.000,7.000,0,18.00,0,1,0.00,0,1100,0,,0.0000,0.0000,0.0000,54.42,standby,,,,,,,,,,,,,,,,
0.450,STANDBY,0,True,True,,,7.000,7.000,0,20.25,0,1,0.00,0,1100,0,,0.0000,0.0000,0.0000,54.42,standby,,,,,,,,,,,,,,,,
0.500,STANDBY,0,True,True,,,7.000,7.000,0,22.50,0,1,0.00,0,1100,0,,0.0000,0.0000,0.0000,54.42,standby,,,,,,,,,,,,,,,,
0.550,STANDBY,0,True,True,,,7.000,7.000,0,24.75,0,1,0.00,0,1100,0,,0.0000,0.0000,0.0000,54.42,standby,,,,,,,,,,,,,,,,
0.600,STANDBY,0,True,True,,,7.000,7.000,0,27.00,0,1,0.00,0,1100,0,,0.0000,0.0000,0.0000,54.42,standby,,,,,,,,,,,,,,,,
0.650,STANDBY,0,True,True,,,7.000,7.000,0,29.25,0,1,0.00,0,1100,0,,0.0000,0.0000,0.0000,54.42,standby,,,,,,,,,,,,,,,,
0.700,STANDBY,0,True,True,,,7.000,7.000,0,31.50,0,1,0.00,0,1100,0,,0.0000,0.0000,0.0000,54.42,standby,,,,,,,,,,,,,,,,
0.750,STANDBY,0,True,True,,,7.000,7.000,0,33.75,0,1,0.00,0,1100,0,,0.0000,0.0000,0.0000,54.42,standby,,,,,,,,,,,,,,,,
0.800,STANDBY,0,True,True,,,7.000,7.000,0,36.00,0,1,0.00,0,1100,0,,0.0000,0.0000,0.0000,54.42,standby,,,,,,,,,,,,,,,,
0.850,STANDBY,0,True,True,,,7.000,7.000,0,38.25,0,1,0.00,0,1100,0,,0.0000,0.0000,0.0000,54.42,standby,,,,,,,,,,,,,,,,
0.900,STANDBY,0,True,True,,,7.000,7.000,0,40.50,0,1,0.00,0,1100,0,,0.0000,0.0000,0.0000,54.42,standby,,,,,,,,,,,,,,,,
0.950,STANDBY,0,True,True,,,7.000,7.000,0,42.75,0,1,0.00,0,1100,0,,0.0000,0.0000,0.0000,54.42,standby,,,,,,,,,,,,,,,,
1.000,STANDBY,0,True,True,,,7.000,7.000,0,45.00,0,1,0.00,0,1100,0,,0.0000,0.0000,0.0000,54.42,standby,,,,,,,,,,,,,,,,
1.050,STANDBY,0,True,True,,,7.000,7.000,0,47.25,0,1,0.00,0,1100,0,,0.0000,0.0000,0.0000,54.42,standby,,,,,,,,,,,,,,,,
1.100,STANDBY,0,True,True,,,7.000,7.000,0,49.50,0,1,0.00,0,1100,0,,0.0000,0.0000,0.0000,54.42,standby,,,,,,,,,,,,,,,,
1.150,STANDBY,0,True,True,,,7.000,7.000,0,51.75,0,1,0.00,0,1100,0,,0.0000,0.0000,0.0000,54.42,standby,,,,,,,,,,,,,,,,
1.200,STANDBY,0,True,True,,,7.000,7.000,0,54.00,0,1,0.00,0,1100,0,,0.0000,0.0000,0.0000,54.42,standby,,,,,,,,,,,,,,,,
1.250,STANDBY,0,True,True,,,7.000,7.000,0,54.42,0,1,0.00,0,1100,0,,0.0000,0.0000,0.0000,54.42,standby,,,,,,,,,,,,,,,,
1.300,STANDBY,0,True,True,,,7.000,7.000,0,54.42,0,1,0.00,0,1100,0,,0.0000,0.0000,0.0000,54.42,standby,,,,,,,,,,,,,,,,
1.350,STANDBY,0,True,True,,,7.000,7.000,0,54.42,0,1,0.00,0,1100,0,,0.0000,0.0000,0.0000,54.42,standby,,,,,,,,,,,,,,,,
1.400,STANDBY,0,True,True,,,7.000,7.000,0,54.42,0,1,0.00,0,1100,0,,0.0000,0.0000,0.0000,54.42,standby,,,,,,,,,,,,,,,,
1.450,STANDBY,0,True,True,,,7.000,7.000,0,54.42,0,1,0.00,0,1100,0,,0.0000,0.0000,0.0000,54.42,standby,,,,,,,,,,,,,,,,
1.500,STANDBY,0,True,True,,,7.000,7.000,0,54.42,0,1,0.00,0,1100,0,,0.0000,0.0000,0.0000,54.42,standby,,,,,,,,,,,,,,,,
1.550,STANDBY,0,True,True,,,7.000,7.000,0,54.42,0,1,0.00,0,1100,0,,0.0000,0.0000,0.0000,54.42,standby,,,,,,,,,,,,,,,,
1.600,STANDBY,0,True,True,,,7.000,7.000,0,54.42,0,1,0.00,0,1100,0,,0.0000,0.0000,0.0000,54.42,standby,,,,,,,,,,,,,,,,
1.650,STANDBY,0,True,True,,,7.000,7.000,0,54.42,0,1,0.00,0,1100,0,,0.0000,0.0000,0.0000,54.42,standby,,,,,,,,,,,,,,,,
1.700,STANDBY,0,True,True,,,7.000,7.000,0,54.42,0,1,0.00,0,1100,0,,0.0000,0.0000,0.0000,54.42,standby,,,,,,,,,,,,,,,,
1.750,STANDBY,0,True,True,,,7.000,7.000,0,54.42,0,1,0.00,0,1100,0,,0.0000,0.0000,0.0000,54.42,standby,,,,,,,,,,,,,,,,
1.800,STANDBY,0,True,True,,,7.000,7.000,0,54.42,0,1,0.00,0,1100,0,,0.0000,0.0000,0.0000,54.42,standby,,,,,,,,,,,,,,,,
1.850,STANDBY,0,True,True,,,7.000,7.000,0,54.42,0,1,0.00,0,1100,0,,0.0000,0.0000,0.0000,54.42,standby,,,,,,,,,,,,,,,,
1.900,STANDBY,0,True,True,,,7.000,7.000,0,54.42,0,1,0.00,0,1100,0,,0.0000,0.0000,0.0000,54.42,standby,,,,,,,,,,,,,,,,
1.950,STANDBY,0,True,True,,,7.000,7.000,0,54.42,0,1,0.00,0,1100,0,,0.0000,0.0000,0.0000,54.42,standby,,,,,,,,,,,,,,,,
2.000,STANDBY,0,True,True,,,7.000,7.000,0,54.42,0,1,0.00,0,1100,0,,0.0000,0.0000,0.0000,54.42,standby,,,,,,,,,,,,,,,,
2.050,STANDBY,0,True,True,,,7.000,7.000,0,54.42,0,1,0.00,0,1100,0,,0.0000,0.0000,0.0000,54.42,standby,,,,,,,,,,,,,,,,
2.100,STANDBY,0,True,True,,,7.000,7.000,0,54.42,0,1,0.00,0,1100,0,,0.0000,0.0000,0.0000,54.42,standby,,,,,,,,,,,,,,,,
2.150,STANDBY,0,True,True,,,7.000,7.000,0,54.42,0,1,0.00,0,1100,0,,0.0000,0.0000,0.0000,54.42,standby,,,,,,,,,,,,,,,,
2.200,ENGAGE,0,True,True,,,7.000,7.000,0,54.42,1,1,0.00,0,1900,0,,0.0000,0.0000,0.0000,54.42,engage,,,,,,,,,,,,,,,,
2.250,BREAKOFF,0,True,True,,,7.000,7.000,0,54.42,1,1,0.00,0,1900,1,0.382,0.0000,0.0000,-1.0000,45.42,guided,,,,,,,0,1,,,0,0,0,,own_vel_fallback,
2.300,BREAKOFF,0,True,True,,,7.050,7.000,0,52.17,1,1,0.00,0,1900,1,0.382,0.0000,0.0000,-1.0000,45.42,breakoff,,,,,,,,,,,,,,,,
2.350,BREAKOFF,0,True,True,,,7.100,7.000,0,49.92,1,1,0.00,0,1900,1,0.382,0.0000,0.0000,-1.0000,45.42,breakoff,,,,,,,,,,,,,,,,
2.400,BREAKOFF,0,True,True,,,7.150,7.000,0,47.67,1,1,0.00,0,1900,1,0.382,0.0000,0.0000,-1.0000,45.42,breakoff,,,,,,,,,,,,,,,,
2.450,BREAKOFF,0,True,True,,,7.200,7.000,0,45.42,1,1,0.00,0,1900,1,0.382,0.0000,0.0000,-1.0000,45.42,breakoff,,,,,,,,,,,,,,,,
2.500,BREAKOFF,0,True,True,,,7.250,7.000,0,45.42,1,1,0.00,0,1900,1,0.382,0.0000,0.0000,-1.0000,45.42,breakoff,,,,,,,,,,,,,,,,
2.550,BREAKOFF,0,True,True,,,7.300,7.000,0,45.42,1,1,0.00,0,1900,1,0.382,0.0000,0.0000,-1.0000,45.42,breakoff,,,,,,,,,,,,,,,,
2.600,BREAKOFF,0,True,True,,,7.350,7.000,0,45.42,1,1,0.00,0,1900,1,0.382,0.0000,0.0000,-1.0000,45.42,breakoff,,,,,,,,,,,,,,,,
2.650,BREAKOFF,0,True,True,,,7.400,7.000,0,45.42,1,1,0.00,0,1900,1,0.382,0.0000,0.0000,-1.0000,45.42,breakoff,,,,,,,,,,,,,,,,
2.700,BREAKOFF,0,True,True,,,7.450,7.000,0,45.42,1,1,0.00,0,1900,1,0.382,0.0000,0.0000,-1.0000,45.42,breakoff,,,,,,,,,,,,,,,,
2.750,BREAKOFF,0,True,True,,,7.500,7.000,0,45.42,1,1,0.00,0,1900,1,0.382,0.0000,0.0000,-1.0000,45.42,breakoff,,,,,,,,,,,,,,,,
2.800,BREAKOFF,0,True,True,,,7.550,7.000,0,45.42,1,1,0.00,0,1900,1,0.382,0.0000,0.0000,-1.0000,45.42,breakoff,,,,,,,,,,,,,,,,
2.850,BREAKOFF,0,True,True,,,7.600,7.000,0,45.42,1,1,0.00,0,1900,1,0.382,0.0000,0.0000,-1.0000,45.42,breakoff,,,,,,,,,,,,,,,,
2.900,BREAKOFF,0,True,True,,,7.650,7.000,0,45.42,1,1,0.00,0,1900,1,0.382,0.0000,0.0000,-1.0000,45.42,breakoff,,,,,,,,,,,,,,,,
2.950,BREAKOFF,0,True,True,,,7.700,7.000,0,45.42,1,1,0.00,0,1900,1,0.382,0.0000,0.0000,-1.0000,45.42,breakoff,,,,,,,,,,,,,,,,
3.000,BREAKOFF,0,True,True,,,7.750,7.000,0,45.42,1,1,0.00,0,1900,1,0.382,0.0000,0.0000,-1.0000,45.42,breakoff,,,,,,,,,,,,,,,,
3.050,BREAKOFF,0,True,True,,,7.800,7.000,0,45.42,1,1,0.00,0,1900,1,0.382,0.0000,0.0000,-1.0000,45.42,breakoff,,,,,,,,,,,,,,,,
3.100,BREAKOFF,0,True,True,,,7.850,7.000,0,45.42,1,1,0.00,0,1900,1,0.382,0.0000,0.0000,-1.0000,45.42,breakoff,,,,,,,,,,,,,,,,
3.150,BREAKOFF,0,True,True,,,7.900,7.000,0,45.42,1,1,0.00,0,1900,1,0.382,0.0000,0.0000,-1.0000,45.42,breakoff,,,,,,,,,,,,,,,,
3.200,BREAKOFF,0,True,True,,,7.950,7.000,0,45.42,1,1,0.00,0,1900,1,0.382,0.0000,0.0000,-1.0000,45.42,breakoff,,,,,,,,,,,,,,,,
3.250,BREAKOFF,0,True,True,,,8.000,7.000,0,45.42,1,1,0.00,0,1900,1,0.382,0.0000,0.0000,-1.0000,45.42,breakoff,,,,,,,,,,,,,,,,
3.300,BREAKOFF,0,True,True,,,8.050,7.000,0,45.42,1,1,0.00,0,1900,1,0.382,0.0000,0.0000,-1.0000,45.42,breakoff,,,,,,,,,,,,,,,,
3.350,BREAKOFF,0,True,True,,,8.100,7.000,0,45.42,1,1,0.00,0,1900,1,0.382,0.0000,0.0000,-1.0000,45.42,breakoff,,,,,,,,,,,,,,,,
3.400,BREAKOFF,0,True,True,,,8.150,7.000,0,45.42,1,1,0.00,0,1900,1,0.382,0.0000,0.0000,-1.0000,45.42,breakoff,,,,,,,,,,,,,,,,
3.450,BREAKOFF,0,True,True,,,8.200,7.000,0,45.42,1,1,0.00,0,1900,1,0.382,0.0000,0.0000,-1.0000,45.42,breakoff,,,,,,,,,,,,,,,,
3.500,BREAKOFF,0,True,True,,,8.250,7.000,0,45.42,1,1,0.00,0,1900,1,0.382,0.0000,0.0000,-1.0000,45.42,breakoff,,,,,,,,,,,,,,,,
3.550,BREAKOFF,0,True,True,,,8.300,7.000,0,45.42,1,1,0.00,0,1900,1,0.382,0.0000,0.0000,-1.0000,45.42,breakoff,,,,,,,,,,,,,,,,
3.600,BREAKOFF,0,True,True,,,8.350,7.000,0,45.42,1,1,0.00,0,1900,1,0.382,0.0000,0.0000,-1.0000,45.42,breakoff,,,,,,,,,,,,,,,,
3.650,BREAKOFF,0,True,True,,,8.400,7.000,0,45.42,1,1,0.00,0,1900,1,0.382,0.0000,0.0000,-1.0000,45.42,breakoff,,,,,,,,,,,,,,,,
3.700,BREAKOFF,0,True,True,,,8.450,7.000,0,45.42,1,1,0.00,0,1900,1,0.382,0.0000,0.0000,-1.0000,45.42,breakoff,,,,,,,,,,,,,,,,
3.750,SAFE,0,True,True,,,8.500,7.000,0,45.42,1,1,0.00,0,1900,1,0.382,0.0000,0.0000,0.0000,45.42,safe,,,,,,,,,,,,,,,,breakoff_complete
3.800,SAFE,0,True,True,,,8.500,7.000,0,45.42,1,1,0.00,0,1900,1,0.382,0.0000,0.0000,0.0000,45.42,safe,,,,,,,,,,,,,,,,breakoff_complete
3.850,SAFE,0,True,True,,,8.500,7.000,0,45.42,1,1,0.00,0,1900,1,0.382,0.0000,0.0000,0.0000,45.42,safe,,,,,,,,,,,,,,,,breakoff_complete
3.900,SAFE,0,True,True,,,8.500,7.000,0,45.42,1,1,0.00,0,1900,1,0.382,0.0000,0.0000,0.0000,45.42,safe,,,,,,,,,,,,,,,,breakoff_complete
3.950,SAFE,0,True,True,,,8.500,7.000,0,45.42,1,1,0.00,0,1900,1,0.382,0.0000,0.0000,0.0000,45.42,safe,,,,,,,,,,,,,,,,breakoff_complete
4.000,SAFE,0,True,True,,,8.500,7.000,0,45.42,1,1,0.00,0,1900,1,0.382,0.0000,0.0000,0.0000,45.42,safe,,,,,,,,,,,,,,,,breakoff_complete
4.050,SAFE,0,True,True,,,8.500,7.000,0,45.42,1,1,0.00,0,1900,1,0.382,0.0000,0.0000,0.0000,45.42,safe,,,,,,,,,,,,,,,,breakoff_complete
4.100,SAFE,0,True,True,,,8.500,7.000,0,45.42,1,1,0.00,0,1900,1,0.382,0.0000,0.0000,0.0000,45.42,safe,,,,,,,,,,,,,,,,breakoff_complete
4.150,SAFE,0,True,True,,,8.500,7.000,0,45.42,1,1,0.00,0,1900,1,0.382,0.0000,0.0000,0.0000,45.42,safe,,,,,,,,,,,,,,,,breakoff_complete
4.200,SAFE,0,True,True,,,8.500,7.000,0,45.42,1,1,0.00,0,1900,1,0.382,0.0000,0.0000,0.0000,45.42,safe,,,,,,,,,,,,,,,,breakoff_complete
4.250,SAFE,0,True,True,,,8.500,7.000,0,45.42,1,1,0.00,0,1900,1,0.382,0.0000,0.0000,0.0000,45.42,safe,,,,,,,,,,,,,,,,breakoff_complete
4.300,SAFE,0,True,True,,,8.500,7.000,0,45.42,1,1,0.00,0,1900,1,0.382,0.0000,0.0000,0.0000,45.42,safe,,,,,,,,,,,,,,,,breakoff_complete
4.350,SAFE,0,True,True,,,8.500,7.000,0,45.42,1,1,0.00,0,1900,1,0.382,0.0000,0.0000,0.0000,45.42,safe,,,,,,,,,,,,,,,,breakoff_complete
4.400,SAFE,0,True,True,,,8.500,7.000,0,45.42,1,1,0.00,0,1900,1,0.382,0.0000,0.0000,0.0000,45.42,safe,,,,,,,,,,,,,,,,breakoff_complete
4.450,SAFE,0,True,True,,,8.500,7.000,0,45.42,1,1,0.00,0,1900,1,0.382,0.0000,0.0000,0.0000,45.42,safe,,,,,,,,,,,,,,,,breakoff_complete
4.500,SAFE,0,True,True,,,8.500,7.000,0,45.42,1,1,0.00,0,1900,1,0.382,0.0000,0.0000,0.0000,45.42,safe,,,,,,,,,,,,,,,,breakoff_complete
4.550,SAFE,0,True,True,,,8.500,7.000,0,45.42,1,1,0.00,0,1900,1,0.382,0.0000,0.0000,0.0000,45.42,safe,,,,,,,,,,,,,,,,breakoff_complete
4.600,SAFE,0,True,True,,,8.500,7.000,0,45.42,1,1,0.00,0,1900,1,0.382,0.0000,0.0000,0.0000,45.42,safe,,,,,,,,,,,,,,,,breakoff_complete
4.650,SAFE,0,True,True,,,8.500,7.000,0,45.42,1,1,0.00,0,1900,1,0.382,0.0000,0.0000,0.0000,45.42,safe,,,,,,,,,,,,,,,,breakoff_complete
4.700,SAFE,0,True,True,,,8.500,7.000,0,45.42,1,1,0.00,0,1900,1,0.382,0.0000,0.0000,0.0000,45.42,safe,,,,,,,,,,,,,,,,breakoff_complete
4.750,SAFE,0,True,True,,,8.500,7.000,0,45.42,1,1,0.00,0,1900,1,0.382,0.0000,0.0000,0.0000,45.42,safe,,,,,,,,,,,,,,,,breakoff_complete
4.800,SAFE,0,True,True,,,8.500,7.000,0,45.42,1,1,0.00,0,1900,1,0.382,0.0000,0.0000,0.0000,45.42,safe,,,,,,,,,,,,,,,,breakoff_complete
4.850,SAFE,0,True,True,,,8.500,7.000,0,45.42,1,1,0.00,0,1900,1,0.382,0.0000,0.0000,0.0000,45.42,safe,,,,,,,,,,,,,,,,breakoff_complete
4.900,SAFE,0,True,True,,,8.500,7.000,0,45.42,1,1,0.00,0,1900,1,0.382,0.0000,0.0000,0.0000,45.42,safe,,,,,,,,,,,,,,,,breakoff_complete
4.950,SAFE,0,True,True,,,8.500,7.000,0,45.42,1,1,0.00,0,1900,1,0.382,0.0000,0.0000,0.0000,45.42,safe,,,,,,,,,,,,,,,,breakoff_complete
5.000,SAFE,0,True,True,,,8.500,7.000,0,45.42,1,1,0.00,0,1900,1,0.382,0.0000,0.0000,0.0000,45.42,safe,,,,,,,,,,,,,,,,breakoff_complete
5.050,SAFE,0,True,True,,,8.500,7.000,0,45.42,1,1,0.00,0,1900,1,0.382,0.0000,0.0000,0.0000,45.42,safe,,,,,,,,,,,,,,,,breakoff_complete
5.100,SAFE,0,True,True,,,8.500,7.000,0,45.42,1,1,0.00,0,1900,1,0.382,0.0000,0.0000,0.0000,45.42,safe,,,,,,,,,,,,,,,,breakoff_complete
5.150,SAFE,0,True,True,,,8.500,7.000,0,45.42,1,1,0.00,0,1900,1,0.382,0.0000,0.0000,0.0000,45.42,safe,,,,,,,,,,,,,,,,breakoff_complete
5.200,SAFE,0,True,True,,,8.500,7.000,0,45.42,1,1,0.00,0,1900,1,0.382,0.0000,0.0000,0.0000,45.42,safe,,,,,,,,,,,,,,,,breakoff_complete
5.250,SAFE,0,True,True,,,8.500,7.000,0,45.42,1,1,0.00,0,1900,1,0.382,0.0000,0.0000,0.0000,45.42,safe,,,,,,,,,,,,,,,,breakoff_complete
5.300,SAFE,0,True,True,,,8.500,7.000,0,45.42,1,1,0.00,0,1900,1,0.382,0.0000,0.0000,0.0000,45.42,safe,,,,,,,,,,,,,,,,breakoff_complete
5.350,SAFE,0,True,True,,,8.500,7.000,0,45.42,1,1,0.00,0,1900,1,0.382,0.0000,0.0000,0.0000,45.42,safe,,,,,,,,,,,,,,,,breakoff_complete
5.400,SAFE,0,True,True,,,8.500,7.000,0,45.42,1,1,0.00,0,1900,1,0.382,0.0000,0.0000,0.0000,45.42,safe,,,,,,,,,,,,,,,,breakoff_complete
5.450,SAFE,0,True,True,,,8.500,7.000,0,45.42,1,1,0.00,0,1900,1,0.382,0.0000,0.0000,0.0000,45.42,safe,,,,,,,,,,,,,,,,breakoff_complete
5.500,SAFE,0,True,True,,,8.500,7.000,0,45.42,1,1,0.00,0,1900,1,0.382,0.0000,0.0000,0.0000,45.42,safe,,,,,,,,,,,,,,,,breakoff_complete
5.550,SAFE,0,True,True,,,8.500,7.000,0,45.42,1,1,0.00,0,1900,1,0.382,0.0000,0.0000,0.0000,45.42,safe,,,,,,,,,,,,,,,,breakoff_complete
5.600,SAFE,0,True,True,,,8.500,7.000,0,45.42,1,1,0.00,0,1900,1,0.382,0.0000,0.0000,0.0000,45.42,safe,,,,,,,,,,,,,,,,breakoff_complete
5.650,SAFE,0,True,True,,,8.500,7.000,0,45.42,1,1,0.00,0,1900,1,0.382,0.0000,0.0000,0.0000,45.42,safe,,,,,,,,,,,,,,,,breakoff_complete
5.700,SAFE,0,True,True,,,8.500,7.000,0,45.42,1,1,0.00,0,1900,1,0.382,0.0000,0.0000,0.0000,45.42,safe,,,,,,,,,,,,,,,,breakoff_complete
5.750,SAFE,0,True,True,,,8.500,7.000,0,45.42,1,1,0.00,0,1900,1,0.382,0.0000,0.0000,0.0000,45.42,safe,,,,,,,,,,,,,,,,breakoff_complete
5.800,SAFE,0,True,True,,,8.500,7.000,0,45.42,1,1,0.00,0,1900,1,0.382,0.0000,0.0000,0.0000,45.42,safe,,,,,,,,,,,,,,,,breakoff_complete
5.850,SAFE,0,True,True,,,8.500,7.000,0,45.42,1,1,0.00,0,1900,1,0.382,0.0000,0.0000,0.0000,45.42,safe,,,,,,,,,,,,,,,,breakoff_complete
5.900,SAFE,0,True,True,,,8.500,7.000,0,45.42,1,1,0.00,0,1900,1,0.382,0.0000,0.0000,0.0000,45.42,safe,,,,,,,,,,,,,,,,breakoff_complete
5.950,SAFE,0,True,True,,,8.500,7.000,0,45.42,1,1,0.00,0,1900,1,0.382,0.0000,0.0000,0.0000,45.42,safe,,,,,,,,,,,,,,,,breakoff_complete
6.000,SAFE,0,True,True,,,8.500,7.000,0,45.42,1,1,0.00,0,1900,1,0.382,0.0000,0.0000,0.0000,45.42,safe,,,,,,,,,,,,,,,,breakoff_complete
6.050,SAFE,0,True,True,,,8.500,7.000,0,45.42,1,1,0.00,0,1900,1,0.382,0.0000,0.0000,0.0000,45.42,safe,,,,,,,,,,,,,,,,breakoff_complete
6.100,SAFE,0,True,True,,,8.500,7.000,0,45.42,1,1,0.00,0,1900,1,0.382,0.0000,0.0000,0.0000,45.42,safe,,,,,,,,,,,,,,,,breakoff_complete
6.150,SAFE,0,True,True,,,8.500,7.000,0,45.42,1,1,0.00,0,1900,1,0.382,0.0000,0.0000,0.0000,45.42,safe,,,,,,,,,,,,,,,,breakoff_complete
6.200,SAFE,0,True,True,,,8.500,7.000,0,45.42,1,1,0.00,0,1900,1,0.382,0.0000,0.0000,0.0000,45.42,safe,,,,,,,,,,,,,,,,breakoff_complete
6.250,SAFE,0,True,True,,,8.500,7.000,0,45.42,1,1,0.00,0,1900,1,0.382,0.0000,0.0000,0.0000,45.42,safe,,,,,,,,,,,,,,,,breakoff_complete
6.300,SAFE,0,True,True,,,8.500,7.000,0,45.42,1,1,0.00,0,1900,1,0.382,0.0000,0.0000,0.0000,45.42,safe,,,,,,,,,,,,,,,,breakoff_complete
6.350,SAFE,0,True,True,,,8.500,7.000,0,45.42,1,1,0.00,0,1900,1,0.382,0.0000,0.0000,0.0000,45.42,safe,,,,,,,,,,,,,,,,breakoff_complete
6.400,SAFE,0,True,True,,,8.500,7.000,0,45.42,1,1,0.00,0,1900,1,0.382,0.0000,0.0000,0.0000,45.42,safe,,,,,,,,,,,,,,,,breakoff_complete
6.450,SAFE,0,True,True,,,8.500,7.000,0,45.42,1,1,0.00,0,1900,1,0.382,0.0000,0.0000,0.0000,45.42,safe,,,,,,,,,,,,,,,,breakoff_complete
6.500,SAFE,0,True,True,,,8.500,7.000,0,45.42,1,1,0.00,0,1900,1,0.382,0.0000,0.0000,0.0000,45.42,safe,,,,,,,,,,,,,,,,breakoff_complete
6.550,SAFE,0,True,True,,,8.500,7.000,0,45.42,1,1,0.00,0,1900,1,0.382,0.0000,0.0000,0.0000,45.42,safe,,,,,,,,,,,,,,,,breakoff_complete
6.600,SAFE,0,True,True,,,8.500,7.000,0,45.42,1,1,0.00,0,1900,1,0.382,0.0000,0.0000,0.0000,45.42,safe,,,,,,,,,,,,,,,,breakoff_complete
6.650,SAFE,0,True,True,,,8.500,7.000,0,45.42,1,1,0.00,0,1900,1,0.382,0.0000,0.0000,0.0000,45.42,safe,,,,,,,,,,,,,,,,breakoff_complete
6.700,SAFE,0,True,True,,,8.500,7.000,0,45.42,1,1,0.00,0,1900,1,0.382,0.0000,0.0000,0.0000,45.42,safe,,,,,,,,,,,,,,,,breakoff_complete
6.750,SAFE,0,True,True,,,8.500,7.000,0,45.42,1,1,0.00,0,1900,1,0.382,0.0000,0.0000,0.0000,45.42,safe,,,,,,,,,,,,,,,,breakoff_complete
6.800,SAFE,0,True,True,,,8.500,7.000,0,45.42,1,1,0.00,0,1900,1,0.382,0.0000,0.0000,0.0000,45.42,safe,,,,,,,,,,,,,,,,breakoff_complete
6.850,SAFE,0,True,True,,,8.500,7.000,0,45.42,1,1,0.00,0,1900,1,0.382,0.0000,0.0000,0.0000,45.42,safe,,,,,,,,,,,,,,,,breakoff_complete
6.900,SAFE,0,True,True,,,8.500,7.000,0,45.42,1,1,0.00,0,1900,1,0.382,0.0000,0.0000,0.0000,45.42,safe,,,,,,,,,,,,,,,,breakoff_complete
6.950,SAFE,0,True,True,,,8.500,7.000,0,45.42,1,1,0.00,0,1900,1,0.382,0.0000,0.0000,0.0000,45.42,safe,,,,,,,,,,,,,,,,breakoff_complete
7.000,SAFE,0,True,True,,,8.500,7.000,0,45.42,1,1,0.00,0,1900,1,0.382,0.0000,0.0000,0.0000,45.42,safe,,,,,,,,,,,,,,,,breakoff_complete
7.050,SAFE,0,True,True,,,8.500,7.000,0,45.42,1,1,0.00,0,1900,1,0.382,0.0000,0.0000,0.0000,45.42,safe,,,,,,,,,,,,,,,,breakoff_complete
7.100,SAFE,0,True,True,,,8.500,7.000,0,45.42,1,1,0.00,0,1900,1,0.382,0.0000,0.0000,0.0000,45.42,safe,,,,,,,,,,,,,,,,breakoff_complete
7.150,SAFE,0,True,True,,,8.500,7.000,0,45.42,1,1,0.00,0,1900,1,0.382,0.0000,0.0000,0.0000,45.42,safe,,,,,,,,,,,,,,,,breakoff_complete
7.200,SAFE,0,True,True,,,8.500,7.000,0,45.42,1,1,0.00,0,1900,1,0.382,0.0000,0.0000,0.0000,45.42,safe,,,,,,,,,,,,,,,,breakoff_complete
7.250,SAFE,0,True,True,,,8.500,7.000,0,45.42,1,1,0.00,0,1900,1,0.382,0.0000,0.0000,0.0000,45.42,safe,,,,,,,,,,,,,,,,breakoff_complete
7.300,SAFE,0,True,True,,,8.500,7.000,0,45.42,1,1,0.00,0,1900,1,0.382,0.0000,0.0000,0.0000,45.42,safe,,,,,,,,,,,,,,,,breakoff_complete
7.350,SAFE,0,True,True,,,8.500,7.000,0,45.42,1,1,0.00,0,1900,1,0.382,0.0000,0.0000,0.0000,45.42,safe,,,,,,,,,,,,,,,,breakoff_complete
7.400,SAFE,0,True,True,,,8.500,7.000,0,45.42,1,1,0.00,0,1900,1,0.382,0.0000,0.0000,0.0000,45.42,safe,,,,,,,,,,,,,,,,breakoff_complete
7.450,SAFE,0,True,True,,,8.500,7.000,0,45.42,1,1,0.00,0,1900,1,0.382,0.0000,0.0000,0.0000,45.42,safe,,,,,,,,,,,,,,,,breakoff_complete
7.500,SAFE,0,True,True,,,8.500,7.000,0,45.42,1,1,0.00,0,1900,1,0.382,0.0000,0.0000,0.0000,45.42,safe,,,,,,,,,,,,,,,,breakoff_complete
7.550,SAFE,0,True,True,,,8.500,7.000,0,45.42,1,1,0.00,0,1900,1,0.382,0.0000,0.0000,0.0000,45.42,safe,,,,,,,,,,,,,,,,breakoff_complete
7.600,SAFE,0,True,True,,,8.500,7.000,0,45.42,1,1,0.00,0,1900,1,0.382,0.0000,0.0000,0.0000,45.42,safe,,,,,,,,,,,,,,,,breakoff_complete
7.650,SAFE,0,True,True,,,8.500,7.000,0,45.42,1,1,0.00,0,1900,1,0.382,0.0000,0.0000,0.0000,45.42,safe,,,,,,,,,,,,,,,,breakoff_complete
7.700,SAFE,0,True,True,,,8.500,7.000,0,45.42,1,1,0.00,0,1900,1,0.382,0.0000,0.0000,0.0000,45.42,safe,,,,,,,,,,,,,,,,breakoff_complete
7.750,SAFE,0,True,True,,,8.500,7.000,0,45.42,1,1,0.00,0,1900,1,0.382,0.0000,0.0000,0.0000,45.42,safe,,,,,,,,,,,,,,,,breakoff_complete
7.800,SAFE,0,True,True,,,8.500,7.000,0,45.42,1,1,0.00,0,1900,1,0.382,0.0000,0.0000,0.0000,45.42,safe,,,,,,,,,,,,,,,,breakoff_complete
7.850,SAFE,0,True,True,,,8.500,7.000,0,45.42,1,1,0.00,0,1900,1,0.382,0.0000,0.0000,0.0000,45.42,safe,,,,,,,,,,,,,,,,breakoff_complete
7.900,SAFE,0,True,True,,,8.500,7.000,0,45.42,1,1,0.00,0,1900,1,0.382,0.0000,0.0000,0.0000,45.42,safe,,,,,,,,,,,,,,,,breakoff_complete
7.950,SAFE,0,True,True,,,8.500,7.000,0,45.42,1,1,0.00,0,1900,1,0.382,0.0000,0.0000,0.0000,45.42,safe,,,,,,,,,,,,,,,,breakoff_complete
8.000,SAFE,0,True,True,,,8.500,7.000,0,45.42,1,1,0.00,0,1900,1,0.382,0.0000,0.0000,0.0000,45.42,safe,,,,,,,,,,,,,,,,breakoff_complete
8.050,SAFE,0,True,True,,,8.500,7.000,0,45.42,1,1,0.00,0,1900,1,0.382,0.0000,0.0000,0.0000,45.42,safe,,,,,,,,,,,,,,,,breakoff_complete
8.100,SAFE,0,True,True,,,8.500,7.000,0,45.42,1,1,0.00,0,1900,1,0.382,0.0000,0.0000,0.0000,45.42,safe,,,,,,,,,,,,,,,,breakoff_complete
8.150,SAFE,0,True,True,,,8.500,7.000,0,45.42,1,1,0.00,0,1900,1,0.382,0.0000,0.0000,0.0000,45.42,safe,,,,,,,,,,,,,,,,breakoff_complete
8.200,SAFE,0,True,True,,,8.500,7.000,0,45.42,1,1,0.00,0,1900,1,0.382,0.0000,0.0000,0.0000,45.42,safe,,,,,,,,,,,,,,,,breakoff_complete
8.250,SAFE,0,True,True,,,8.500,7.000,0,45.42,1,1,0.00,0,1900,1,0.382,0.0000,0.0000,0.0000,45.42,safe,,,,,,,,,,,,,,,,breakoff_complete
8.300,SAFE,0,True,True,,,8.500,7.000,0,45.42,1,1,0.00,0,1900,1,0.382,0.0000,0.0000,0.0000,45.42,safe,,,,,,,,,,,,,,,,breakoff_complete
8.350,SAFE,0,True,True,,,8.500,7.000,0,45.42,1,1,0.00,0,1900,1,0.382,0.0000,0.0000,0.0000,45.42,safe,,,,,,,,,,,,,,,,breakoff_complete
8.400,SAFE,0,True,True,,,8.500,7.000,0,45.42,1,1,0.00,0,1900,1,0.382,0.0000,0.0000,0.0000,45.42,safe,,,,,,,,,,,,,,,,breakoff_complete
8.450,SAFE,0,True,True,,,8.500,7.000,0,45.42,1,1,0.00,0,1900,1,0.382,0.0000,0.0000,0.0000,45.42,safe,,,,,,,,,,,,,,,,breakoff_complete
8.500,SAFE,0,True,True,,,8.500,7.000,0,45.42,1,1,0.00,0,1900,1,0.382,0.0000,0.0000,0.0000,45.42,safe,,,,,,,,,,,,,,,,breakoff_complete
8.550,SAFE,0,True,True,,,8.500,7.000,0,45.42,1,1,0.00,0,1900,1,0.382,0.0000,0.0000,0.0000,45.42,safe,,,,,,,,,,,,,,,,breakoff_complete
8.600,SAFE,0,True,True,,,8.500,7.000,0,45.42,1,1,0.00,0,1900,1,0.382,0.0000,0.0000,0.0000,45.42,safe,,,,,,,,,,,,,,,,breakoff_complete
8.650,SAFE,0,True,True,,,8.500,7.000,0,45.42,1,1,0.00,0,1900,1,0.382,0.0000,0.0000,0.0000,45.42,safe,,,,,,,,,,,,,,,,breakoff_complete
8.700,SAFE,0,True,True,,,8.500,7.000,0,45.42,1,1,0.00,0,1900,1,0.382,0.0000,0.0000,0.0000,45.42,safe,,,,,,,,,,,,,,,,breakoff_complete
8.750,SAFE,0,True,True,,,8.500,7.000,0,45.42,1,1,0.00,0,1900,1,0.382,0.0000,0.0000,0.0000,45.42,safe,,,,,,,,,,,,,,,,breakoff_complete
8.800,SAFE,0,True,True,,,8.500,7.000,0,45.42,1,1,0.00,0,1900,1,0.382,0.0000,0.0000,0.0000,45.42,safe,,,,,,,,,,,,,,,,breakoff_complete
8.850,SAFE,0,True,True,,,8.500,7.000,0,45.42,1,1,0.00,0,1900,1,0.382,0.0000,0.0000,0.0000,45.42,safe,,,,,,,,,,,,,,,,breakoff_complete
8.900,SAFE,0,True,True,,,8.500,7.000,0,45.42,1,1,0.00,0,1900,1,0.382,0.0000,0.0000,0.0000,45.42,safe,,,,,,,,,,,,,,,,breakoff_complete
8.950,SAFE,0,True,True,,,8.500,7.000,0,45.42,1,1,0.00,0,1900,1,0.382,0.0000,0.0000,0.0000,45.42,safe,,,,,,,,,,,,,,,,breakoff_complete
9.000,SAFE,0,True,True,,,8.500,7.000,0,45.42,1,1,0.00,0,1900,1,0.382,0.0000,0.0000,0.0000,45.42,safe,,,,,,,,,,,,,,,,breakoff_complete
9.050,SAFE,0,True,True,,,8.500,7.000,0,45.42,1,1,0.00,0,1900,1,0.382,0.0000,0.0000,0.0000,45.42,safe,,,,,,,,,,,,,,,,breakoff_complete
9.100,SAFE,0,True,True,,,8.500,7.000,0,45.42,1,1,0.00,0,1900,1,0.382,0.0000,0.0000,0.0000,45.42,safe,,,,,,,,,,,,,,,,breakoff_complete
9.150,SAFE,0,True,True,,,8.500,7.000,0,45.42,1,1,0.00,0,1900,1,0.382,0.0000,0.0000,0.0000,45.42,safe,,,,,,,,,,,,,,,,breakoff_complete
9.200,SAFE,0,True,True,,,8.500,7.000,0,45.42,1,1,0.00,0,1900,1,0.382,0.0000,0.0000,0.0000,45.42,safe,,,,,,,,,,,,,,,,breakoff_complete
9.250,SAFE,0,True,True,,,8.500,7.000,0,45.42,1,1,0.00,0,1900,1,0.382,0.0000,0.0000,0.0000,45.42,safe,,,,,,,,,,,,,,,,breakoff_complete
9.300,SAFE,0,True,True,,,8.500,7.000,0,45.42,1,1,0.00,0,1900,1,0.382,0.0000,0.0000,0.0000,45.42,safe,,,,,,,,,,,,,,,,breakoff_complete
9.350,SAFE,0,True,True,,,8.500,7.000,0,45.42,1,1,0.00,0,1900,1,0.382,0.0000,0.0000,0.0000,45.42,safe,,,,,,,,,,,,,,,,breakoff_complete
9.400,SAFE,0,True,True,,,8.500,7.000,0,45.42,1,1,0.00,0,1900,1,0.382,0.0000,0.0000,0.0000,45.42,safe,,,,,,,,,,,,,,,,breakoff_complete
9.450,SAFE,0,True,True,,,8.500,7.000,0,45.42,1,1,0.00,0,1900,1,0.382,0.0000,0.0000,0.0000,45.42,safe,,,,,,,,,,,,,,,,breakoff_complete
9.500,SAFE,0,True,True,,,8.500,7.000,0,45.42,1,1,0.00,0,1900,1,0.382,0.0000,0.0000,0.0000,45.42,safe,,,,,,,,,,,,,,,,breakoff_complete
9.550,SAFE,0,True,True,,,8.500,7.000,0,45.42,1,1,0.00,0,1900,1,0.382,0.0000,0.0000,0.0000,45.42,safe,,,,,,,,,,,,,,,,breakoff_complete
9.600,SAFE,0,True,True,,,8.500,7.000,0,45.42,1,1,0.00,0,1900,1,0.382,0.0000,0.0000,0.0000,45.42,safe,,,,,,,,,,,,,,,,breakoff_complete
9.650,SAFE,0,True,True,,,8.500,7.000,0,45.42,1,1,0.00,0,1900,1,0.382,0.0000,0.0000,0.0000,45.42,safe,,,,,,,,,,,,,,,,breakoff_complete
9.700,SAFE,0,True,True,,,8.500,7.000,0,45.42,1,1,0.00,0,1900,1,0.382,0.0000,0.0000,0.0000,45.42,safe,,,,,,,,,,,,,,,,breakoff_complete
9.750,SAFE,0,True,True,,,8.500,7.000,0,45.42,1,1,0.00,0,1900,1,0.382,0.0000,0.0000,0.0000,45.42,safe,,,,,,,,,,,,,,,,breakoff_complete
9.800,SAFE,0,True,True,,,8.500,7.000,0,45.42,1,1,0.00,0,1900,1,0.382,0.0000,0.0000,0.0000,45.42,safe,,,,,,,,,,,,,,,,breakoff_complete
9.850,SAFE,0,True,True,,,8.500,7.000,0,45.42,1,1,0.00,0,1900,1,0.382,0.0000,0.0000,0.0000,45.42,safe,,,,,,,,,,,,,,,,breakoff_complete
9.900,SAFE,0,True,True,,,8.500,7.000,0,45.42,1,1,0.00,0,1900,1,0.382,0.0000,0.0000,0.0000,45.42,safe,,,,,,,,,,,,,,,,breakoff_complete
9.950,SAFE,0,True,True,,,8.500,7.000,0,45.42,1,1,0.00,0,1900,1,0.382,0.0000,0.0000,0.0000,45.42,safe,,,,,,,,,,,,,,,,breakoff_complete
10.000,SAFE,0,True,True,,,8.500,7.000,0,45.42,1,1,0.00,0,1900,1,0.382,0.0000,0.0000,0.0000,45.42,safe,,,,,,,,,,,,,,,,breakoff_complete
10.050,SAFE,0,True,True,,,8.500,7.000,0,45.42,1,1,0.00,0,1900,1,0.382,0.0000,0.0000,0.0000,45.42,safe,,,,,,,,,,,,,,,,breakoff_complete
10.100,SAFE,0,True,True,,,8.500,7.000,0,45.42,1,1,0.00,0,1900,1,0.382,0.0000,0.0000,0.0000,45.42,safe,,,,,,,,,,,,,,,,breakoff_complete
10.150,SAFE,0,True,True,,,8.500,7.000,0,45.42,1,1,0.00,0,1900,1,0.382,0.0000,0.0000,0.0000,45.42,safe,,,,,,,,,,,,,,,,breakoff_complete
10.200,SAFE,0,True,True,,,8.500,7.000,0,45.42,1,1,0.00,0,1900,1,0.382,0.0000,0.0000,0.0000,45.42,safe,,,,,,,,,,,,,,,,breakoff_complete
10.250,SAFE,0,True,True,,,8.500,7.000,0,45.42,1,1,0.00,0,1900,1,0.382,0.0000,0.0000,0.0000,45.42,safe,,,,,,,,,,,,,,,,breakoff_complete
10.300,SAFE,0,True,True,,,8.500,7.000,0,45.42,1,1,0.00,0,1900,1,0.382,0.0000,0.0000,0.0000,45.42,safe,,,,,,,,,,,,,,,,breakoff_complete
10.350,SAFE,0,True,True,,,8.500,7.000,0,45.42,1,1,0.00,0,1900,1,0.382,0.0000,0.0000,0.0000,45.42,safe,,,,,,,,,,,,,,,,breakoff_complete
10.400,SAFE,0,True,True,,,8.500,7.000,0,45.42,1,1,0.00,0,1900,1,0.382,0.0000,0.0000,0.0000,45.42,safe,,,,,,,,,,,,,,,,breakoff_complete
10.450,SAFE,0,True,True,,,8.500,7.000,0,45.42,1,1,0.00,0,1900,1,0.382,0.0000,0.0000,0.0000,45.42,safe,,,,,,,,,,,,,,,,breakoff_complete
10.500,SAFE,0,True,True,,,8.500,7.000,0,45.42,1,1,0.00,0,1900,1,0.382,0.0000,0.0000,0.0000,45.42,safe,,,,,,,,,,,,,,,,breakoff_complete
10.550,SAFE,0,True,True,,,8.500,7.000,0,45.42,1,1,0.00,0,1900,1,0.382,0.0000,0.0000,0.0000,45.42,safe,,,,,,,,,,,,,,,,breakoff_complete
10.600,SAFE,0,True,True,,,8.500,7.000,0,45.42,1,1,0.00,0,1900,1,0.382,0.0000,0.0000,0.0000,45.42,safe,,,,,,,,,,,,,,,,breakoff_complete
10.650,SAFE,0,True,True,,,8.500,7.000,0,45.42,1,1,0.00,0,1900,1,0.382,0.0000,0.0000,0.0000,45.42,safe,,,,,,,,,,,,,,,,breakoff_complete
10.700,SAFE,0,True,True,,,8.500,7.000,0,45.42,1,1,0.00,0,1900,1,0.382,0.0000,0.0000,0.0000,45.42,safe,,,,,,,,,,,,,,,,breakoff_complete
10.750,SAFE,0,True,True,,,8.500,7.000,0,45.42,1,1,0.00,0,1900,1,0.382,0.0000,0.0000,0.0000,45.42,safe,,,,,,,,,,,,,,,,breakoff_complete
10.800,SAFE,0,True,True,,,8.500,7.000,0,45.42,1,1,0.00,0,1900,1,0.382,0.0000,0.0000,0.0000,45.42,safe,,,,,,,,,,,,,,,,breakoff_complete
10.850,SAFE,0,True,True,,,8.500,7.000,0,45.42,1,1,0.00,0,1900,1,0.382,0.0000,0.0000,0.0000,45.42,safe,,,,,,,,,,,,,,,,breakoff_complete
10.900,SAFE,0,True,True,,,8.500,7.000,0,45.42,1,1,0.00,0,1900,1,0.382,0.0000,0.0000,0.0000,45.42,safe,,,,,,,,,,,,,,,,breakoff_complete
10.950,SAFE,0,True,True,,,8.500,7.000,0,45.42,1,1,0.00,0,1900,1,0.382,0.0000,0.0000,0.0000,45.42,safe,,,,,,,,,,,,,,,,breakoff_complete
11.000,SAFE,0,True,True,,,8.500,7.000,0,45.42,1,1,0.00,0,1900,1,0.382,0.0000,0.0000,0.0000,45.42,safe,,,,,,,,,,,,,,,,breakoff_complete
11.050,SAFE,0,True,True,,,8.500,7.000,0,45.42,1,1,0.00,0,1900,1,0.382,0.0000,0.0000,0.0000,45.42,safe,,,,,,,,,,,,,,,,breakoff_complete
11.100,SAFE,0,True,True,,,8.500,7.000,0,45.42,1,1,0.00,0,1900,1,0.382,0.0000,0.0000,0.0000,45.42,safe,,,,,,,,,,,,,,,,breakoff_complete
11.150,SAFE,0,True,True,,,8.500,7.000,0,45.42,1,1,0.00,0,1900,1,0.382,0.0000,0.0000,0.0000,45.42,safe,,,,,,,,,,,,,,,,breakoff_complete
11.200,SAFE,0,True,True,,,8.500,7.000,0,45.42,1,1,0.00,0,1900,1,0.382,0.0000,0.0000,0.0000,45.42,safe,,,,,,,,,,,,,,,,breakoff_complete
11.250,SAFE,0,True,True,,,8.500,7.000,0,45.42,1,1,0.00,0,1900,1,0.382,0.0000,0.0000,0.0000,45.42,safe,,,,,,,,,,,,,,,,breakoff_complete
11.300,SAFE,0,True,True,,,8.500,7.000,0,45.42,1,1,0.00,0,1900,1,0.382,0.0000,0.0000,0.0000,45.42,safe,,,,,,,,,,,,,,,,breakoff_complete
11.350,SAFE,0,True,True,,,8.500,7.000,0,45.42,1,1,0.00,0,1900,1,0.382,0.0000,0.0000,0.0000,45.42,safe,,,,,,,,,,,,,,,,breakoff_complete
11.400,SAFE,0,True,True,,,8.500,7.000,0,45.42,1,1,0.00,0,1900,1,0.382,0.0000,0.0000,0.0000,45.42,safe,,,,,,,,,,,,,,,,breakoff_complete
11.450,SAFE,0,True,True,,,8.500,7.000,0,45.42,1,1,0.00,0,1900,1,0.382,0.0000,0.0000,0.0000,45.42,safe,,,,,,,,,,,,,,,,breakoff_complete
11.500,SAFE,0,True,True,,,8.500,7.000,0,45.42,1,1,0.00,0,1900,1,0.382,0.0000,0.0000,0.0000,45.42,safe,,,,,,,,,,,,,,,,breakoff_complete
11.550,SAFE,0,True,True,,,8.500,7.000,0,45.42,1,1,0.00,0,1900,1,0.382,0.0000,0.0000,0.0000,45.42,safe,,,,,,,,,,,,,,,,breakoff_complete
11.600,SAFE,0,True,True,,,8.500,7.000,0,45.42,1,1,0.00,0,1900,1,0.382,0.0000,0.0000,0.0000,45.42,safe,,,,,,,,,,,,,,,,breakoff_complete
11.650,SAFE,0,True,True,,,8.500,7.000,0,45.42,1,1,0.00,0,1900,1,0.382,0.0000,0.0000,0.0000,45.42,safe,,,,,,,,,,,,,,,,breakoff_complete
11.700,SAFE,0,True,True,,,8.500,7.000,0,45.42,1,1,0.00,0,1900,1,0.382,0.0000,0.0000,0.0000,45.42,safe,,,,,,,,,,,,,,,,breakoff_complete
11.750,SAFE,0,True,True,,,8.500,7.000,0,45.42,1,1,0.00,0,1900,1,0.382,0.0000,0.0000,0.0000,45.42,safe,,,,,,,,,,,,,,,,breakoff_complete
11.800,SAFE,0,True,True,,,8.500,7.000,0,45.42,1,1,0.00,0,1900,1,0.382,0.0000,0.0000,0.0000,45.42,safe,,,,,,,,,,,,,,,,breakoff_complete
11.850,SAFE,0,True,True,,,8.500,7.000,0,45.42,1,1,0.00,0,1900,1,0.382,0.0000,0.0000,0.0000,45.42,safe,,,,,,,,,,,,,,,,breakoff_complete
11.900,SAFE,0,True,True,,,8.500,7.000,0,45.42,1,1,0.00,0,1900,1,0.382,0.0000,0.0000,0.0000,45.42,safe,,,,,,,,,,,,,,,,breakoff_complete
11.950,SAFE,0,True,True,,,8.500,7.000,0,45.42,1,1,0.00,0,1900,1,0.382,0.0000,0.0000,0.0000,45.42,safe,,,,,,,,,,,,,,,,breakoff_complete
12.000,SAFE,0,True,True,,,8.500,7.000,0,45.42,1,1,0.00,0,1900,1,0.382,0.0000,0.0000,0.0000,45.42,safe,,,,,,,,,,,,,,,,breakoff_complete
12.050,SAFE,0,True,True,,,8.500,7.000,0,45.42,1,1,0.00,0,1900,1,0.382,0.0000,0.0000,0.0000,45.42,safe,,,,,,,,,,,,,,,,breakoff_complete
12.100,SAFE,0,True,True,,,8.500,7.000,0,45.42,1,1,0.00,0,1900,1,0.382,0.0000,0.0000,0.0000,45.42,safe,,,,,,,,,,,,,,,,breakoff_complete
12.150,SAFE,0,True,True,,,8.500,7.000,0,45.42,1,1,0.00,0,1900,1,0.382,0.0000,0.0000,0.0000,45.42,safe,,,,,,,,,,,,,,,,breakoff_complete
12.200,SAFE,0,True,True,,,8.500,7.000,0,45.42,1,1,0.00,0,1900,1,0.382,0.0000,0.0000,0.0000,45.42,safe,,,,,,,,,,,,,,,,breakoff_complete
12.250,SAFE,0,True,True,,,8.500,7.000,0,45.42,1,1,0.00,0,1900,1,0.382,0.0000,0.0000,0.0000,45.42,safe,,,,,,,,,,,,,,,,breakoff_complete
12.300,SAFE,0,True,True,,,8.500,7.000,0,45.42,1,1,0.00,0,1900,1,0.382,0.0000,0.0000,0.0000,45.42,safe,,,,,,,,,,,,,,,,breakoff_complete
12.350,SAFE,0,True,True,,,8.500,7.000,0,45.42,1,1,0.00,0,1900,1,0.382,0.0000,0.0000,0.0000,45.42,safe,,,,,,,,,,,,,,,,breakoff_complete
12.400,SAFE,0,True,True,,,8.500,7.000,0,45.42,1,1,0.00,0,1900,1,0.382,0.0000,0.0000,0.0000,45.42,safe,,,,,,,,,,,,,,,,breakoff_complete
12.450,SAFE,0,True,True,,,8.500,7.000,0,45.42,1,1,0.00,0,1900,1,0.382,0.0000,0.0000,0.0000,45.42,safe,,,,,,,,,,,,,,,,breakoff_complete
12.500,SAFE,0,True,True,,,8.500,7.000,0,45.42,1,1,0.00,0,1900,1,0.382,0.0000,0.0000,0.0000,45.42,safe,,,,,,,,,,,,,,,,breakoff_complete
12.550,SAFE,0,True,True,,,8.500,7.000,0,45.42,1,1,0.00,0,1900,1,0.382,0.0000,0.0000,0.0000,45.42,safe,,,,,,,,,,,,,,,,breakoff_complete
12.600,SAFE,0,True,True,,,8.500,7.000,0,45.42,1,1,0.00,0,1900,1,0.382,0.0000,0.0000,0.0000,45.42,safe,,,,,,,,,,,,,,,,breakoff_complete
12.650,SAFE,0,True,True,,,8.500,7.000,0,45.42,1,1,0.00,0,1900,1,0.382,0.0000,0.0000,0.0000,45.42,safe,,,,,,,,,,,,,,,,breakoff_complete
12.700,SAFE,0,True,True,,,8.500,7.000,0,45.42,1,1,0.00,0,1900,1,0.382,0.0000,0.0000,0.0000,45.42,safe,,,,,,,,,,,,,,,,breakoff_complete
12.750,SAFE,0,True,True,,,8.500,7.000,0,45.42,1,1,0.00,0,1900,1,0.382,0.0000,0.0000,0.0000,45.42,safe,,,,,,,,,,,,,,,,breakoff_complete
12.800,SAFE,0,True,True,,,8.500,7.000,0,45.42,1,1,0.00,0,1900,1,0.382,0.0000,0.0000,0.0000,45.42,safe,,,,,,,,,,,,,,,,breakoff_complete
12.850,SAFE,0,True,True,,,8.500,7.000,0,45.42,1,1,0.00,0,1900,1,0.382,0.0000,0.0000,0.0000,45.42,safe,,,,,,,,,,,,,,,,breakoff_complete
12.900,SAFE,0,True,True,,,8.500,7.000,0,45.42,1,1,0.00,0,1900,1,0.382,0.0000,0.0000,0.0000,45.42,safe,,,,,,,,,,,,,,,,breakoff_complete
12.950,SAFE,0,True,True,,,8.500,7.000,0,45.42,1,1,0.00,0,1900,1,0.382,0.0000,0.0000,0.0000,45.42,safe,,,,,,,,,,,,,,,,breakoff_complete
13.000,SAFE,0,True,True,,,8.500,7.000,0,45.42,1,1,0.00,0,1900,1,0.382,0.0000,0.0000,0.0000,45.42,safe,,,,,,,,,,,,,,,,breakoff_complete
13.050,SAFE,0,True,True,,,8.500,7.000,0,45.42,1,1,0.00,0,1900,1,0.382,0.0000,0.0000,0.0000,45.42,safe,,,,,,,,,,,,,,,,breakoff_complete
13.100,SAFE,0,True,True,,,8.500,7.000,0,45.42,1,1,0.00,0,1900,1,0.382,0.0000,0.0000,0.0000,45.42,safe,,,,,,,,,,,,,,,,breakoff_complete
13.150,SAFE,0,True,True,,,8.500,7.000,0,45.42,1,1,0.00,0,1900,1,0.382,0.0000,0.0000,0.0000,45.42,safe,,,,,,,,,,,,,,,,breakoff_complete
13.200,SAFE,0,True,True,,,8.500,7.000,0,45.42,1,1,0.00,0,1900,1,0.382,0.0000,0.0000,0.0000,45.42,safe,,,,,,,,,,,,,,,,breakoff_complete
13.250,SAFE,0,True,True,,,8.500,7.000,0,45.42,1,1,0.00,0,1900,1,0.382,0.0000,0.0000,0.0000,45.42,safe,,,,,,,,,,,,,,,,breakoff_complete
13.300,SAFE,0,True,True,,,8.500,7.000,0,45.42,1,1,0.00,0,1900,1,0.382,0.0000,0.0000,0.0000,45.42,safe,,,,,,,,,,,,,,,,breakoff_complete
13.350,SAFE,0,True,True,,,8.500,7.000,0,45.42,1,1,0.00,0,1900,1,0.382,0.0000,0.0000,0.0000,45.42,safe,,,,,,,,,,,,,,,,breakoff_complete
13.400,SAFE,0,True,True,,,8.500,7.000,0,45.42,1,1,0.00,0,1900,1,0.382,0.0000,0.0000,0.0000,45.42,safe,,,,,,,,,,,,,,,,breakoff_complete
13.450,SAFE,0,True,True,,,8.500,7.000,0,45.42,1,1,0.00,0,1900,1,0.382,0.0000,0.0000,0.0000,45.42,safe,,,,,,,,,,,,,,,,breakoff_complete
13.500,SAFE,0,True,True,,,8.500,7.000,0,45.42,1,1,0.00,0,1900,1,0.382,0.0000,0.0000,0.0000,45.42,safe,,,,,,,,,,,,,,,,breakoff_complete
13.550,SAFE,0,True,True,,,8.500,7.000,0,45.42,1,1,0.00,0,1900,1,0.382,0.0000,0.0000,0.0000,45.42,safe,,,,,,,,,,,,,,,,breakoff_complete
13.600,SAFE,0,True,True,,,8.500,7.000,0,45.42,1,1,0.00,0,1900,1,0.382,0.0000,0.0000,0.0000,45.42,safe,,,,,,,,,,,,,,,,breakoff_complete
13.650,SAFE,0,True,True,,,8.500,7.000,0,45.42,1,1,0.00,0,1900,1,0.382,0.0000,0.0000,0.0000,45.42,safe,,,,,,,,,,,,,,,,breakoff_complete
13.700,SAFE,0,True,True,,,8.500,7.000,0,45.42,1,1,0.00,0,1900,1,0.382,0.0000,0.0000,0.0000,45.42,safe,,,,,,,,,,,,,,,,breakoff_complete
13.750,SAFE,0,True,True,,,8.500,7.000,0,45.42,1,1,0.00,0,1900,1,0.382,0.0000,0.0000,0.0000,45.42,safe,,,,,,,,,,,,,,,,breakoff_complete
13.800,SAFE,0,True,True,,,8.500,7.000,0,45.42,1,1,0.00,0,1900,1,0.382,0.0000,0.0000,0.0000,45.42,safe,,,,,,,,,,,,,,,,breakoff_complete
13.850,SAFE,0,True,True,,,8.500,7.000,0,45.42,1,1,0.00,0,1900,1,0.382,0.0000,0.0000,0.0000,45.42,safe,,,,,,,,,,,,,,,,breakoff_complete
13.900,SAFE,0,True,True,,,8.500,7.000,0,45.42,1,1,0.00,0,1900,1,0.382,0.0000,0.0000,0.0000,45.42,safe,,,,,,,,,,,,,,,,breakoff_complete
13.950,SAFE,0,True,True,,,8.500,7.000,0,45.42,1,1,0.00,0,1900,1,0.382,0.0000,0.0000,0.0000,45.42,safe,,,,,,,,,,,,,,,,breakoff_complete
14.000,SAFE,0,True,True,,,8.500,7.000,0,45.42,1,1,0.00,0,1900,1,0.382,0.0000,0.0000,0.0000,45.42,safe,,,,,,,,,,,,,,,,breakoff_complete
14.050,SAFE,0,True,True,,,8.500,7.000,0,45.42,1,1,0.00,0,1900,1,0.382,0.0000,0.0000,0.0000,45.42,safe,,,,,,,,,,,,,,,,breakoff_complete
14.100,SAFE,0,True,True,,,8.500,7.000,0,45.42,1,1,0.00,0,1900,1,0.382,0.0000,0.0000,0.0000,45.42,safe,,,,,,,,,,,,,,,,breakoff_complete
14.150,SAFE,0,True,True,,,8.500,7.000,0,45.42,1,1,0.00,0,1900,1,0.382,0.0000,0.0000,0.0000,45.42,safe,,,,,,,,,,,,,,,,breakoff_complete
14.200,SAFE,0,True,True,,,8.500,7.000,0,45.42,1,1,0.00,0,1900,1,0.382,0.0000,0.0000,0.0000,45.42,safe,,,,,,,,,,,,,,,,breakoff_complete
14.250,SAFE,0,True,True,,,8.500,7.000,0,45.42,1,1,0.00,0,1900,1,0.382,0.0000,0.0000,0.0000,45.42,safe,,,,,,,,,,,,,,,,breakoff_complete
14.300,SAFE,0,True,True,,,8.500,7.000,0,45.42,1,1,0.00,0,1900,1,0.382,0.0000,0.0000,0.0000,45.42,safe,,,,,,,,,,,,,,,,breakoff_complete
14.350,SAFE,0,True,True,,,8.500,7.000,0,45.42,1,1,0.00,0,1900,1,0.382,0.0000,0.0000,0.0000,45.42,safe,,,,,,,,,,,,,,,,breakoff_complete
14.400,SAFE,0,True,True,,,8.500,7.000,0,45.42,1,1,0.00,0,1900,1,0.382,0.0000,0.0000,0.0000,45.42,safe,,,,,,,,,,,,,,,,breakoff_complete
14.450,SAFE,0,True,True,,,8.500,7.000,0,45.42,1,1,0.00,0,1900,1,0.382,0.0000,0.0000,0.0000,45.42,safe,,,,,,,,,,,,,,,,breakoff_complete
14.500,SAFE,0,True,True,,,8.500,7.000,0,45.42,1,1,0.00,0,1900,1,0.382,0.0000,0.0000,0.0000,45.42,safe,,,,,,,,,,,,,,,,breakoff_complete
14.550,SAFE,0,True,True,,,8.500,7.000,0,45.42,1,1,0.00,0,1900,1,0.382,0.0000,0.0000,0.0000,45.42,safe,,,,,,,,,,,,,,,,breakoff_complete
14.600,SAFE,0,True,True,,,8.500,7.000,0,45.42,1,1,0.00,0,1900,1,0.382,0.0000,0.0000,0.0000,45.42,safe,,,,,,,,,,,,,,,,breakoff_complete
14.650,SAFE,0,True,True,,,8.500,7.000,0,45.42,1,1,0.00,0,1900,1,0.382,0.0000,0.0000,0.0000,45.42,safe,,,,,,,,,,,,,,,,breakoff_complete
14.700,SAFE,0,True,True,,,8.500,7.000,0,45.42,1,1,0.00,0,1900,1,0.382,0.0000,0.0000,0.0000,45.42,safe,,,,,,,,,,,,,,,,breakoff_complete
14.750,SAFE,0,True,True,,,8.500,7.000,0,45.42,1,1,0.00,0,1900,1,0.382,0.0000,0.0000,0.0000,45.42,safe,,,,,,,,,,,,,,,,breakoff_complete
14.800,SAFE,0,True,True,,,8.500,7.000,0,45.42,1,1,0.00,0,1900,1,0.382,0.0000,0.0000,0.0000,45.42,safe,,,,,,,,,,,,,,,,breakoff_complete
14.850,SAFE,0,True,True,,,8.500,7.000,0,45.42,1,1,0.00,0,1900,1,0.382,0.0000,0.0000,0.0000,45.42,safe,,,,,,,,,,,,,,,,breakoff_complete
14.900,SAFE,0,True,True,,,8.500,7.000,0,45.42,1,1,0.00,0,1900,1,0.382,0.0000,0.0000,0.0000,45.42,safe,,,,,,,,,,,,,,,,breakoff_complete
14.950,SAFE,0,True,True,,,8.500,7.000,0,45.42,1,1,0.00,0,1900,1,0.382,0.0000,0.0000,0.0000,45.42,safe,,,,,,,,,,,,,,,,breakoff_complete
15.000,SAFE,0,True,True,,,8.500,7.000,0,45.42,1,1,0.00,0,1900,1,0.382,0.0000,0.0000,0.0000,45.42,safe,,,,,,,,,,,,,,,,breakoff_complete
15.050,SAFE,0,True,True,,,8.500,7.000,0,45.42,1,1,0.00,0,1900,1,0.382,0.0000,0.0000,0.0000,45.42,safe,,,,,,,,,,,,,,,,breakoff_complete
15.100,SAFE,0,True,True,,,8.500,7.000,0,45.42,1,1,0.00,0,1900,1,0.382,0.0000,0.0000,0.0000,45.42,safe,,,,,,,,,,,,,,,,breakoff_complete
15.150,SAFE,0,True,True,,,8.500,7.000,0,45.42,1,1,0.00,0,1900,1,0.382,0.0000,0.0000,0.0000,45.42,safe,,,,,,,,,,,,,,,,breakoff_complete
15.200,SAFE,0,True,True,,,8.500,7.000,0,45.42,1,1,0.00,0,1900,1,0.382,0.0000,0.0000,0.0000,45.42,safe,,,,,,,,,,,,,,,,breakoff_complete
15.250,SAFE,0,True,True,,,8.500,7.000,0,45.42,1,1,0.00,0,1900,1,0.382,0.0000,0.0000,0.0000,45.42,safe,,,,,,,,,,,,,,,,breakoff_complete
15.300,SAFE,0,True,True,,,8.500,7.000,0,45.42,1,1,0.00,0,1900,1,0.382,0.0000,0.0000,0.0000,45.42,safe,,,,,,,,,,,,,,,,breakoff_complete
15.350,SAFE,0,True,True,,,8.500,7.000,0,45.42,1,1,0.00,0,1900,1,0.382,0.0000,0.0000,0.0000,45.42,safe,,,,,,,,,,,,,,,,breakoff_complete
15.400,SAFE,0,True,True,,,8.500,7.000,0,45.42,1,1,0.00,0,1900,1,0.382,0.0000,0.0000,0.0000,45.42,safe,,,,,,,,,,,,,,,,breakoff_complete
15.450,SAFE,0,True,True,,,8.500,7.000,0,45.42,1,1,0.00,0,1900,1,0.382,0.0000,0.0000,0.0000,45.42,safe,,,,,,,,,,,,,,,,breakoff_complete
15.500,SAFE,0,True,True,,,8.500,7.000,0,45.42,1,1,0.00,0,1900,1,0.382,0.0000,0.0000,0.0000,45.42,safe,,,,,,,,,,,,,,,,breakoff_complete
15.550,SAFE,0,True,True,,,8.500,7.000,0,45.42,1,1,0.00,0,1900,1,0.382,0.0000,0.0000,0.0000,45.42,safe,,,,,,,,,,,,,,,,breakoff_complete
15.600,SAFE,0,True,True,,,8.500,7.000,0,45.42,1,1,0.00,0,1900,1,0.382,0.0000,0.0000,0.0000,45.42,safe,,,,,,,,,,,,,,,,breakoff_complete
15.650,SAFE,0,True,True,,,8.500,7.000,0,45.42,1,1,0.00,0,1900,1,0.382,0.0000,0.0000,0.0000,45.42,safe,,,,,,,,,,,,,,,,breakoff_complete
15.700,SAFE,0,True,True,,,8.500,7.000,0,45.42,1,1,0.00,0,1900,1,0.382,0.0000,0.0000,0.0000,45.42,safe,,,,,,,,,,,,,,,,breakoff_complete
15.750,SAFE,0,True,True,,,8.500,7.000,0,45.42,1,1,0.00,0,1900,1,0.382,0.0000,0.0000,0.0000,45.42,safe,,,,,,,,,,,,,,,,breakoff_complete
15.800,SAFE,0,True,True,,,8.500,7.000,0,45.42,1,1,0.00,0,1900,1,0.382,0.0000,0.0000,0.0000,45.42,safe,,,,,,,,,,,,,,,,breakoff_complete
15.850,SAFE,0,True,True,,,8.500,7.000,0,45.42,1,1,0.00,0,1900,1,0.382,0.0000,0.0000,0.0000,45.42,safe,,,,,,,,,,,,,,,,breakoff_complete
15.900,SAFE,0,True,True,,,8.500,7.000,0,45.42,1,1,0.00,0,1900,1,0.382,0.0000,0.0000,0.0000,45.42,safe,,,,,,,,,,,,,,,,breakoff_complete
15.950,SAFE,0,True,True,,,8.500,7.000,0,45.42,1,1,0.00,0,1900,1,0.382,0.0000,0.0000,0.0000,45.42,safe,,,,,,,,,,,,,,,,breakoff_complete
16.000,SAFE,0,True,True,,,8.500,7.000,0,45.42,1,1,0.00,0,1900,1,0.382,0.0000,0.0000,0.0000,45.42,safe,,,,,,,,,,,,,,,,breakoff_complete
16.050,SAFE,0,True,True,,,8.500,7.000,0,45.42,1,1,0.00,0,1900,1,0.382,0.0000,0.0000,0.0000,45.42,safe,,,,,,,,,,,,,,,,breakoff_complete
16.100,SAFE,0,True,True,,,8.500,7.000,0,45.42,1,1,0.00,0,1900,1,0.382,0.0000,0.0000,0.0000,45.42,safe,,,,,,,,,,,,,,,,breakoff_complete
16.150,SAFE,0,True,True,,,8.500,7.000,0,45.42,1,1,0.00,0,1900,1,0.382,0.0000,0.0000,0.0000,45.42,safe,,,,,,,,,,,,,,,,breakoff_complete
16.200,SAFE,0,True,True,,,8.500,7.000,0,45.42,1,1,0.00,0,1900,1,0.382,0.0000,0.0000,0.0000,45.42,safe,,,,,,,,,,,,,,,,breakoff_complete
16.250,SAFE,0,True,True,,,8.500,7.000,0,45.42,1,1,0.00,0,1900,1,0.382,0.0000,0.0000,0.0000,45.42,safe,,,,,,,,,,,,,,,,breakoff_complete
16.300,SAFE,0,True,True,,,8.500,7.000,0,45.42,1,1,0.00,0,1900,1,0.382,0.0000,0.0000,0.0000,45.42,safe,,,,,,,,,,,,,,,,breakoff_complete
16.350,SAFE,0,True,True,,,8.500,7.000,0,45.42,1,1,0.00,0,1900,1,0.382,0.0000,0.0000,0.0000,45.42,safe,,,,,,,,,,,,,,,,breakoff_complete
16.400,SAFE,0,True,True,,,8.500,7.000,0,45.42,1,1,0.00,0,1900,1,0.382,0.0000,0.0000,0.0000,45.42,safe,,,,,,,,,,,,,,,,breakoff_complete
16.450,SAFE,0,True,True,,,8.500,7.000,0,45.42,1,1,0.00,0,1900,1,0.382,0.0000,0.0000,0.0000,45.42,safe,,,,,,,,,,,,,,,,breakoff_complete
16.500,SAFE,0,True,True,,,8.500,7.000,0,45.42,1,1,0.00,0,1900,1,0.382,0.0000,0.0000,0.0000,45.42,safe,,,,,,,,,,,,,,,,breakoff_complete
16.550,SAFE,0,True,True,,,8.500,7.000,0,45.42,1,1,0.00,0,1900,1,0.382,0.0000,0.0000,0.0000,45.42,safe,,,,,,,,,,,,,,,,breakoff_complete
16.600,SAFE,0,True,True,,,8.500,7.000,0,45.42,1,1,0.00,0,1900,1,0.382,0.0000,0.0000,0.0000,45.42,safe,,,,,,,,,,,,,,,,breakoff_complete
16.650,SAFE,0,True,True,,,8.500,7.000,0,45.42,1,1,0.00,0,1900,1,0.382,0.0000,0.0000,0.0000,45.42,safe,,,,,,,,,,,,,,,,breakoff_complete
16.700,SAFE,0,True,True,,,8.500,7.000,0,45.42,1,1,0.00,0,1900,1,0.382,0.0000,0.0000,0.0000,45.42,safe,,,,,,,,,,,,,,,,breakoff_complete
16.750,SAFE,0,True,True,,,8.500,7.000,0,45.42,1,1,0.00,0,1900,1,0.382,0.0000,0.0000,0.0000,45.42,safe,,,,,,,,,,,,,,,,breakoff_complete
16.800,SAFE,0,True,True,,,8.500,7.000,0,45.42,1,1,0.00,0,1900,1,0.382,0.0000,0.0000,0.0000,45.42,safe,,,,,,,,,,,,,,,,breakoff_complete
16.850,SAFE,0,True,True,,,8.500,7.000,0,45.42,1,1,0.00,0,1900,1,0.382,0.0000,0.0000,0.0000,45.42,safe,,,,,,,,,,,,,,,,breakoff_complete
16.900,SAFE,0,True,True,,,8.500,7.000,0,45.42,1,1,0.00,0,1900,1,0.382,0.0000,0.0000,0.0000,45.42,safe,,,,,,,,,,,,,,,,breakoff_complete
16.950,SAFE,0,True,True,,,8.500,7.000,0,45.42,1,1,0.00,0,1900,1,0.382,0.0000,0.0000,0.0000,45.42,safe,,,,,,,,,,,,,,,,breakoff_complete
17.000,SAFE,0,True,True,,,8.500,7.000,0,45.42,1,1,0.00,0,1900,1,0.382,0.0000,0.0000,0.0000,45.42,safe,,,,,,,,,,,,,,,,breakoff_complete
17.050,SAFE,0,True,True,,,8.500,7.000,0,45.42,1,1,0.00,0,1900,1,0.382,0.0000,0.0000,0.0000,45.42,safe,,,,,,,,,,,,,,,,breakoff_complete
17.100,SAFE,0,True,True,,,8.500,7.000,0,45.42,1,1,0.00,0,1900,1,0.382,0.0000,0.0000,0.0000,45.42,safe,,,,,,,,,,,,,,,,breakoff_complete
17.150,SAFE,0,True,True,,,8.500,7.000,0,45.42,1,1,0.00,0,1900,1,0.382,0.0000,0.0000,0.0000,45.42,safe,,,,,,,,,,,,,,,,breakoff_complete
17.200,SAFE,0,True,True,,,8.500,7.000,0,45.42,1,1,0.00,0,1900,1,0.382,0.0000,0.0000,0.0000,45.42,safe,,,,,,,,,,,,,,,,breakoff_complete
17.250,SAFE,0,True,True,,,8.500,7.000,0,45.42,1,1,0.00,0,1900,1,0.382,0.0000,0.0000,0.0000,45.42,safe,,,,,,,,,,,,,,,,breakoff_complete
17.300,SAFE,0,True,True,,,8.500,7.000,0,45.42,1,1,0.00,0,1900,1,0.382,0.0000,0.0000,0.0000,45.42,safe,,,,,,,,,,,,,,,,breakoff_complete
17.350,SAFE,0,True,True,,,8.500,7.000,0,45.42,1,1,0.00,0,1900,1,0.382,0.0000,0.0000,0.0000,45.42,safe,,,,,,,,,,,,,,,,breakoff_complete
17.400,SAFE,0,True,True,,,8.500,7.000,0,45.42,1,1,0.00,0,1900,1,0.382,0.0000,0.0000,0.0000,45.42,safe,,,,,,,,,,,,,,,,breakoff_complete
17.450,SAFE,0,True,True,,,8.500,7.000,0,45.42,1,1,0.00,0,1900,1,0.382,0.0000,0.0000,0.0000,45.42,safe,,,,,,,,,,,,,,,,breakoff_complete
17.500,SAFE,0,True,True,,,8.500,7.000,0,45.42,1,1,0.00,0,1900,1,0.382,0.0000,0.0000,0.0000,45.42,safe,,,,,,,,,,,,,,,,breakoff_complete
17.550,SAFE,0,True,True,,,8.500,7.000,0,45.42,1,1,0.00,0,1900,1,0.382,0.0000,0.0000,0.0000,45.42,safe,,,,,,,,,,,,,,,,breakoff_complete
17.600,SAFE,0,True,True,,,8.500,7.000,0,45.42,1,1,0.00,0,1900,1,0.382,0.0000,0.0000,0.0000,45.42,safe,,,,,,,,,,,,,,,,breakoff_complete
17.650,SAFE,0,True,True,,,8.500,7.000,0,45.42,1,1,0.00,0,1900,1,0.382,0.0000,0.0000,0.0000,45.42,safe,,,,,,,,,,,,,,,,breakoff_complete
17.700,SAFE,0,True,True,,,8.500,7.000,0,45.42,1,1,0.00,0,1900,1,0.382,0.0000,0.0000,0.0000,45.42,safe,,,,,,,,,,,,,,,,breakoff_complete
17.750,SAFE,0,True,True,,,8.500,7.000,0,45.42,1,1,0.00,0,1900,1,0.382,0.0000,0.0000,0.0000,45.42,safe,,,,,,,,,,,,,,,,breakoff_complete
17.800,SAFE,0,True,True,,,8.500,7.000,0,45.42,1,1,0.00,0,1900,1,0.382,0.0000,0.0000,0.0000,45.42,safe,,,,,,,,,,,,,,,,breakoff_complete
17.850,SAFE,0,True,True,,,8.500,7.000,0,45.42,1,1,0.00,0,1900,1,0.382,0.0000,0.0000,0.0000,45.42,safe,,,,,,,,,,,,,,,,breakoff_complete
17.900,SAFE,0,True,True,,,8.500,7.000,0,45.42,1,1,0.00,0,1900,1,0.382,0.0000,0.0000,0.0000,45.42,safe,,,,,,,,,,,,,,,,breakoff_complete
17.950,SAFE,0,True,True,,,8.500,7.000,0,45.42,1,1,0.00,0,1900,1,0.382,0.0000,0.0000,0.0000,45.42,safe,,,,,,,,,,,,,,,,breakoff_complete
18.000,SAFE,0,True,True,,,8.500,7.000,0,45.42,1,1,0.00,0,1900,1,0.382,0.0000,0.0000,0.0000,45.42,safe,,,,,,,,,,,,,,,,breakoff_complete
18.050,SAFE,0,True,True,,,8.500,7.000,0,45.42,1,1,0.00,0,1900,1,0.382,0.0000,0.0000,0.0000,45.42,safe,,,,,,,,,,,,,,,,breakoff_complete
18.100,SAFE,0,True,True,,,8.500,7.000,0,45.42,1,1,0.00,0,1900,1,0.382,0.0000,0.0000,0.0000,45.42,safe,,,,,,,,,,,,,,,,breakoff_complete
18.150,SAFE,0,True,True,,,8.500,7.000,0,45.42,1,1,0.00,0,1900,1,0.382,0.0000,0.0000,0.0000,45.42,safe,,,,,,,,,,,,,,,,breakoff_complete
18.200,SAFE,0,True,True,,,8.500,7.000,0,45.42,1,1,0.00,0,1900,1,0.382,0.0000,0.0000,0.0000,45.42,safe,,,,,,,,,,,,,,,,breakoff_complete
18.250,SAFE,0,True,True,,,8.500,7.000,0,45.42,1,1,0.00,0,1900,1,0.382,0.0000,0.0000,0.0000,45.42,safe,,,,,,,,,,,,,,,,breakoff_complete
18.300,SAFE,0,True,True,,,8.500,7.000,0,45.42,1,1,0.00,0,1900,1,0.382,0.0000,0.0000,0.0000,45.42,safe,,,,,,,,,,,,,,,,breakoff_complete
18.350,SAFE,0,True,True,,,8.500,7.000,0,45.42,1,1,0.00,0,1900,1,0.382,0.0000,0.0000,0.0000,45.42,safe,,,,,,,,,,,,,,,,breakoff_complete
18.400,SAFE,0,True,True,,,8.500,7.000,0,45.42,1,1,0.00,0,1900,1,0.382,0.0000,0.0000,0.0000,45.42,safe,,,,,,,,,,,,,,,,breakoff_complete
18.450,SAFE,0,True,True,,,8.500,7.000,0,45.42,1,1,0.00,0,1900,1,0.382,0.0000,0.0000,0.0000,45.42,safe,,,,,,,,,,,,,,,,breakoff_complete
18.500,SAFE,0,True,True,,,8.500,7.000,0,45.42,1,1,0.00,0,1900,1,0.382,0.0000,0.0000,0.0000,45.42,safe,,,,,,,,,,,,,,,,breakoff_complete
18.550,SAFE,0,True,True,,,8.500,7.000,0,45.42,1,1,0.00,0,1900,1,0.382,0.0000,0.0000,0.0000,45.42,safe,,,,,,,,,,,,,,,,breakoff_complete
18.600,SAFE,0,True,True,,,8.500,7.000,0,45.42,1,1,0.00,0,1900,1,0.382,0.0000,0.0000,0.0000,45.42,safe,,,,,,,,,,,,,,,,breakoff_complete
18.650,SAFE,0,True,True,,,8.500,7.000,0,45.42,1,1,0.00,0,1900,1,0.382,0.0000,0.0000,0.0000,45.42,safe,,,,,,,,,,,,,,,,breakoff_complete
18.700,SAFE,0,True,True,,,8.500,7.000,0,45.42,1,1,0.00,0,1900,1,0.382,0.0000,0.0000,0.0000,45.42,safe,,,,,,,,,,,,,,,,breakoff_complete
18.750,SAFE,0,True,True,,,8.500,7.000,0,45.42,1,1,0.00,0,1900,1,0.382,0.0000,0.0000,0.0000,45.42,safe,,,,,,,,,,,,,,,,breakoff_complete
18.800,SAFE,0,True,True,,,8.500,7.000,0,45.42,1,1,0.00,0,1900,1,0.382,0.0000,0.0000,0.0000,45.42,safe,,,,,,,,,,,,,,,,breakoff_complete
18.850,SAFE,0,True,True,,,8.500,7.000,0,45.42,1,1,0.00,0,1900,1,0.382,0.0000,0.0000,0.0000,45.42,safe,,,,,,,,,,,,,,,,breakoff_complete
18.900,SAFE,0,True,True,,,8.500,7.000,0,45.42,1,1,0.00,0,1900,1,0.382,0.0000,0.0000,0.0000,45.42,safe,,,,,,,,,,,,,,,,breakoff_complete
18.950,SAFE,0,True,True,,,8.500,7.000,0,45.42,1,1,0.00,0,1900,1,0.382,0.0000,0.0000,0.0000,45.42,safe,,,,,,,,,,,,,,,,breakoff_complete
19.000,SAFE,0,True,True,,,8.500,7.000,0,45.42,1,1,0.00,0,1900,1,0.382,0.0000,0.0000,0.0000,45.42,safe,,,,,,,,,,,,,,,,breakoff_complete
19.050,SAFE,0,True,True,,,8.500,7.000,0,45.42,1,1,0.00,0,1900,1,0.382,0.0000,0.0000,0.0000,45.42,safe,,,,,,,,,,,,,,,,breakoff_complete
19.100,SAFE,0,True,True,,,8.500,7.000,0,45.42,1,1,0.00,0,1900,1,0.382,0.0000,0.0000,0.0000,45.42,safe,,,,,,,,,,,,,,,,breakoff_complete
19.150,SAFE,0,True,True,,,8.500,7.000,0,45.42,1,1,0.00,0,1900,1,0.382,0.0000,0.0000,0.0000,45.42,safe,,,,,,,,,,,,,,,,breakoff_complete
19.200,SAFE,0,True,True,,,8.500,7.000,0,45.42,1,1,0.00,0,1900,1,0.382,0.0000,0.0000,0.0000,45.42,safe,,,,,,,,,,,,,,,,breakoff_complete
19.250,SAFE,0,True,True,,,8.500,7.000,0,45.42,1,1,0.00,0,1900,1,0.382,0.0000,0.0000,0.0000,45.42,safe,,,,,,,,,,,,,,,,breakoff_complete
19.300,SAFE,0,True,True,,,8.500,7.000,0,45.42,1,1,0.00,0,1900,1,0.382,0.0000,0.0000,0.0000,45.42,safe,,,,,,,,,,,,,,,,breakoff_complete
19.350,SAFE,0,True,True,,,8.500,7.000,0,45.42,1,1,0.00,0,1900,1,0.382,0.0000,0.0000,0.0000,45.42,safe,,,,,,,,,,,,,,,,breakoff_complete
19.400,SAFE,0,True,True,,,8.500,7.000,0,45.42,1,1,0.00,0,1900,1,0.382,0.0000,0.0000,0.0000,45.42,safe,,,,,,,,,,,,,,,,breakoff_complete
19.450,SAFE,0,True,True,,,8.500,7.000,0,45.42,1,1,0.00,0,1900,1,0.382,0.0000,0.0000,0.0000,45.42,safe,,,,,,,,,,,,,,,,breakoff_complete
19.500,SAFE,0,True,True,,,8.500,7.000,0,45.42,1,1,0.00,0,1900,1,0.382,0.0000,0.0000,0.0000,45.42,safe,,,,,,,,,,,,,,,,breakoff_complete
19.550,SAFE,0,True,True,,,8.500,7.000,0,45.42,1,1,0.00,0,1900,1,0.382,0.0000,0.0000,0.0000,45.42,safe,,,,,,,,,,,,,,,,breakoff_complete
19.600,SAFE,0,True,True,,,8.500,7.000,0,45.42,1,1,0.00,0,1900,1,0.382,0.0000,0.0000,0.0000,45.42,safe,,,,,,,,,,,,,,,,breakoff_complete
19.650,SAFE,0,True,True,,,8.500,7.000,0,45.42,1,1,0.00,0,1900,1,0.382,0.0000,0.0000,0.0000,45.42,safe,,,,,,,,,,,,,,,,breakoff_complete
19.700,SAFE,0,True,True,,,8.500,7.000,0,45.42,1,1,0.00,0,1900,1,0.382,0.0000,0.0000,0.0000,45.42,safe,,,,,,,,,,,,,,,,breakoff_complete
19.750,SAFE,0,True,True,,,8.500,7.000,0,45.42,1,1,0.00,0,1900,1,0.382,0.0000,0.0000,0.0000,45.42,safe,,,,,,,,,,,,,,,,breakoff_complete
19.800,SAFE,0,True,True,,,8.500,7.000,0,45.42,1,1,0.00,0,1900,1,0.382,0.0000,0.0000,0.0000,45.42,safe,,,,,,,,,,,,,,,,breakoff_complete
19.850,SAFE,0,True,True,,,8.500,7.000,0,45.42,1,1,0.00,0,1900,1,0.382,0.0000,0.0000,0.0000,45.42,safe,,,,,,,,,,,,,,,,breakoff_complete
19.900,SAFE,0,True,True,,,8.500,7.000,0,45.42,1,1,0.00,0,1900,1,0.382,0.0000,0.0000,0.0000,45.42,safe,,,,,,,,,,,,,,,,breakoff_complete
19.950,SAFE,0,True,True,,,8.500,7.000,0,45.42,1,1,0.00,0,1900,1,0.382,0.0000,0.0000,0.0000,45.42,safe,,,,,,,,,,,,,,,,breakoff_complete
20.000,SAFE,0,True,True,,,8.500,7.000,0,45.42,1,1,0.00,0,1900,1,0.382,0.0000,0.0000,0.0000,45.42,safe,,,,,,,,,,,,,,,,breakoff_complete
20.050,SAFE,0,True,True,,,8.500,7.000,0,45.42,1,1,0.00,0,1900,1,0.382,0.0000,0.0000,0.0000,45.42,safe,,,,,,,,,,,,,,,,breakoff_complete
20.100,SAFE,0,True,True,,,8.500,7.000,0,45.42,1,1,0.00,0,1900,1,0.382,0.0000,0.0000,0.0000,45.42,safe,,,,,,,,,,,,,,,,breakoff_complete
20.150,SAFE,0,True,True,,,8.500,7.000,0,45.42,1,1,0.00,0,1900,1,0.382,0.0000,0.0000,0.0000,45.42,safe,,,,,,,,,,,,,,,,breakoff_complete
20.200,SAFE,0,True,True,,,8.500,7.000,0,45.42,1,1,0.00,0,1900,1,0.382,0.0000,0.0000,0.0000,45.42,safe,,,,,,,,,,,,,,,,breakoff_complete
20.250,SAFE,0,True,True,,,8.500,7.000,0,45.42,1,1,0.00,0,1900,1,0.382,0.0000,0.0000,0.0000,45.42,safe,,,,,,,,,,,,,,,,breakoff_complete
20.300,SAFE,0,True,True,,,8.500,7.000,0,45.42,1,1,0.00,0,1900,1,0.382,0.0000,0.0000,0.0000,45.42,safe,,,,,,,,,,,,,,,,breakoff_complete
20.350,SAFE,0,True,True,,,8.500,7.000,0,45.42,1,1,0.00,0,1900,1,0.382,0.0000,0.0000,0.0000,45.42,safe,,,,,,,,,,,,,,,,breakoff_complete
20.400,SAFE,0,True,True,,,8.500,7.000,0,45.42,1,1,0.00,0,1900,1,0.382,0.0000,0.0000,0.0000,45.42,safe,,,,,,,,,,,,,,,,breakoff_complete
20.450,SAFE,0,True,True,,,8.500,7.000,0,45.42,1,1,0.00,0,1900,1,0.382,0.0000,0.0000,0.0000,45.42,safe,,,,,,,,,,,,,,,,breakoff_complete
20.500,SAFE,0,True,True,,,8.500,7.000,0,45.42,1,1,0.00,0,1900,1,0.382,0.0000,0.0000,0.0000,45.42,safe,,,,,,,,,,,,,,,,breakoff_complete
20.550,SAFE,0,True,True,,,8.500,7.000,0,45.42,1,1,0.00,0,1900,1,0.382,0.0000,0.0000,0.0000,45.42,safe,,,,,,,,,,,,,,,,breakoff_complete
20.600,SAFE,0,True,True,,,8.500,7.000,0,45.42,1,1,0.00,0,1900,1,0.382,0.0000,0.0000,0.0000,45.42,safe,,,,,,,,,,,,,,,,breakoff_complete
20.650,SAFE,0,True,True,,,8.500,7.000,0,45.42,1,1,0.00,0,1900,1,0.382,0.0000,0.0000,0.0000,45.42,safe,,,,,,,,,,,,,,,,breakoff_complete
20.700,SAFE,0,True,True,,,8.500,7.000,0,45.42,1,1,0.00,0,1900,1,0.382,0.0000,0.0000,0.0000,45.42,safe,,,,,,,,,,,,,,,,breakoff_complete
20.750,SAFE,0,True,True,,,8.500,7.000,0,45.42,1,1,0.00,0,1900,1,0.382,0.0000,0.0000,0.0000,45.42,safe,,,,,,,,,,,,,,,,breakoff_complete
20.800,SAFE,0,True,True,,,8.500,7.000,0,45.42,1,1,0.00,0,1900,1,0.382,0.0000,0.0000,0.0000,45.42,safe,,,,,,,,,,,,,,,,breakoff_complete
20.850,SAFE,0,True,True,,,8.500,7.000,0,45.42,1,1,0.00,0,1900,1,0.382,0.0000,0.0000,0.0000,45.42,safe,,,,,,,,,,,,,,,,breakoff_complete
20.900,SAFE,0,True,True,,,8.500,7.000,0,45.42,1,1,0.00,0,1900,1,0.382,0.0000,0.0000,0.0000,45.42,safe,,,,,,,,,,,,,,,,breakoff_complete
20.950,SAFE,0,True,True,,,8.500,7.000,0,45.42,1,1,0.00,0,1900,1,0.382,0.0000,0.0000,0.0000,45.42,safe,,,,,,,,,,,,,,,,breakoff_complete
21.000,SAFE,0,True,True,,,8.500,7.000,0,45.42,1,1,0.00,0,1900,1,0.382,0.0000,0.0000,0.0000,45.42,safe,,,,,,,,,,,,,,,,breakoff_complete
21.050,SAFE,0,True,True,,,8.500,7.000,0,45.42,1,1,0.00,0,1900,1,0.382,0.0000,0.0000,0.0000,45.42,safe,,,,,,,,,,,,,,,,breakoff_complete
21.100,SAFE,0,True,True,,,8.500,7.000,0,45.42,1,1,0.00,0,1900,1,0.382,0.0000,0.0000,0.0000,45.42,safe,,,,,,,,,,,,,,,,breakoff_complete
21.150,SAFE,0,True,True,,,8.500,7.000,0,45.42,1,1,0.00,0,1900,1,0.382,0.0000,0.0000,0.0000,45.42,safe,,,,,,,,,,,,,,,,breakoff_complete
21.200,SAFE,0,True,True,,,8.500,7.000,0,45.42,1,1,0.00,0,1900,1,0.382,0.0000,0.0000,0.0000,45.42,safe,,,,,,,,,,,,,,,,breakoff_complete
21.250,SAFE,0,True,True,,,8.500,7.000,0,45.42,1,1,0.00,0,1900,1,0.382,0.0000,0.0000,0.0000,45.42,safe,,,,,,,,,,,,,,,,breakoff_complete
21.300,SAFE,0,True,True,,,8.500,7.000,0,45.42,1,1,0.00,0,1900,1,0.382,0.0000,0.0000,0.0000,45.42,safe,,,,,,,,,,,,,,,,breakoff_complete
21.350,SAFE,0,True,True,,,8.500,7.000,0,45.42,1,1,0.00,0,1900,1,0.382,0.0000,0.0000,0.0000,45.42,safe,,,,,,,,,,,,,,,,breakoff_complete
21.400,SAFE,0,True,True,,,8.500,7.000,0,45.42,1,1,0.00,0,1900,1,0.382,0.0000,0.0000,0.0000,45.42,safe,,,,,,,,,,,,,,,,breakoff_complete
21.450,SAFE,0,True,True,,,8.500,7.000,0,45.42,1,1,0.00,0,1900,1,0.382,0.0000,0.0000,0.0000,45.42,safe,,,,,,,,,,,,,,,,breakoff_complete
21.500,SAFE,0,True,True,,,8.500,7.000,0,45.42,1,1,0.00,0,1900,1,0.382,0.0000,0.0000,0.0000,45.42,safe,,,,,,,,,,,,,,,,breakoff_complete
21.550,SAFE,0,True,True,,,8.500,7.000,0,45.42,1,1,0.00,0,1900,1,0.382,0.0000,0.0000,0.0000,45.42,safe,,,,,,,,,,,,,,,,breakoff_complete
21.600,SAFE,0,True,True,,,8.500,7.000,0,45.42,1,1,0.00,0,1900,1,0.382,0.0000,0.0000,0.0000,45.42,safe,,,,,,,,,,,,,,,,breakoff_complete
21.650,SAFE,0,True,True,,,8.500,7.000,0,45.42,1,1,0.00,0,1900,1,0.382,0.0000,0.0000,0.0000,45.42,safe,,,,,,,,,,,,,,,,breakoff_complete
21.700,SAFE,0,True,True,,,8.500,7.000,0,45.42,1,1,0.00,0,1900,1,0.382,0.0000,0.0000,0.0000,45.42,safe,,,,,,,,,,,,,,,,breakoff_complete
21.750,SAFE,0,True,True,,,8.500,7.000,0,45.42,1,1,0.00,0,1900,1,0.382,0.0000,0.0000,0.0000,45.42,safe,,,,,,,,,,,,,,,,breakoff_complete
21.800,SAFE,0,True,True,,,8.500,7.000,0,45.42,1,1,0.00,0,1900,1,0.382,0.0000,0.0000,0.0000,45.42,safe,,,,,,,,,,,,,,,,breakoff_complete
21.850,SAFE,0,True,True,,,8.500,7.000,0,45.42,1,1,0.00,0,1900,1,0.382,0.0000,0.0000,0.0000,45.42,safe,,,,,,,,,,,,,,,,breakoff_complete
21.900,SAFE,0,True,True,,,8.500,7.000,0,45.42,1,1,0.00,0,1900,1,0.382,0.0000,0.0000,0.0000,45.42,safe,,,,,,,,,,,,,,,,breakoff_complete
21.950,SAFE,0,True,True,,,8.500,7.000,0,45.42,1,1,0.00,0,1900,1,0.382,0.0000,0.0000,0.0000,45.42,safe,,,,,,,,,,,,,,,,breakoff_complete
22.000,SAFE,0,True,True,,,8.500,7.000,0,45.42,1,1,0.00,0,1900,1,0.382,0.0000,0.0000,0.0000,45.42,safe,,,,,,,,,,,,,,,,breakoff_complete
22.050,SAFE,0,True,True,,,8.500,7.000,0,45.42,1,1,0.00,0,1900,1,0.382,0.0000,0.0000,0.0000,45.42,safe,,,,,,,,,,,,,,,,breakoff_complete
22.100,SAFE,0,True,True,,,8.500,7.000,0,45.42,1,1,0.00,0,1900,1,0.382,0.0000,0.0000,0.0000,45.42,safe,,,,,,,,,,,,,,,,breakoff_complete
22.150,SAFE,0,True,True,,,8.500,7.000,0,45.42,1,1,0.00,0,1900,1,0.382,0.0000,0.0000,0.0000,45.42,safe,,,,,,,,,,,,,,,,breakoff_complete
22.200,SAFE,0,True,True,,,8.500,7.000,0,45.42,1,1,0.00,0,1900,1,0.382,0.0000,0.0000,0.0000,45.42,safe,,,,,,,,,,,,,,,,breakoff_complete
22.250,SAFE,0,True,True,,,8.500,7.000,0,45.42,1,1,0.00,0,1900,1,0.382,0.0000,0.0000,0.0000,45.42,safe,,,,,,,,,,,,,,,,breakoff_complete
22.300,SAFE,0,True,True,,,8.500,7.000,0,45.42,1,1,0.00,0,1900,1,0.382,0.0000,0.0000,0.0000,45.42,safe,,,,,,,,,,,,,,,,breakoff_complete
22.350,SAFE,0,True,True,,,8.500,7.000,0,45.42,1,1,0.00,0,1900,1,0.382,0.0000,0.0000,0.0000,45.42,safe,,,,,,,,,,,,,,,,breakoff_complete
22.400,SAFE,0,True,True,,,8.500,7.000,0,45.42,1,1,0.00,0,1900,1,0.382,0.0000,0.0000,0.0000,45.42,safe,,,,,,,,,,,,,,,,breakoff_complete
22.450,SAFE,0,True,True,,,8.500,7.000,0,45.42,1,1,0.00,0,1900,1,0.382,0.0000,0.0000,0.0000,45.42,safe,,,,,,,,,,,,,,,,breakoff_complete
22.500,SAFE,0,True,True,,,8.500,7.000,0,45.42,1,1,0.00,0,1900,1,0.382,0.0000,0.0000,0.0000,45.42,safe,,,,,,,,,,,,,,,,breakoff_complete
22.550,SAFE,0,True,True,,,8.500,7.000,0,45.42,1,1,0.00,0,1900,1,0.382,0.0000,0.0000,0.0000,45.42,safe,,,,,,,,,,,,,,,,breakoff_complete
22.600,SAFE,0,True,True,,,8.500,7.000,0,45.42,1,1,0.00,0,1900,1,0.382,0.0000,0.0000,0.0000,45.42,safe,,,,,,,,,,,,,,,,breakoff_complete
22.650,SAFE,0,True,True,,,8.500,7.000,0,45.42,1,1,0.00,0,1900,1,0.382,0.0000,0.0000,0.0000,45.42,safe,,,,,,,,,,,,,,,,breakoff_complete
22.700,SAFE,0,True,True,,,8.500,7.000,0,45.42,1,1,0.00,0,1900,1,0.382,0.0000,0.0000,0.0000,45.42,safe,,,,,,,,,,,,,,,,breakoff_complete
22.750,SAFE,0,True,True,,,8.500,7.000,0,45.42,1,1,0.00,0,1900,1,0.382,0.0000,0.0000,0.0000,45.42,safe,,,,,,,,,,,,,,,,breakoff_complete
22.800,SAFE,0,True,True,,,8.500,7.000,0,45.42,1,1,0.00,0,1900,1,0.382,0.0000,0.0000,0.0000,45.42,safe,,,,,,,,,,,,,,,,breakoff_complete
22.850,SAFE,0,True,True,,,8.500,7.000,0,45.42,1,1,0.00,0,1900,1,0.382,0.0000,0.0000,0.0000,45.42,safe,,,,,,,,,,,,,,,,breakoff_complete
22.900,SAFE,0,True,True,,,8.500,7.000,0,45.42,1,1,0.00,0,1900,1,0.382,0.0000,0.0000,0.0000,45.42,safe,,,,,,,,,,,,,,,,breakoff_complete
22.950,SAFE,0,True,True,,,8.500,7.000,0,45.42,1,1,0.00,0,1900,1,0.382,0.0000,0.0000,0.0000,45.42,safe,,,,,,,,,,,,,,,,breakoff_complete
23.000,SAFE,0,True,True,,,8.500,7.000,0,45.42,1,1,0.00,0,1900,1,0.382,0.0000,0.0000,0.0000,45.42,safe,,,,,,,,,,,,,,,,breakoff_complete
23.050,SAFE,0,True,True,,,8.500,7.000,0,45.42,1,1,0.00,0,1900,1,0.382,0.0000,0.0000,0.0000,45.42,safe,,,,,,,,,,,,,,,,breakoff_complete
23.100,SAFE,0,True,True,,,8.500,7.000,0,45.42,1,1,0.00,0,1900,1,0.382,0.0000,0.0000,0.0000,45.42,safe,,,,,,,,,,,,,,,,breakoff_complete
23.150,SAFE,0,True,True,,,8.500,7.000,0,45.42,1,1,0.00,0,1900,1,0.382,0.0000,0.0000,0.0000,45.42,safe,,,,,,,,,,,,,,,,breakoff_complete
23.200,SAFE,0,True,True,,,8.500,7.000,0,45.42,1,1,0.00,0,1900,1,0.382,0.0000,0.0000,0.0000,45.42,safe,,,,,,,,,,,,,,,,breakoff_complete
23.250,SAFE,0,True,True,,,8.500,7.000,0,45.42,1,1,0.00,0,1900,1,0.382,0.0000,0.0000,0.0000,45.42,safe,,,,,,,,,,,,,,,,breakoff_complete
23.300,SAFE,0,True,True,,,8.500,7.000,0,45.42,1,1,0.00,0,1900,1,0.382,0.0000,0.0000,0.0000,45.42,safe,,,,,,,,,,,,,,,,breakoff_complete
23.350,SAFE,0,True,True,,,8.500,7.000,0,45.42,1,1,0.00,0,1900,1,0.382,0.0000,0.0000,0.0000,45.42,safe,,,,,,,,,,,,,,,,breakoff_complete
23.400,SAFE,0,True,True,,,8.500,7.000,0,45.42,1,1,0.00,0,1900,1,0.382,0.0000,0.0000,0.0000,45.42,safe,,,,,,,,,,,,,,,,breakoff_complete
23.450,SAFE,0,True,True,,,8.500,7.000,0,45.42,1,1,0.00,0,1900,1,0.382,0.0000,0.0000,0.0000,45.42,safe,,,,,,,,,,,,,,,,breakoff_complete
23.500,SAFE,0,True,True,,,8.500,7.000,0,45.42,1,1,0.00,0,1900,1,0.382,0.0000,0.0000,0.0000,45.42,safe,,,,,,,,,,,,,,,,breakoff_complete
23.550,SAFE,0,True,True,,,8.500,7.000,0,45.42,1,1,0.00,0,1900,1,0.382,0.0000,0.0000,0.0000,45.42,safe,,,,,,,,,,,,,,,,breakoff_complete
23.600,SAFE,0,True,True,,,8.500,7.000,0,45.42,1,1,0.00,0,1900,1,0.382,0.0000,0.0000,0.0000,45.42,safe,,,,,,,,,,,,,,,,breakoff_complete
23.650,SAFE,0,True,True,,,8.500,7.000,0,45.42,1,1,0.00,0,1900,1,0.382,0.0000,0.0000,0.0000,45.42,safe,,,,,,,,,,,,,,,,breakoff_complete
23.700,SAFE,0,True,True,,,8.500,7.000,0,45.42,1,1,0.00,0,1900,1,0.382,0.0000,0.0000,0.0000,45.42,safe,,,,,,,,,,,,,,,,breakoff_complete
23.750,SAFE,0,True,True,,,8.500,7.000,0,45.42,1,1,0.00,0,1900,1,0.382,0.0000,0.0000,0.0000,45.42,safe,,,,,,,,,,,,,,,,breakoff_complete
23.800,SAFE,0,True,True,,,8.500,7.000,0,45.42,1,1,0.00,0,1900,1,0.382,0.0000,0.0000,0.0000,45.42,safe,,,,,,,,,,,,,,,,breakoff_complete
23.850,SAFE,0,True,True,,,8.500,7.000,0,45.42,1,1,0.00,0,1900,1,0.382,0.0000,0.0000,0.0000,45.42,safe,,,,,,,,,,,,,,,,breakoff_complete
23.900,SAFE,0,True,True,,,8.500,7.000,0,45.42,1,1,0.00,0,1900,1,0.382,0.0000,0.0000,0.0000,45.42,safe,,,,,,,,,,,,,,,,breakoff_complete
23.950,SAFE,0,True,True,,,8.500,7.000,0,45.42,1,1,0.00,0,1900,1,0.382,0.0000,0.0000,0.0000,45.42,safe,,,,,,,,,,,,,,,,breakoff_complete
24.000,SAFE,0,True,True,,,8.500,7.000,0,45.42,1,1,0.00,0,1900,1,0.382,0.0000,0.0000,0.0000,45.42,safe,,,,,,,,,,,,,,,,breakoff_complete
24.050,SAFE,0,True,True,,,8.500,7.000,0,45.42,1,1,0.00,0,1900,1,0.382,0.0000,0.0000,0.0000,45.42,safe,,,,,,,,,,,,,,,,breakoff_complete
24.100,SAFE,0,True,True,,,8.500,7.000,0,45.42,1,1,0.00,0,1900,1,0.382,0.0000,0.0000,0.0000,45.42,safe,,,,,,,,,,,,,,,,breakoff_complete
24.150,SAFE,0,True,True,,,8.500,7.000,0,45.42,1,1,0.00,0,1900,1,0.382,0.0000,0.0000,0.0000,45.42,safe,,,,,,,,,,,,,,,,breakoff_complete
24.200,SAFE,0,True,True,,,8.500,7.000,0,45.42,1,1,0.00,0,1900,1,0.382,0.0000,0.0000,0.0000,45.42,safe,,,,,,,,,,,,,,,,breakoff_complete
24.250,SAFE,0,True,True,,,8.500,7.000,0,45.42,1,1,0.00,0,1900,1,0.382,0.0000,0.0000,0.0000,45.42,safe,,,,,,,,,,,,,,,,breakoff_complete
24.300,SAFE,0,True,True,,,8.500,7.000,0,45.42,1,1,0.00,0,1900,1,0.382,0.0000,0.0000,0.0000,45.42,safe,,,,,,,,,,,,,,,,breakoff_complete
24.350,SAFE,0,True,True,,,8.500,7.000,0,45.42,1,1,0.00,0,1900,1,0.382,0.0000,0.0000,0.0000,45.42,safe,,,,,,,,,,,,,,,,breakoff_complete
24.400,SAFE,0,True,True,,,8.500,7.000,0,45.42,1,1,0.00,0,1900,1,0.382,0.0000,0.0000,0.0000,45.42,safe,,,,,,,,,,,,,,,,breakoff_complete
24.450,SAFE,0,True,True,,,8.500,7.000,0,45.42,1,1,0.00,0,1900,1,0.382,0.0000,0.0000,0.0000,45.42,safe,,,,,,,,,,,,,,,,breakoff_complete
24.500,SAFE,0,True,True,,,8.500,7.000,0,45.42,1,1,0.00,0,1900,1,0.382,0.0000,0.0000,0.0000,45.42,safe,,,,,,,,,,,,,,,,breakoff_complete
24.550,SAFE,0,True,True,,,8.500,7.000,0,45.42,1,1,0.00,0,1900,1,0.382,0.0000,0.0000,0.0000,45.42,safe,,,,,,,,,,,,,,,,breakoff_complete
24.600,SAFE,0,True,True,,,8.500,7.000,0,45.42,1,1,0.00,0,1900,1,0.382,0.0000,0.0000,0.0000,45.42,safe,,,,,,,,,,,,,,,,breakoff_complete
24.650,SAFE,0,True,True,,,8.500,7.000,0,45.42,1,1,0.00,0,1900,1,0.382,0.0000,0.0000,0.0000,45.42,safe,,,,,,,,,,,,,,,,breakoff_complete
24.700,SAFE,0,True,True,,,8.500,7.000,0,45.42,1,1,0.00,0,1900,1,0.382,0.0000,0.0000,0.0000,45.42,safe,,,,,,,,,,,,,,,,breakoff_complete
24.750,SAFE,0,True,True,,,8.500,7.000,0,45.42,1,1,0.00,0,1900,1,0.382,0.0000,0.0000,0.0000,45.42,safe,,,,,,,,,,,,,,,,breakoff_complete
24.800,SAFE,0,True,True,,,8.500,7.000,0,45.42,1,1,0.00,0,1900,1,0.382,0.0000,0.0000,0.0000,45.42,safe,,,,,,,,,,,,,,,,breakoff_complete
24.850,SAFE,0,True,True,,,8.500,7.000,0,45.42,1,1,0.00,0,1900,1,0.382,0.0000,0.0000,0.0000,45.42,safe,,,,,,,,,,,,,,,,breakoff_complete
24.900,SAFE,0,True,True,,,8.500,7.000,0,45.42,1,1,0.00,0,1900,1,0.382,0.0000,0.0000,0.0000,45.42,safe,,,,,,,,,,,,,,,,breakoff_complete
24.950,SAFE,0,True,True,,,8.500,7.000,0,45.42,1,1,0.00,0,1900,1,0.382,0.0000,0.0000,0.0000,45.42,safe,,,,,,,,,,,,,,,,breakoff_complete
25.000,SAFE,0,True,True,,,8.500,7.000,0,45.42,1,1,0.00,0,1900,1,0.382,0.0000,0.0000,0.0000,45.42,safe,,,,,,,,,,,,,,,,breakoff_complete
25.050,SAFE,0,True,True,,,8.500,7.000,0,45.42,1,1,0.00,0,1900,1,0.382,0.0000,0.0000,0.0000,45.42,safe,,,,,,,,,,,,,,,,breakoff_complete
25.100,SAFE,0,True,True,,,8.500,7.000,0,45.42,1,1,0.00,0,1900,1,0.382,0.0000,0.0000,0.0000,45.42,safe,,,,,,,,,,,,,,,,breakoff_complete
25.150,SAFE,0,True,True,,,8.500,7.000,0,45.42,1,1,0.00,0,1900,1,0.382,0.0000,0.0000,0.0000,45.42,safe,,,,,,,,,,,,,,,,breakoff_complete
25.200,SAFE,0,True,True,,,8.500,7.000,0,45.42,1,1,0.00,0,1900,1,0.382,0.0000,0.0000,0.0000,45.42,safe,,,,,,,,,,,,,,,,breakoff_complete
25.250,SAFE,0,True,True,,,8.500,7.000,0,45.42,1,1,0.00,0,1900,1,0.382,0.0000,0.0000,0.0000,45.42,safe,,,,,,,,,,,,,,,,breakoff_complete
25.300,SAFE,0,True,True,,,8.500,7.000,0,45.42,1,1,0.00,0,1900,1,0.382,0.0000,0.0000,0.0000,45.42,safe,,,,,,,,,,,,,,,,breakoff_complete
25.350,SAFE,0,True,True,,,8.500,7.000,0,45.42,1,1,0.00,0,1900,1,0.382,0.0000,0.0000,0.0000,45.42,safe,,,,,,,,,,,,,,,,breakoff_complete
25.400,SAFE,0,True,True,,,8.500,7.000,0,45.42,1,1,0.00,0,1900,1,0.382,0.0000,0.0000,0.0000,45.42,safe,,,,,,,,,,,,,,,,breakoff_complete
25.450,SAFE,0,True,True,,,8.500,7.000,0,45.42,1,1,0.00,0,1900,1,0.382,0.0000,0.0000,0.0000,45.42,safe,,,,,,,,,,,,,,,,breakoff_complete
25.500,SAFE,0,True,True,,,8.500,7.000,0,45.42,1,1,0.00,0,1900,1,0.382,0.0000,0.0000,0.0000,45.42,safe,,,,,,,,,,,,,,,,breakoff_complete
25.550,SAFE,0,True,True,,,8.500,7.000,0,45.42,1,1,0.00,0,1900,1,0.382,0.0000,0.0000,0.0000,45.42,safe,,,,,,,,,,,,,,,,breakoff_complete
25.600,SAFE,0,True,True,,,8.500,7.000,0,45.42,1,1,0.00,0,1900,1,0.382,0.0000,0.0000,0.0000,45.42,safe,,,,,,,,,,,,,,,,breakoff_complete
25.650,SAFE,0,True,True,,,8.500,7.000,0,45.42,1,1,0.00,0,1900,1,0.382,0.0000,0.0000,0.0000,45.42,safe,,,,,,,,,,,,,,,,breakoff_complete
25.700,SAFE,0,True,True,,,8.500,7.000,0,45.42,1,1,0.00,0,1900,1,0.382,0.0000,0.0000,0.0000,45.42,safe,,,,,,,,,,,,,,,,breakoff_complete
25.750,SAFE,0,True,True,,,8.500,7.000,0,45.42,1,1,0.00,0,1900,1,0.382,0.0000,0.0000,0.0000,45.42,safe,,,,,,,,,,,,,,,,breakoff_complete
25.800,SAFE,0,True,True,,,8.500,7.000,0,45.42,1,1,0.00,0,1900,1,0.382,0.0000,0.0000,0.0000,45.42,safe,,,,,,,,,,,,,,,,breakoff_complete
25.850,SAFE,0,True,True,,,8.500,7.000,0,45.42,1,1,0.00,0,1900,1,0.382,0.0000,0.0000,0.0000,45.42,safe,,,,,,,,,,,,,,,,breakoff_complete
25.900,SAFE,0,True,True,,,8.500,7.000,0,45.42,1,1,0.00,0,1900,1,0.382,0.0000,0.0000,0.0000,45.42,safe,,,,,,,,,,,,,,,,breakoff_complete
25.950,SAFE,0,True,True,,,8.500,7.000,0,45.42,1,1,0.00,0,1900,1,0.382,0.0000,0.0000,0.0000,45.42,safe,,,,,,,,,,,,,,,,breakoff_complete
26.000,SAFE,0,True,True,,,8.500,7.000,0,45.42,1,1,0.00,0,1900,1,0.382,0.0000,0.0000,0.0000,45.42,safe,,,,,,,,,,,,,,,,breakoff_complete
26.050,SAFE,0,True,True,,,8.500,7.000,0,45.42,1,1,0.00,0,1900,1,0.382,0.0000,0.0000,0.0000,45.42,safe,,,,,,,,,,,,,,,,breakoff_complete
26.100,SAFE,0,True,True,,,8.500,7.000,0,45.42,1,1,0.00,0,1900,1,0.382,0.0000,0.0000,0.0000,45.42,safe,,,,,,,,,,,,,,,,breakoff_complete
26.150,SAFE,0,True,True,,,8.500,7.000,0,45.42,1,1,0.00,0,1900,1,0.382,0.0000,0.0000,0.0000,45.42,safe,,,,,,,,,,,,,,,,breakoff_complete
26.200,SAFE,0,True,True,,,8.500,7.000,0,45.42,1,1,0.00,0,1900,1,0.382,0.0000,0.0000,0.0000,45.42,safe,,,,,,,,,,,,,,,,breakoff_complete
26.250,SAFE,0,True,True,,,8.500,7.000,0,45.42,1,1,0.00,0,1900,1,0.382,0.0000,0.0000,0.0000,45.42,safe,,,,,,,,,,,,,,,,breakoff_complete
26.300,SAFE,0,True,True,,,8.500,7.000,0,45.42,1,1,0.00,0,1900,1,0.382,0.0000,0.0000,0.0000,45.42,safe,,,,,,,,,,,,,,,,breakoff_complete
26.350,SAFE,0,True,True,,,8.500,7.000,0,45.42,1,1,0.00,0,1900,1,0.382,0.0000,0.0000,0.0000,45.42,safe,,,,,,,,,,,,,,,,breakoff_complete
26.400,SAFE,0,True,True,,,8.500,7.000,0,45.42,1,1,0.00,0,1900,1,0.382,0.0000,0.0000,0.0000,45.42,safe,,,,,,,,,,,,,,,,breakoff_complete
26.450,SAFE,0,True,True,,,8.500,7.000,0,45.42,1,1,0.00,0,1900,1,0.382,0.0000,0.0000,0.0000,45.42,safe,,,,,,,,,,,,,,,,breakoff_complete
26.500,SAFE,0,True,True,,,8.500,7.000,0,45.42,1,1,0.00,0,1900,1,0.382,0.0000,0.0000,0.0000,45.42,safe,,,,,,,,,,,,,,,,breakoff_complete
26.550,SAFE,0,True,True,,,8.500,7.000,0,45.42,1,1,0.00,0,1900,1,0.382,0.0000,0.0000,0.0000,45.42,safe,,,,,,,,,,,,,,,,breakoff_complete
26.600,SAFE,0,True,True,,,8.500,7.000,0,45.42,1,1,0.00,0,1900,1,0.382,0.0000,0.0000,0.0000,45.42,safe,,,,,,,,,,,,,,,,breakoff_complete
26.650,SAFE,0,True,True,,,8.500,7.000,0,45.42,1,1,0.00,0,1900,1,0.382,0.0000,0.0000,0.0000,45.42,safe,,,,,,,,,,,,,,,,breakoff_complete
26.700,SAFE,0,True,True,,,8.500,7.000,0,45.42,1,1,0.00,0,1900,1,0.382,0.0000,0.0000,0.0000,45.42,safe,,,,,,,,,,,,,,,,breakoff_complete
26.750,SAFE,0,True,True,,,8.500,7.000,0,45.42,1,1,0.00,0,1900,1,0.382,0.0000,0.0000,0.0000,45.42,safe,,,,,,,,,,,,,,,,breakoff_complete
26.800,SAFE,0,True,True,,,8.500,7.000,0,45.42,1,1,0.00,0,1900,1,0.382,0.0000,0.0000,0.0000,45.42,safe,,,,,,,,,,,,,,,,breakoff_complete
26.850,SAFE,0,True,True,,,8.500,7.000,0,45.42,1,1,0.00,0,1900,1,0.382,0.0000,0.0000,0.0000,45.42,safe,,,,,,,,,,,,,,,,breakoff_complete
26.900,SAFE,0,True,True,,,8.500,7.000,0,45.42,1,1,0.00,0,1900,1,0.382,0.0000,0.0000,0.0000,45.42,safe,,,,,,,,,,,,,,,,breakoff_complete
26.950,SAFE,0,True,True,,,8.500,7.000,0,45.42,1,1,0.00,0,1900,1,0.382,0.0000,0.0000,0.0000,45.42,safe,,,,,,,,,,,,,,,,breakoff_complete
27.000,SAFE,0,True,True,,,8.500,7.000,0,45.42,1,1,0.00,0,1900,1,0.382,0.0000,0.0000,0.0000,45.42,safe,,,,,,,,,,,,,,,,breakoff_complete
27.050,SAFE,0,True,True,,,8.500,7.000,0,45.42,1,1,0.00,0,1900,1,0.382,0.0000,0.0000,0.0000,45.42,safe,,,,,,,,,,,,,,,,breakoff_complete
27.100,SAFE,0,True,True,,,8.500,7.000,0,45.42,1,1,0.00,0,1900,1,0.382,0.0000,0.0000,0.0000,45.42,safe,,,,,,,,,,,,,,,,breakoff_complete
27.150,SAFE,0,True,True,,,8.500,7.000,0,45.42,1,1,0.00,0,1900,1,0.382,0.0000,0.0000,0.0000,45.42,safe,,,,,,,,,,,,,,,,breakoff_complete
27.200,SAFE,0,True,True,,,8.500,7.000,0,45.42,1,1,0.00,0,1900,1,0.382,0.0000,0.0000,0.0000,45.42,safe,,,,,,,,,,,,,,,,breakoff_complete
27.250,SAFE,0,True,True,,,8.500,7.000,0,45.42,1,1,0.00,0,1900,1,0.382,0.0000,0.0000,0.0000,45.42,safe,,,,,,,,,,,,,,,,breakoff_complete
27.300,SAFE,0,True,True,,,8.500,7.000,0,45.42,1,1,0.00,0,1900,1,0.382,0.0000,0.0000,0.0000,45.42,safe,,,,,,,,,,,,,,,,breakoff_complete
27.350,SAFE,0,True,True,,,8.500,7.000,0,45.42,1,1,0.00,0,1900,1,0.382,0.0000,0.0000,0.0000,45.42,safe,,,,,,,,,,,,,,,,breakoff_complete
27.400,SAFE,0,True,True,,,8.500,7.000,0,45.42,1,1,0.00,0,1900,1,0.382,0.0000,0.0000,0.0000,45.42,safe,,,,,,,,,,,,,,,,breakoff_complete
27.450,SAFE,0,True,True,,,8.500,7.000,0,45.42,1,1,0.00,0,1900,1,0.382,0.0000,0.0000,0.0000,45.42,safe,,,,,,,,,,,,,,,,breakoff_complete
27.500,SAFE,0,True,True,,,8.500,7.000,0,45.42,1,1,0.00,0,1900,1,0.382,0.0000,0.0000,0.0000,45.42,safe,,,,,,,,,,,,,,,,breakoff_complete
27.550,SAFE,0,True,True,,,8.500,7.000,0,45.42,1,1,0.00,0,1900,1,0.382,0.0000,0.0000,0.0000,45.42,safe,,,,,,,,,,,,,,,,breakoff_complete
27.600,SAFE,0,True,True,,,8.500,7.000,0,45.42,1,1,0.00,0,1900,1,0.382,0.0000,0.0000,0.0000,45.42,safe,,,,,,,,,,,,,,,,breakoff_complete
27.650,SAFE,0,True,True,,,8.500,7.000,0,45.42,1,1,0.00,0,1900,1,0.382,0.0000,0.0000,0.0000,45.42,safe,,,,,,,,,,,,,,,,breakoff_complete
27.700,SAFE,0,True,True,,,8.500,7.000,0,45.42,1,1,0.00,0,1900,1,0.382,0.0000,0.0000,0.0000,45.42,safe,,,,,,,,,,,,,,,,breakoff_complete
27.750,SAFE,0,True,True,,,8.500,7.000,0,45.42,1,1,0.00,0,1900,1,0.382,0.0000,0.0000,0.0000,45.42,safe,,,,,,,,,,,,,,,,breakoff_complete
27.800,SAFE,0,True,True,,,8.500,7.000,0,45.42,1,1,0.00,0,1900,1,0.382,0.0000,0.0000,0.0000,45.42,safe,,,,,,,,,,,,,,,,breakoff_complete
27.850,SAFE,0,True,True,,,8.500,7.000,0,45.42,1,1,0.00,0,1900,1,0.382,0.0000,0.0000,0.0000,45.42,safe,,,,,,,,,,,,,,,,breakoff_complete
27.900,SAFE,0,True,True,,,8.500,7.000,0,45.42,1,1,0.00,0,1900,1,0.382,0.0000,0.0000,0.0000,45.42,safe,,,,,,,,,,,,,,,,breakoff_complete
27.950,SAFE,0,True,True,,,8.500,7.000,0,45.42,1,1,0.00,0,1900,1,0.382,0.0000,0.0000,0.0000,45.42,safe,,,,,,,,,,,,,,,,breakoff_complete
28.000,SAFE,0,True,True,,,8.500,7.000,0,45.42,1,1,0.00,0,1900,1,0.382,0.0000,0.0000,0.0000,45.42,safe,,,,,,,,,,,,,,,,breakoff_complete
28.050,SAFE,0,True,True,,,8.500,7.000,0,45.42,1,1,0.00,0,1900,1,0.382,0.0000,0.0000,0.0000,45.42,safe,,,,,,,,,,,,,,,,breakoff_complete
28.100,SAFE,0,True,True,,,8.500,7.000,0,45.42,1,1,0.00,0,1900,1,0.382,0.0000,0.0000,0.0000,45.42,safe,,,,,,,,,,,,,,,,breakoff_complete
28.150,SAFE,0,True,True,,,8.500,7.000,0,45.42,1,1,0.00,0,1900,1,0.382,0.0000,0.0000,0.0000,45.42,safe,,,,,,,,,,,,,,,,breakoff_complete
28.200,SAFE,0,True,True,,,8.500,7.000,0,45.42,1,1,0.00,0,1900,1,0.382,0.0000,0.0000,0.0000,45.42,safe,,,,,,,,,,,,,,,,breakoff_complete
28.250,SAFE,0,True,True,,,8.500,7.000,0,45.42,1,1,0.00,0,1900,1,0.382,0.0000,0.0000,0.0000,45.42,safe,,,,,,,,,,,,,,,,breakoff_complete
28.300,SAFE,0,True,True,,,8.500,7.000,0,45.42,1,1,0.00,0,1900,1,0.382,0.0000,0.0000,0.0000,45.42,safe,,,,,,,,,,,,,,,,breakoff_complete
28.350,SAFE,0,True,True,,,8.500,7.000,0,45.42,1,1,0.00,0,1900,1,0.382,0.0000,0.0000,0.0000,45.42,safe,,,,,,,,,,,,,,,,breakoff_complete
28.400,SAFE,0,True,True,,,8.500,7.000,0,45.42,1,1,0.00,0,1900,1,0.382,0.0000,0.0000,0.0000,45.42,safe,,,,,,,,,,,,,,,,breakoff_complete
28.450,SAFE,0,True,True,,,8.500,7.000,0,45.42,1,1,0.00,0,1900,1,0.382,0.0000,0.0000,0.0000,45.42,safe,,,,,,,,,,,,,,,,breakoff_complete
28.500,SAFE,0,True,True,,,8.500,7.000,0,45.42,1,1,0.00,0,1900,1,0.382,0.0000,0.0000,0.0000,45.42,safe,,,,,,,,,,,,,,,,breakoff_complete
28.550,SAFE,0,True,True,,,8.500,7.000,0,45.42,1,1,0.00,0,1900,1,0.382,0.0000,0.0000,0.0000,45.42,safe,,,,,,,,,,,,,,,,breakoff_complete
28.600,SAFE,0,True,True,,,8.500,7.000,0,45.42,1,1,0.00,0,1900,1,0.382,0.0000,0.0000,0.0000,45.42,safe,,,,,,,,,,,,,,,,breakoff_complete
28.650,SAFE,0,True,True,,,8.500,7.000,0,45.42,1,1,0.00,0,1900,1,0.382,0.0000,0.0000,0.0000,45.42,safe,,,,,,,,,,,,,,,,breakoff_complete
28.700,SAFE,0,True,True,,,8.500,7.000,0,45.42,1,1,0.00,0,1900,1,0.382,0.0000,0.0000,0.0000,45.42,safe,,,,,,,,,,,,,,,,breakoff_complete
28.750,SAFE,0,True,True,,,8.500,7.000,0,45.42,1,1,0.00,0,1900,1,0.382,0.0000,0.0000,0.0000,45.42,safe,,,,,,,,,,,,,,,,breakoff_complete
28.800,SAFE,0,True,True,,,8.500,7.000,0,45.42,1,1,0.00,0,1900,1,0.382,0.0000,0.0000,0.0000,45.42,safe,,,,,,,,,,,,,,,,breakoff_complete
28.850,SAFE,0,True,True,,,8.500,7.000,0,45.42,1,1,0.00,0,1900,1,0.382,0.0000,0.0000,0.0000,45.42,safe,,,,,,,,,,,,,,,,breakoff_complete
28.900,SAFE,0,True,True,,,8.500,7.000,0,45.42,1,1,0.00,0,1900,1,0.382,0.0000,0.0000,0.0000,45.42,safe,,,,,,,,,,,,,,,,breakoff_complete
28.950,SAFE,0,True,True,,,8.500,7.000,0,45.42,1,1,0.00,0,1900,1,0.382,0.0000,0.0000,0.0000,45.42,safe,,,,,,,,,,,,,,,,breakoff_complete
29.000,SAFE,0,True,True,,,8.500,7.000,0,45.42,1,1,0.00,0,1900,1,0.382,0.0000,0.0000,0.0000,45.42,safe,,,,,,,,,,,,,,,,breakoff_complete
29.050,SAFE,0,True,True,,,8.500,7.000,0,45.42,1,1,0.00,0,1900,1,0.382,0.0000,0.0000,0.0000,45.42,safe,,,,,,,,,,,,,,,,breakoff_complete
29.100,SAFE,0,True,True,,,8.500,7.000,0,45.42,1,1,0.00,0,1900,1,0.382,0.0000,0.0000,0.0000,45.42,safe,,,,,,,,,,,,,,,,breakoff_complete
29.150,SAFE,0,True,True,,,8.500,7.000,0,45.42,1,1,0.00,0,1900,1,0.382,0.0000,0.0000,0.0000,45.42,safe,,,,,,,,,,,,,,,,breakoff_complete
29.200,SAFE,0,True,True,,,8.500,7.000,0,45.42,1,1,0.00,0,1900,1,0.382,0.0000,0.0000,0.0000,45.42,safe,,,,,,,,,,,,,,,,breakoff_complete
29.250,SAFE,0,True,True,,,8.500,7.000,0,45.42,1,1,0.00,0,1900,1,0.382,0.0000,0.0000,0.0000,45.42,safe,,,,,,,,,,,,,,,,breakoff_complete
29.300,SAFE,0,True,True,,,8.500,7.000,0,45.42,1,1,0.00,0,1900,1,0.382,0.0000,0.0000,0.0000,45.42,safe,,,,,,,,,,,,,,,,breakoff_complete
29.350,SAFE,0,True,True,,,8.500,7.000,0,45.42,1,1,0.00,0,1900,1,0.382,0.0000,0.0000,0.0000,45.42,safe,,,,,,,,,,,,,,,,breakoff_complete
29.400,SAFE,0,True,True,,,8.500,7.000,0,45.42,1,1,0.00,0,1900,1,0.382,0.0000,0.0000,0.0000,45.42,safe,,,,,,,,,,,,,,,,breakoff_complete
29.450,SAFE,0,True,True,,,8.500,7.000,0,45.42,1,1,0.00,0,1900,1,0.382,0.0000,0.0000,0.0000,45.42,safe,,,,,,,,,,,,,,,,breakoff_complete
29.500,SAFE,0,True,True,,,8.500,7.000,0,45.42,1,1,0.00,0,1900,1,0.382,0.0000,0.0000,0.0000,45.42,safe,,,,,,,,,,,,,,,,breakoff_complete
29.550,SAFE,0,True,True,,,8.500,7.000,0,45.42,1,1,0.00,0,1900,1,0.382,0.0000,0.0000,0.0000,45.42,safe,,,,,,,,,,,,,,,,breakoff_complete
29.600,SAFE,0,True,True,,,8.500,7.000,0,45.42,1,1,0.00,0,1900,1,0.382,0.0000,0.0000,0.0000,45.42,safe,,,,,,,,,,,,,,,,breakoff_complete
29.650,SAFE,0,True,True,,,8.500,7.000,0,45.42,1,1,0.00,0,1900,1,0.382,0.0000,0.0000,0.0000,45.42,safe,,,,,,,,,,,,,,,,breakoff_complete
29.700,SAFE,0,True,True,,,8.500,7.000,0,45.42,1,1,0.00,0,1900,1,0.382,0.0000,0.0000,0.0000,45.42,safe,,,,,,,,,,,,,,,,breakoff_complete
29.750,SAFE,0,True,True,,,8.500,7.000,0,45.42,1,1,0.00,0,1900,1,0.382,0.0000,0.0000,0.0000,45.42,safe,,,,,,,,,,,,,,,,breakoff_complete
29.800,SAFE,0,True,True,,,8.500,7.000,0,45.42,1,1,0.00,0,1900,1,0.382,0.0000,0.0000,0.0000,45.42,safe,,,,,,,,,,,,,,,,breakoff_complete
29.850,SAFE,0,True,True,,,8.500,7.000,0,45.42,1,1,0.00,0,1900,1,0.382,0.0000,0.0000,0.0000,45.42,safe,,,,,,,,,,,,,,,,breakoff_complete
29.900,SAFE,0,True,True,,,8.500,7.000,0,45.42,1,1,0.00,0,1900,1,0.382,0.0000,0.0000,0.0000,45.42,safe,,,,,,,,,,,,,,,,breakoff_complete
29.950,SAFE,0,True,True,,,8.500,7.000,0,45.42,1,1,0.00,0,1900,1,0.382,0.0000,0.0000,0.0000,45.42,safe,,,,,,,,,,,,,,,,breakoff_complete
30.000,SAFE,0,True,True,,,8.500,7.000,0,45.42,1,1,0.00,0,1900,1,0.382,0.0000,0.0000,0.0000,45.42,safe,,,,,,,,,,,,,,,,breakoff_complete
30.050,SAFE,0,True,True,,,8.500,7.000,0,45.42,1,1,0.00,0,1900,1,0.382,0.0000,0.0000,0.0000,45.42,safe,,,,,,,,,,,,,,,,breakoff_complete
30.100,SAFE,0,True,True,,,8.500,7.000,0,45.42,1,1,0.00,0,1900,1,0.382,0.0000,0.0000,0.0000,45.42,safe,,,,,,,,,,,,,,,,breakoff_complete
30.150,SAFE,0,True,True,,,8.500,7.000,0,45.42,1,1,0.00,0,1900,1,0.382,0.0000,0.0000,0.0000,45.42,safe,,,,,,,,,,,,,,,,breakoff_complete
30.200,SAFE,0,True,True,,,8.500,7.000,0,45.42,1,1,0.00,0,1900,1,0.382,0.0000,0.0000,0.0000,45.42,safe,,,,,,,,,,,,,,,,breakoff_complete
30.250,SAFE,0,True,True,,,8.500,7.000,0,45.42,1,1,0.00,0,1900,1,0.382,0.0000,0.0000,0.0000,45.42,safe,,,,,,,,,,,,,,,,breakoff_complete
30.300,SAFE,0,True,True,,,8.500,7.000,0,45.42,1,1,0.00,0,1900,1,0.382,0.0000,0.0000,0.0000,45.42,safe,,,,,,,,,,,,,,,,breakoff_complete
30.350,SAFE,0,True,True,,,8.500,7.000,0,45.42,1,1,0.00,0,1900,1,0.382,0.0000,0.0000,0.0000,45.42,safe,,,,,,,,,,,,,,,,breakoff_complete
30.400,SAFE,0,True,True,,,8.500,7.000,0,45.42,1,1,0.00,0,1900,1,0.382,0.0000,0.0000,0.0000,45.42,safe,,,,,,,,,,,,,,,,breakoff_complete
30.450,SAFE,0,True,True,,,8.500,7.000,0,45.42,1,1,0.00,0,1900,1,0.382,0.0000,0.0000,0.0000,45.42,safe,,,,,,,,,,,,,,,,breakoff_complete
30.500,SAFE,0,True,True,,,8.500,7.000,0,45.42,1,1,0.00,0,1900,1,0.382,0.0000,0.0000,0.0000,45.42,safe,,,,,,,,,,,,,,,,breakoff_complete
30.550,SAFE,0,True,True,,,8.500,7.000,0,45.42,1,1,0.00,0,1900,1,0.382,0.0000,0.0000,0.0000,45.42,safe,,,,,,,,,,,,,,,,breakoff_complete
30.600,SAFE,0,True,True,,,8.500,7.000,0,45.42,1,1,0.00,0,1900,1,0.382,0.0000,0.0000,0.0000,45.42,safe,,,,,,,,,,,,,,,,breakoff_complete
30.650,SAFE,0,True,True,,,8.500,7.000,0,45.42,1,1,0.00,0,1900,1,0.382,0.0000,0.0000,0.0000,45.42,safe,,,,,,,,,,,,,,,,breakoff_complete
30.700,SAFE,0,True,True,,,8.500,7.000,0,45.42,1,1,0.00,0,1900,1,0.382,0.0000,0.0000,0.0000,45.42,safe,,,,,,,,,,,,,,,,breakoff_complete
30.750,SAFE,0,True,True,,,8.500,7.000,0,45.42,1,1,0.00,0,1900,1,0.382,0.0000,0.0000,0.0000,45.42,safe,,,,,,,,,,,,,,,,breakoff_complete
30.800,SAFE,0,True,True,,,8.500,7.000,0,45.42,1,1,0.00,0,1900,1,0.382,0.0000,0.0000,0.0000,45.42,safe,,,,,,,,,,,,,,,,breakoff_complete
30.850,SAFE,0,True,True,,,8.500,7.000,0,45.42,1,1,0.00,0,1900,1,0.382,0.0000,0.0000,0.0000,45.42,safe,,,,,,,,,,,,,,,,breakoff_complete
30.900,SAFE,0,True,True,,,8.500,7.000,0,45.42,1,1,0.00,0,1900,1,0.382,0.0000,0.0000,0.0000,45.42,safe,,,,,,,,,,,,,,,,breakoff_complete
30.950,SAFE,0,True,True,,,8.500,7.000,0,45.42,1,1,0.00,0,1900,1,0.382,0.0000,0.0000,0.0000,45.42,safe,,,,,,,,,,,,,,,,breakoff_complete
31.000,SAFE,0,True,True,,,8.500,7.000,0,45.42,1,1,0.00,0,1900,1,0.382,0.0000,0.0000,0.0000,45.42,safe,,,,,,,,,,,,,,,,breakoff_complete
31.050,SAFE,0,True,True,,,8.500,7.000,0,45.42,1,1,0.00,0,1900,1,0.382,0.0000,0.0000,0.0000,45.42,safe,,,,,,,,,,,,,,,,breakoff_complete
31.100,SAFE,0,True,True,,,8.500,7.000,0,45.42,1,1,0.00,0,1900,1,0.382,0.0000,0.0000,0.0000,45.42,safe,,,,,,,,,,,,,,,,breakoff_complete
31.150,SAFE,0,True,True,,,8.500,7.000,0,45.42,1,1,0.00,0,1900,1,0.382,0.0000,0.0000,0.0000,45.42,safe,,,,,,,,,,,,,,,,breakoff_complete
31.200,SAFE,0,True,True,,,8.500,7.000,0,45.42,1,1,0.00,0,1900,1,0.382,0.0000,0.0000,0.0000,45.42,safe,,,,,,,,,,,,,,,,breakoff_complete
31.250,SAFE,0,True,True,,,8.500,7.000,0,45.42,1,1,0.00,0,1900,1,0.382,0.0000,0.0000,0.0000,45.42,safe,,,,,,,,,,,,,,,,breakoff_complete
31.300,SAFE,0,True,True,,,8.500,7.000,0,45.42,1,1,0.00,0,1900,1,0.382,0.0000,0.0000,0.0000,45.42,safe,,,,,,,,,,,,,,,,breakoff_complete
31.350,SAFE,0,True,True,,,8.500,7.000,0,45.42,1,1,0.00,0,1900,1,0.382,0.0000,0.0000,0.0000,45.42,safe,,,,,,,,,,,,,,,,breakoff_complete
31.400,SAFE,0,True,True,,,8.500,7.000,0,45.42,1,1,0.00,0,1900,1,0.382,0.0000,0.0000,0.0000,45.42,safe,,,,,,,,,,,,,,,,breakoff_complete
31.450,SAFE,0,True,True,,,8.500,7.000,0,45.42,1,1,0.00,0,1900,1,0.382,0.0000,0.0000,0.0000,45.42,safe,,,,,,,,,,,,,,,,breakoff_complete
31.500,SAFE,0,True,True,,,8.500,7.000,0,45.42,1,1,0.00,0,1900,1,0.382,0.0000,0.0000,0.0000,45.42,safe,,,,,,,,,,,,,,,,breakoff_complete
31.550,SAFE,0,True,True,,,8.500,7.000,0,45.42,1,1,0.00,0,1900,1,0.382,0.0000,0.0000,0.0000,45.42,safe,,,,,,,,,,,,,,,,breakoff_complete
31.600,SAFE,0,True,True,,,8.500,7.000,0,45.42,1,1,0.00,0,1900,1,0.382,0.0000,0.0000,0.0000,45.42,safe,,,,,,,,,,,,,,,,breakoff_complete
31.650,SAFE,0,True,True,,,8.500,7.000,0,45.42,1,1,0.00,0,1900,1,0.382,0.0000,0.0000,0.0000,45.42,safe,,,,,,,,,,,,,,,,breakoff_complete
31.700,SAFE,0,True,True,,,8.500,7.000,0,45.42,1,1,0.00,0,1900,1,0.382,0.0000,0.0000,0.0000,45.42,safe,,,,,,,,,,,,,,,,breakoff_complete
31.750,SAFE,0,True,True,,,8.500,7.000,0,45.42,1,1,0.00,0,1900,1,0.382,0.0000,0.0000,0.0000,45.42,safe,,,,,,,,,,,,,,,,breakoff_complete
31.800,SAFE,0,True,True,,,8.500,7.000,0,45.42,1,1,0.00,0,1900,1,0.382,0.0000,0.0000,0.0000,45.42,safe,,,,,,,,,,,,,,,,breakoff_complete
31.850,SAFE,0,True,True,,,8.500,7.000,0,45.42,1,1,0.00,0,1900,1,0.382,0.0000,0.0000,0.0000,45.42,safe,,,,,,,,,,,,,,,,breakoff_complete
31.900,SAFE,0,True,True,,,8.500,7.000,0,45.42,1,1,0.00,0,1900,1,0.382,0.0000,0.0000,0.0000,45.42,safe,,,,,,,,,,,,,,,,breakoff_complete
31.950,SAFE,0,True,True,,,8.500,7.000,0,45.42,1,1,0.00,0,1900,1,0.382,0.0000,0.0000,0.0000,45.42,safe,,,,,,,,,,,,,,,,breakoff_complete
32.000,SAFE,0,True,True,,,8.500,7.000,0,45.42,1,1,0.00,0,1900,1,0.382,0.0000,0.0000,0.0000,45.42,safe,,,,,,,,,,,,,,,,breakoff_complete
32.050,SAFE,0,True,True,,,8.500,7.000,0,45.42,1,1,0.00,0,1900,1,0.382,0.0000,0.0000,0.0000,45.42,safe,,,,,,,,,,,,,,,,breakoff_complete
32.100,SAFE,0,True,True,,,8.500,7.000,0,45.42,1,1,0.00,0,1900,1,0.382,0.0000,0.0000,0.0000,45.42,safe,,,,,,,,,,,,,,,,breakoff_complete
32.150,SAFE,0,True,True,,,8.500,7.000,0,45.42,1,1,0.00,0,1900,1,0.382,0.0000,0.0000,0.0000,45.42,safe,,,,,,,,,,,,,,,,breakoff_complete
32.200,SAFE,0,True,True,,,8.500,7.000,0,45.42,1,1,0.00,0,1900,1,0.382,0.0000,0.0000,0.0000,45.42,safe,,,,,,,,,,,,,,,,breakoff_complete
32.250,SAFE,0,True,True,,,8.500,7.000,0,45.42,1,1,0.00,0,1900,1,0.382,0.0000,0.0000,0.0000,45.42,safe,,,,,,,,,,,,,,,,breakoff_complete
32.300,SAFE,0,True,True,,,8.500,7.000,0,45.42,1,1,0.00,0,1900,1,0.382,0.0000,0.0000,0.0000,45.42,safe,,,,,,,,,,,,,,,,breakoff_complete
32.350,SAFE,0,True,True,,,8.500,7.000,0,45.42,1,1,0.00,0,1900,1,0.382,0.0000,0.0000,0.0000,45.42,safe,,,,,,,,,,,,,,,,breakoff_complete
32.400,SAFE,0,True,True,,,8.500,7.000,0,45.42,1,1,0.00,0,1900,1,0.382,0.0000,0.0000,0.0000,45.42,safe,,,,,,,,,,,,,,,,breakoff_complete
32.450,SAFE,0,True,True,,,8.500,7.000,0,45.42,1,1,0.00,0,1900,1,0.382,0.0000,0.0000,0.0000,45.42,safe,,,,,,,,,,,,,,,,breakoff_complete
32.500,SAFE,0,True,True,,,8.500,7.000,0,45.42,1,1,0.00,0,1900,1,0.382,0.0000,0.0000,0.0000,45.42,safe,,,,,,,,,,,,,,,,breakoff_complete
32.550,SAFE,0,True,True,,,8.500,7.000,0,45.42,1,1,0.00,0,1900,1,0.382,0.0000,0.0000,0.0000,45.42,safe,,,,,,,,,,,,,,,,breakoff_complete
32.600,SAFE,0,True,True,,,8.500,7.000,0,45.42,1,1,0.00,0,1900,1,0.382,0.0000,0.0000,0.0000,45.42,safe,,,,,,,,,,,,,,,,breakoff_complete
32.650,SAFE,0,True,True,,,8.500,7.000,0,45.42,1,1,0.00,0,1900,1,0.382,0.0000,0.0000,0.0000,45.42,safe,,,,,,,,,,,,,,,,breakoff_complete
32.700,SAFE,0,True,True,,,8.500,7.000,0,45.42,1,1,0.00,0,1900,1,0.382,0.0000,0.0000,0.0000,45.42,safe,,,,,,,,,,,,,,,,breakoff_complete
32.750,SAFE,0,True,True,,,8.500,7.000,0,45.42,1,1,0.00,0,1900,1,0.382,0.0000,0.0000,0.0000,45.42,safe,,,,,,,,,,,,,,,,breakoff_complete
32.800,SAFE,0,True,True,,,8.500,7.000,0,45.42,1,1,0.00,0,1900,1,0.382,0.0000,0.0000,0.0000,45.42,safe,,,,,,,,,,,,,,,,breakoff_complete
32.850,SAFE,0,True,True,,,8.500,7.000,0,45.42,1,1,0.00,0,1900,1,0.382,0.0000,0.0000,0.0000,45.42,safe,,,,,,,,,,,,,,,,breakoff_complete
32.900,SAFE,0,True,True,,,8.500,7.000,0,45.42,1,1,0.00,0,1900,1,0.382,0.0000,0.0000,0.0000,45.42,safe,,,,,,,,,,,,,,,,breakoff_complete
32.950,SAFE,0,True,True,,,8.500,7.000,0,45.42,1,1,0.00,0,1900,1,0.382,0.0000,0.0000,0.0000,45.42,safe,,,,,,,,,,,,,,,,breakoff_complete
33.000,SAFE,0,True,True,,,8.500,7.000,0,45.42,1,1,0.00,0,1900,1,0.382,0.0000,0.0000,0.0000,45.42,safe,,,,,,,,,,,,,,,,breakoff_complete
33.050,SAFE,0,True,True,,,8.500,7.000,0,45.42,1,1,0.00,0,1900,1,0.382,0.0000,0.0000,0.0000,45.42,safe,,,,,,,,,,,,,,,,breakoff_complete
33.100,SAFE,0,True,True,,,8.500,7.000,0,45.42,1,1,0.00,0,1900,1,0.382,0.0000,0.0000,0.0000,45.42,safe,,,,,,,,,,,,,,,,breakoff_complete
33.150,SAFE,0,True,True,,,8.500,7.000,0,45.42,1,1,0.00,0,1900,1,0.382,0.0000,0.0000,0.0000,45.42,safe,,,,,,,,,,,,,,,,breakoff_complete
33.200,SAFE,0,True,True,,,8.500,7.000,0,45.42,1,1,0.00,0,1900,1,0.382,0.0000,0.0000,0.0000,45.42,safe,,,,,,,,,,,,,,,,breakoff_complete
33.250,SAFE,0,True,True,,,8.500,7.000,0,45.42,1,1,0.00,0,1900,1,0.382,0.0000,0.0000,0.0000,45.42,safe,,,,,,,,,,,,,,,,breakoff_complete
33.300,SAFE,0,True,True,,,8.500,7.000,0,45.42,1,1,0.00,0,1900,1,0.382,0.0000,0.0000,0.0000,45.42,safe,,,,,,,,,,,,,,,,breakoff_complete
33.350,SAFE,0,True,True,,,8.500,7.000,0,45.42,1,1,0.00,0,1900,1,0.382,0.0000,0.0000,0.0000,45.42,safe,,,,,,,,,,,,,,,,breakoff_complete
33.400,SAFE,0,True,True,,,8.500,7.000,0,45.42,1,1,0.00,0,1900,1,0.382,0.0000,0.0000,0.0000,45.42,safe,,,,,,,,,,,,,,,,breakoff_complete
33.450,SAFE,0,True,True,,,8.500,7.000,0,45.42,1,1,0.00,0,1900,1,0.382,0.0000,0.0000,0.0000,45.42,safe,,,,,,,,,,,,,,,,breakoff_complete
33.500,SAFE,0,True,True,,,8.500,7.000,0,45.42,1,1,0.00,0,1900,1,0.382,0.0000,0.0000,0.0000,45.42,safe,,,,,,,,,,,,,,,,breakoff_complete
33.550,SAFE,0,True,True,,,8.500,7.000,0,45.42,1,1,0.00,0,1900,1,0.382,0.0000,0.0000,0.0000,45.42,safe,,,,,,,,,,,,,,,,breakoff_complete
33.600,SAFE,0,True,True,,,8.500,7.000,0,45.42,1,1,0.00,0,1900,1,0.382,0.0000,0.0000,0.0000,45.42,safe,,,,,,,,,,,,,,,,breakoff_complete
33.650,SAFE,0,True,True,,,8.500,7.000,0,45.42,1,1,0.00,0,1900,1,0.382,0.0000,0.0000,0.0000,45.42,safe,,,,,,,,,,,,,,,,breakoff_complete
33.700,SAFE,0,True,True,,,8.500,7.000,0,45.42,1,1,0.00,0,1900,1,0.382,0.0000,0.0000,0.0000,45.42,safe,,,,,,,,,,,,,,,,breakoff_complete
33.750,SAFE,0,True,True,,,8.500,7.000,0,45.42,1,1,0.00,0,1900,1,0.382,0.0000,0.0000,0.0000,45.42,safe,,,,,,,,,,,,,,,,breakoff_complete
33.800,SAFE,0,True,True,,,8.500,7.000,0,45.42,1,1,0.00,0,1900,1,0.382,0.0000,0.0000,0.0000,45.42,safe,,,,,,,,,,,,,,,,breakoff_complete
33.850,SAFE,0,True,True,,,8.500,7.000,0,45.42,1,1,0.00,0,1900,1,0.382,0.0000,0.0000,0.0000,45.42,safe,,,,,,,,,,,,,,,,breakoff_complete
33.900,SAFE,0,True,True,,,8.500,7.000,0,45.42,1,1,0.00,0,1900,1,0.382,0.0000,0.0000,0.0000,45.42,safe,,,,,,,,,,,,,,,,breakoff_complete
33.950,SAFE,0,True,True,,,8.500,7.000,0,45.42,1,1,0.00,0,1900,1,0.382,0.0000,0.0000,0.0000,45.42,safe,,,,,,,,,,,,,,,,breakoff_complete
34.000,SAFE,0,True,True,,,8.500,7.000,0,45.42,1,1,0.00,0,1900,1,0.382,0.0000,0.0000,0.0000,45.42,safe,,,,,,,,,,,,,,,,breakoff_complete
34.050,SAFE,0,True,True,,,8.500,7.000,0,45.42,1,1,0.00,0,1900,1,0.382,0.0000,0.0000,0.0000,45.42,safe,,,,,,,,,,,,,,,,breakoff_complete
34.100,SAFE,0,True,True,,,8.500,7.000,0,45.42,1,1,0.00,0,1900,1,0.382,0.0000,0.0000,0.0000,45.42,safe,,,,,,,,,,,,,,,,breakoff_complete
34.150,SAFE,0,True,True,,,8.500,7.000,0,45.42,1,1,0.00,0,1900,1,0.382,0.0000,0.0000,0.0000,45.42,safe,,,,,,,,,,,,,,,,breakoff_complete
34.200,SAFE,0,True,True,,,8.500,7.000,0,45.42,1,1,0.00,0,1900,1,0.382,0.0000,0.0000,0.0000,45.42,safe,,,,,,,,,,,,,,,,breakoff_complete
34.250,SAFE,0,True,True,,,8.500,7.000,0,45.42,1,1,0.00,0,1900,1,0.382,0.0000,0.0000,0.0000,45.42,safe,,,,,,,,,,,,,,,,breakoff_complete
34.300,SAFE,0,True,True,,,8.500,7.000,0,45.42,1,1,0.00,0,1900,1,0.382,0.0000,0.0000,0.0000,45.42,safe,,,,,,,,,,,,,,,,breakoff_complete
34.350,SAFE,0,True,True,,,8.500,7.000,0,45.42,1,1,0.00,0,1900,1,0.382,0.0000,0.0000,0.0000,45.42,safe,,,,,,,,,,,,,,,,breakoff_complete
34.400,SAFE,0,True,True,,,8.500,7.000,0,45.42,1,1,0.00,0,1900,1,0.382,0.0000,0.0000,0.0000,45.42,safe,,,,,,,,,,,,,,,,breakoff_complete
34.450,SAFE,0,True,True,,,8.500,7.000,0,45.42,1,1,0.00,0,1900,1,0.382,0.0000,0.0000,0.0000,45.42,safe,,,,,,,,,,,,,,,,breakoff_complete
34.500,SAFE,0,True,True,,,8.500,7.000,0,45.42,1,1,0.00,0,1900,1,0.382,0.0000,0.0000,0.0000,45.42,safe,,,,,,,,,,,,,,,,breakoff_complete
34.550,SAFE,0,True,True,,,8.500,7.000,0,45.42,1,1,0.00,0,1900,1,0.382,0.0000,0.0000,0.0000,45.42,safe,,,,,,,,,,,,,,,,breakoff_complete
34.600,SAFE,0,True,True,,,8.500,7.000,0,45.42,1,1,0.00,0,1900,1,0.382,0.0000,0.0000,0.0000,45.42,safe,,,,,,,,,,,,,,,,breakoff_complete
34.650,SAFE,0,True,True,,,8.500,7.000,0,45.42,1,1,0.00,0,1900,1,0.382,0.0000,0.0000,0.0000,45.42,safe,,,,,,,,,,,,,,,,breakoff_complete
34.700,SAFE,0,True,True,,,8.500,7.000,0,45.42,1,1,0.00,0,1900,1,0.382,0.0000,0.0000,0.0000,45.42,safe,,,,,,,,,,,,,,,,breakoff_complete
34.750,SAFE,0,True,True,,,8.500,7.000,0,45.42,1,1,0.00,0,1900,1,0.382,0.0000,0.0000,0.0000,45.42,safe,,,,,,,,,,,,,,,,breakoff_complete
34.800,SAFE,0,True,True,,,8.500,7.000,0,45.42,1,1,0.00,0,1900,1,0.382,0.0000,0.0000,0.0000,45.42,safe,,,,,,,,,,,,,,,,breakoff_complete
34.850,SAFE,0,True,True,,,8.500,7.000,0,45.42,1,1,0.00,0,1900,1,0.382,0.0000,0.0000,0.0000,45.42,safe,,,,,,,,,,,,,,,,breakoff_complete
34.900,SAFE,0,True,True,,,8.500,7.000,0,45.42,1,1,0.00,0,1900,1,0.382,0.0000,0.0000,0.0000,45.42,safe,,,,,,,,,,,,,,,,breakoff_complete
34.950,SAFE,0,True,True,,,8.500,7.000,0,45.42,1,1,0.00,0,1900,1,0.382,0.0000,0.0000,0.0000,45.42,safe,,,,,,,,,,,,,,,,breakoff_complete
35.000,SAFE,0,True,True,,,8.500,7.000,0,45.42,1,1,0.00,0,1900,1,0.382,0.0000,0.0000,0.0000,45.42,safe,,,,,,,,,,,,,,,,breakoff_complete
35.050,SAFE,0,True,True,,,8.500,7.000,0,45.42,1,1,0.00,0,1900,1,0.382,0.0000,0.0000,0.0000,45.42,safe,,,,,,,,,,,,,,,,breakoff_complete
35.100,SAFE,0,True,True,,,8.500,7.000,0,45.42,1,1,0.00,0,1900,1,0.382,0.0000,0.0000,0.0000,45.42,safe,,,,,,,,,,,,,,,,breakoff_complete
35.150,SAFE,0,True,True,,,8.500,7.000,0,45.42,1,1,0.00,0,1900,1,0.382,0.0000,0.0000,0.0000,45.42,safe,,,,,,,,,,,,,,,,breakoff_complete
35.200,SAFE,0,True,True,,,8.500,7.000,0,45.42,1,1,0.00,0,1900,1,0.382,0.0000,0.0000,0.0000,45.42,safe,,,,,,,,,,,,,,,,breakoff_complete
35.250,SAFE,0,True,True,,,8.500,7.000,0,45.42,1,1,0.00,0,1900,1,0.382,0.0000,0.0000,0.0000,45.42,safe,,,,,,,,,,,,,,,,breakoff_complete
35.300,SAFE,0,True,True,,,8.500,7.000,0,45.42,1,1,0.00,0,1900,1,0.382,0.0000,0.0000,0.0000,45.42,safe,,,,,,,,,,,,,,,,breakoff_complete
35.350,SAFE,0,True,True,,,8.500,7.000,0,45.42,1,1,0.00,0,1900,1,0.382,0.0000,0.0000,0.0000,45.42,safe,,,,,,,,,,,,,,,,breakoff_complete
35.400,SAFE,0,True,True,,,8.500,7.000,0,45.42,1,1,0.00,0,1900,1,0.382,0.0000,0.0000,0.0000,45.42,safe,,,,,,,,,,,,,,,,breakoff_complete
35.450,SAFE,0,True,True,,,8.500,7.000,0,45.42,1,1,0.00,0,1900,1,0.382,0.0000,0.0000,0.0000,45.42,safe,,,,,,,,,,,,,,,,breakoff_complete
35.500,SAFE,0,True,True,,,8.500,7.000,0,45.42,1,1,0.00,0,1900,1,0.382,0.0000,0.0000,0.0000,45.42,safe,,,,,,,,,,,,,,,,breakoff_complete
35.550,SAFE,0,True,True,,,8.500,7.000,0,45.42,1,1,0.00,0,1900,1,0.382,0.0000,0.0000,0.0000,45.42,safe,,,,,,,,,,,,,,,,breakoff_complete
35.600,SAFE,0,True,True,,,8.500,7.000,0,45.42,1,1,0.00,0,1900,1,0.382,0.0000,0.0000,0.0000,45.42,safe,,,,,,,,,,,,,,,,breakoff_complete
35.650,SAFE,0,True,True,,,8.500,7.000,0,45.42,1,1,0.00,0,1900,1,0.382,0.0000,0.0000,0.0000,45.42,safe,,,,,,,,,,,,,,,,breakoff_complete
35.700,SAFE,0,True,True,,,8.500,7.000,0,45.42,1,1,0.00,0,1900,1,0.382,0.0000,0.0000,0.0000,45.42,safe,,,,,,,,,,,,,,,,breakoff_complete
35.750,SAFE,0,True,True,,,8.500,7.000,0,45.42,1,1,0.00,0,1900,1,0.382,0.0000,0.0000,0.0000,45.42,safe,,,,,,,,,,,,,,,,breakoff_complete
35.800,SAFE,0,True,True,,,8.500,7.000,0,45.42,1,1,0.00,0,1900,1,0.382,0.0000,0.0000,0.0000,45.42,safe,,,,,,,,,,,,,,,,breakoff_complete
35.850,SAFE,0,True,True,,,8.500,7.000,0,45.42,1,1,0.00,0,1900,1,0.382,0.0000,0.0000,0.0000,45.42,safe,,,,,,,,,,,,,,,,breakoff_complete
35.900,SAFE,0,True,True,,,8.500,7.000,0,45.42,1,1,0.00,0,1900,1,0.382,0.0000,0.0000,0.0000,45.42,safe,,,,,,,,,,,,,,,,breakoff_complete
35.950,SAFE,0,True,True,,,8.500,7.000,0,45.42,1,1,0.00,0,1900,1,0.382,0.0000,0.0000,0.0000,45.42,safe,,,,,,,,,,,,,,,,breakoff_complete
36.000,SAFE,0,True,True,,,8.500,7.000,0,45.42,1,1,0.00,0,1900,1,0.382,0.0000,0.0000,0.0000,45.42,safe,,,,,,,,,,,,,,,,breakoff_complete
36.050,SAFE,0,True,True,,,8.500,7.000,0,45.42,1,1,0.00,0,1900,1,0.382,0.0000,0.0000,0.0000,45.42,safe,,,,,,,,,,,,,,,,breakoff_complete
36.100,SAFE,0,True,True,,,8.500,7.000,0,45.42,1,1,0.00,0,1900,1,0.382,0.0000,0.0000,0.0000,45.42,safe,,,,,,,,,,,,,,,,breakoff_complete
36.150,SAFE,0,True,True,,,8.500,7.000,0,45.42,1,1,0.00,0,1900,1,0.382,0.0000,0.0000,0.0000,45.42,safe,,,,,,,,,,,,,,,,breakoff_complete
36.200,SAFE,0,True,True,,,8.500,7.000,0,45.42,1,1,0.00,0,1900,1,0.382,0.0000,0.0000,0.0000,45.42,safe,,,,,,,,,,,,,,,,breakoff_complete
36.250,SAFE,0,True,True,,,8.500,7.000,0,45.42,1,1,0.00,0,1900,1,0.382,0.0000,0.0000,0.0000,45.42,safe,,,,,,,,,,,,,,,,breakoff_complete
36.300,SAFE,0,True,True,,,8.500,7.000,0,45.42,1,1,0.00,0,1900,1,0.382,0.0000,0.0000,0.0000,45.42,safe,,,,,,,,,,,,,,,,breakoff_complete
36.350,SAFE,0,True,True,,,8.500,7.000,0,45.42,1,1,0.00,0,1900,1,0.382,0.0000,0.0000,0.0000,45.42,safe,,,,,,,,,,,,,,,,breakoff_complete
36.400,SAFE,0,True,True,,,8.500,7.000,0,45.42,1,1,0.00,0,1900,1,0.382,0.0000,0.0000,0.0000,45.42,safe,,,,,,,,,,,,,,,,breakoff_complete
36.450,SAFE,0,True,True,,,8.500,7.000,0,45.42,1,1,0.00,0,1900,1,0.382,0.0000,0.0000,0.0000,45.42,safe,,,,,,,,,,,,,,,,breakoff_complete
36.500,SAFE,0,True,True,,,8.500,7.000,0,45.42,1,1,0.00,0,1900,1,0.382,0.0000,0.0000,0.0000,45.42,safe,,,,,,,,,,,,,,,,breakoff_complete
36.550,SAFE,0,True,True,,,8.500,7.000,0,45.42,1,1,0.00,0,1900,1,0.382,0.0000,0.0000,0.0000,45.42,safe,,,,,,,,,,,,,,,,breakoff_complete
36.600,SAFE,0,True,True,,,8.500,7.000,0,45.42,1,1,0.00,0,1900,1,0.382,0.0000,0.0000,0.0000,45.42,safe,,,,,,,,,,,,,,,,breakoff_complete
36.650,SAFE,0,True,True,,,8.500,7.000,0,45.42,1,1,0.00,0,1900,1,0.382,0.0000,0.0000,0.0000,45.42,safe,,,,,,,,,,,,,,,,breakoff_complete
36.700,SAFE,0,True,True,,,8.500,7.000,0,45.42,1,1,0.00,0,1900,1,0.382,0.0000,0.0000,0.0000,45.42,safe,,,,,,,,,,,,,,,,breakoff_complete
36.750,SAFE,0,True,True,,,8.500,7.000,0,45.42,1,1,0.00,0,1900,1,0.382,0.0000,0.0000,0.0000,45.42,safe,,,,,,,,,,,,,,,,breakoff_complete
36.800,SAFE,0,True,True,,,8.500,7.000,0,45.42,1,1,0.00,0,1900,1,0.382,0.0000,0.0000,0.0000,45.42,safe,,,,,,,,,,,,,,,,breakoff_complete
36.850,SAFE,0,True,True,,,8.500,7.000,0,45.42,1,1,0.00,0,1900,1,0.382,0.0000,0.0000,0.0000,45.42,safe,,,,,,,,,,,,,,,,breakoff_complete
36.900,SAFE,0,True,True,,,8.500,7.000,0,45.42,1,1,0.00,0,1900,1,0.382,0.0000,0.0000,0.0000,45.42,safe,,,,,,,,,,,,,,,,breakoff_complete
36.950,SAFE,0,True,True,,,8.500,7.000,0,45.42,1,1,0.00,0,1900,1,0.382,0.0000,0.0000,0.0000,45.42,safe,,,,,,,,,,,,,,,,breakoff_complete
37.000,SAFE,0,True,True,,,8.500,7.000,0,45.42,1,1,0.00,0,1900,1,0.382,0.0000,0.0000,0.0000,45.42,safe,,,,,,,,,,,,,,,,breakoff_complete
37.050,SAFE,0,True,True,,,8.500,7.000,0,45.42,1,1,0.00,0,1900,1,0.382,0.0000,0.0000,0.0000,45.42,safe,,,,,,,,,,,,,,,,breakoff_complete
37.100,SAFE,0,True,True,,,8.500,7.000,0,45.42,1,1,0.00,0,1900,1,0.382,0.0000,0.0000,0.0000,45.42,safe,,,,,,,,,,,,,,,,breakoff_complete
37.150,SAFE,0,True,True,,,8.500,7.000,0,45.42,1,1,0.00,0,1900,1,0.382,0.0000,0.0000,0.0000,45.42,safe,,,,,,,,,,,,,,,,breakoff_complete
37.200,SAFE,0,True,True,,,8.500,7.000,0,45.42,1,1,0.00,0,1900,1,0.382,0.0000,0.0000,0.0000,45.42,safe,,,,,,,,,,,,,,,,breakoff_complete
37.250,SAFE,0,True,True,,,8.500,7.000,0,45.42,1,1,0.00,0,1900,1,0.382,0.0000,0.0000,0.0000,45.42,safe,,,,,,,,,,,,,,,,breakoff_complete
37.300,SAFE,0,True,True,,,8.500,7.000,0,45.42,1,1,0.00,0,1900,1,0.382,0.0000,0.0000,0.0000,45.42,safe,,,,,,,,,,,,,,,,breakoff_complete
37.350,SAFE,0,True,True,,,8.500,7.000,0,45.42,1,1,0.00,0,1900,1,0.382,0.0000,0.0000,0.0000,45.42,safe,,,,,,,,,,,,,,,,breakoff_complete
37.400,SAFE,0,True,True,,,8.500,7.000,0,45.42,1,1,0.00,0,1900,1,0.382,0.0000,0.0000,0.0000,45.42,safe,,,,,,,,,,,,,,,,breakoff_complete
37.450,SAFE,0,True,True,,,8.500,7.000,0,45.42,1,1,0.00,0,1900,1,0.382,0.0000,0.0000,0.0000,45.42,safe,,,,,,,,,,,,,,,,breakoff_complete
37.500,SAFE,0,True,True,,,8.500,7.000,0,45.42,1,1,0.00,0,1900,1,0.382,0.0000,0.0000,0.0000,45.42,safe,,,,,,,,,,,,,,,,breakoff_complete
37.550,SAFE,0,True,True,,,8.500,7.000,0,45.42,1,1,0.00,0,1900,1,0.382,0.0000,0.0000,0.0000,45.42,safe,,,,,,,,,,,,,,,,breakoff_complete
37.600,SAFE,0,True,True,,,8.500,7.000,0,45.42,1,1,0.00,0,1900,1,0.382,0.0000,0.0000,0.0000,45.42,safe,,,,,,,,,,,,,,,,breakoff_complete
37.650,SAFE,0,True,True,,,8.500,7.000,0,45.42,1,1,0.00,0,1900,1,0.382,0.0000,0.0000,0.0000,45.42,safe,,,,,,,,,,,,,,,,breakoff_complete
37.700,SAFE,0,True,True,,,8.500,7.000,0,45.42,1,1,0.00,0,1900,1,0.382,0.0000,0.0000,0.0000,45.42,safe,,,,,,,,,,,,,,,,breakoff_complete
37.750,SAFE,0,True,True,,,8.500,7.000,0,45.42,1,1,0.00,0,1900,1,0.382,0.0000,0.0000,0.0000,45.42,safe,,,,,,,,,,,,,,,,breakoff_complete
37.800,SAFE,0,True,True,,,8.500,7.000,0,45.42,1,1,0.00,0,1900,1,0.382,0.0000,0.0000,0.0000,45.42,safe,,,,,,,,,,,,,,,,breakoff_complete
37.850,SAFE,0,True,True,,,8.500,7.000,0,45.42,1,1,0.00,0,1900,1,0.382,0.0000,0.0000,0.0000,45.42,safe,,,,,,,,,,,,,,,,breakoff_complete
37.900,SAFE,0,True,True,,,8.500,7.000,0,45.42,1,1,0.00,0,1900,1,0.382,0.0000,0.0000,0.0000,45.42,safe,,,,,,,,,,,,,,,,breakoff_complete
37.950,SAFE,0,True,True,,,8.500,7.000,0,45.42,1,1,0.00,0,1900,1,0.382,0.0000,0.0000,0.0000,45.42,safe,,,,,,,,,,,,,,,,breakoff_complete
38.000,SAFE,0,True,True,,,8.500,7.000,0,45.42,1,1,0.00,0,1900,1,0.382,0.0000,0.0000,0.0000,45.42,safe,,,,,,,,,,,,,,,,breakoff_complete
38.050,SAFE,0,True,True,,,8.500,7.000,0,45.42,1,1,0.00,0,1900,1,0.382,0.0000,0.0000,0.0000,45.42,safe,,,,,,,,,,,,,,,,breakoff_complete
38.100,SAFE,0,True,True,,,8.500,7.000,0,45.42,1,1,0.00,0,1900,1,0.382,0.0000,0.0000,0.0000,45.42,safe,,,,,,,,,,,,,,,,breakoff_complete
38.150,SAFE,0,True,True,,,8.500,7.000,0,45.42,1,1,0.00,0,1900,1,0.382,0.0000,0.0000,0.0000,45.42,safe,,,,,,,,,,,,,,,,breakoff_complete
38.200,SAFE,0,True,True,,,8.500,7.000,0,45.42,1,1,0.00,0,1900,1,0.382,0.0000,0.0000,0.0000,45.42,safe,,,,,,,,,,,,,,,,breakoff_complete
38.250,SAFE,0,True,True,,,8.500,7.000,0,45.42,1,1,0.00,0,1900,1,0.382,0.0000,0.0000,0.0000,45.42,safe,,,,,,,,,,,,,,,,breakoff_complete
38.300,SAFE,0,True,True,,,8.500,7.000,0,45.42,1,1,0.00,0,1900,1,0.382,0.0000,0.0000,0.0000,45.42,safe,,,,,,,,,,,,,,,,breakoff_complete
38.350,SAFE,0,True,True,,,8.500,7.000,0,45.42,1,1,0.00,0,1900,1,0.382,0.0000,0.0000,0.0000,45.42,safe,,,,,,,,,,,,,,,,breakoff_complete
38.400,SAFE,0,True,True,,,8.500,7.000,0,45.42,1,1,0.00,0,1900,1,0.382,0.0000,0.0000,0.0000,45.42,safe,,,,,,,,,,,,,,,,breakoff_complete
38.450,SAFE,0,True,True,,,8.500,7.000,0,45.42,1,1,0.00,0,1900,1,0.382,0.0000,0.0000,0.0000,45.42,safe,,,,,,,,,,,,,,,,breakoff_complete
38.500,SAFE,0,True,True,,,8.500,7.000,0,45.42,1,1,0.00,0,1900,1,0.382,0.0000,0.0000,0.0000,45.42,safe,,,,,,,,,,,,,,,,breakoff_complete
38.550,SAFE,0,True,True,,,8.500,7.000,0,45.42,1,1,0.00,0,1900,1,0.382,0.0000,0.0000,0.0000,45.42,safe,,,,,,,,,,,,,,,,breakoff_complete
38.600,SAFE,0,True,True,,,8.500,7.000,0,45.42,1,1,0.00,0,1900,1,0.382,0.0000,0.0000,0.0000,45.42,safe,,,,,,,,,,,,,,,,breakoff_complete
38.650,SAFE,0,True,True,,,8.500,7.000,0,45.42,1,1,0.00,0,1900,1,0.382,0.0000,0.0000,0.0000,45.42,safe,,,,,,,,,,,,,,,,breakoff_complete
38.700,SAFE,0,True,True,,,8.500,7.000,0,45.42,1,1,0.00,0,1900,1,0.382,0.0000,0.0000,0.0000,45.42,safe,,,,,,,,,,,,,,,,breakoff_complete
38.750,SAFE,0,True,True,,,8.500,7.000,0,45.42,1,1,0.00,0,1900,1,0.382,0.0000,0.0000,0.0000,45.42,safe,,,,,,,,,,,,,,,,breakoff_complete
38.800,SAFE,0,True,True,,,8.500,7.000,0,45.42,1,1,0.00,0,1900,1,0.382,0.0000,0.0000,0.0000,45.42,safe,,,,,,,,,,,,,,,,breakoff_complete
38.850,SAFE,0,True,True,,,8.500,7.000,0,45.42,1,1,0.00,0,1900,1,0.382,0.0000,0.0000,0.0000,45.42,safe,,,,,,,,,,,,,,,,breakoff_complete
38.900,SAFE,0,True,True,,,8.500,7.000,0,45.42,1,1,0.00,0,1900,1,0.382,0.0000,0.0000,0.0000,45.42,safe,,,,,,,,,,,,,,,,breakoff_complete
38.950,SAFE,0,True,True,,,8.500,7.000,0,45.42,1,1,0.00,0,1900,1,0.382,0.0000,0.0000,0.0000,45.42,safe,,,,,,,,,,,,,,,,breakoff_complete
39.000,SAFE,0,True,True,,,8.500,7.000,0,45.42,1,1,0.00,0,1900,1,0.382,0.0000,0.0000,0.0000,45.42,safe,,,,,,,,,,,,,,,,breakoff_complete
39.050,SAFE,0,True,True,,,8.500,7.000,0,45.42,1,1,0.00,0,1900,1,0.382,0.0000,0.0000,0.0000,45.42,safe,,,,,,,,,,,,,,,,breakoff_complete
39.100,SAFE,0,True,True,,,8.500,7.000,0,45.42,1,1,0.00,0,1900,1,0.382,0.0000,0.0000,0.0000,45.42,safe,,,,,,,,,,,,,,,,breakoff_complete
39.150,SAFE,0,True,True,,,8.500,7.000,0,45.42,1,1,0.00,0,1900,1,0.382,0.0000,0.0000,0.0000,45.42,safe,,,,,,,,,,,,,,,,breakoff_complete
39.200,SAFE,0,True,True,,,8.500,7.000,0,45.42,1,1,0.00,0,1900,1,0.382,0.0000,0.0000,0.0000,45.42,safe,,,,,,,,,,,,,,,,breakoff_complete
39.250,SAFE,0,True,True,,,8.500,7.000,0,45.42,1,1,0.00,0,1900,1,0.382,0.0000,0.0000,0.0000,45.42,safe,,,,,,,,,,,,,,,,breakoff_complete
39.300,SAFE,0,True,True,,,8.500,7.000,0,45.42,1,1,0.00,0,1900,1,0.382,0.0000,0.0000,0.0000,45.42,safe,,,,,,,,,,,,,,,,breakoff_complete
39.350,SAFE,0,True,True,,,8.500,7.000,0,45.42,1,1,0.00,0,1900,1,0.382,0.0000,0.0000,0.0000,45.42,safe,,,,,,,,,,,,,,,,breakoff_complete
39.400,SAFE,0,True,True,,,8.500,7.000,0,45.42,1,1,0.00,0,1900,1,0.382,0.0000,0.0000,0.0000,45.42,safe,,,,,,,,,,,,,,,,breakoff_complete
39.450,SAFE,0,True,True,,,8.500,7.000,0,45.42,1,1,0.00,0,1900,1,0.382,0.0000,0.0000,0.0000,45.42,safe,,,,,,,,,,,,,,,,breakoff_complete
39.500,SAFE,0,True,True,,,8.500,7.000,0,45.42,1,1,0.00,0,1900,1,0.382,0.0000,0.0000,0.0000,45.42,safe,,,,,,,,,,,,,,,,breakoff_complete
39.550,SAFE,0,True,True,,,8.500,7.000,0,45.42,1,1,0.00,0,1900,1,0.382,0.0000,0.0000,0.0000,45.42,safe,,,,,,,,,,,,,,,,breakoff_complete
39.600,SAFE,0,True,True,,,8.500,7.000,0,45.42,1,1,0.00,0,1900,1,0.382,0.0000,0.0000,0.0000,45.42,safe,,,,,,,,,,,,,,,,breakoff_complete
39.650,SAFE,0,True,True,,,8.500,7.000,0,45.42,1,1,0.00,0,1900,1,0.382,0.0000,0.0000,0.0000,45.42,safe,,,,,,,,,,,,,,,,breakoff_complete
39.700,SAFE,0,True,True,,,8.500,7.000,0,45.42,1,1,0.00,0,1900,1,0.382,0.0000,0.0000,0.0000,45.42,safe,,,,,,,,,,,,,,,,breakoff_complete
39.750,SAFE,0,True,True,,,8.500,7.000,0,45.42,1,1,0.00,0,1900,1,0.382,0.0000,0.0000,0.0000,45.42,safe,,,,,,,,,,,,,,,,breakoff_complete
39.800,SAFE,0,True,True,,,8.500,7.000,0,45.42,1,1,0.00,0,1900,1,0.382,0.0000,0.0000,0.0000,45.42,safe,,,,,,,,,,,,,,,,breakoff_complete
39.850,SAFE,0,True,True,,,8.500,7.000,0,45.42,1,1,0.00,0,1900,1,0.382,0.0000,0.0000,0.0000,45.42,safe,,,,,,,,,,,,,,,,breakoff_complete
39.900,SAFE,0,True,True,,,8.500,7.000,0,45.42,1,1,0.00,0,1900,1,0.382,0.0000,0.0000,0.0000,45.42,safe,,,,,,,,,,,,,,,,breakoff_complete
39.950,SAFE,0,True,True,,,8.500,7.000,0,45.42,1,1,0.00,0,1900,1,0.382,0.0000,0.0000,0.0000,45.42,safe,,,,,,,,,,,,,,,,breakoff_complete
40.000,SAFE,0,True,True,,,8.500,7.000,0,45.42,1,1,0.00,0,1900,1,0.382,0.0000,0.0000,0.0000,45.42,safe,,,,,,,,,,,,,,,,breakoff_complete
40.050,SAFE,0,True,True,,,8.500,7.000,0,45.42,1,1,0.00,0,1900,1,0.382,0.0000,0.0000,0.0000,45.42,safe,,,,,,,,,,,,,,,,breakoff_complete
40.100,SAFE,0,True,True,,,8.500,7.000,0,45.42,1,1,0.00,0,1900,1,0.382,0.0000,0.0000,0.0000,45.42,safe,,,,,,,,,,,,,,,,breakoff_complete
40.150,SAFE,0,True,True,,,8.500,7.000,0,45.42,1,1,0.00,0,1900,1,0.382,0.0000,0.0000,0.0000,45.42,safe,,,,,,,,,,,,,,,,breakoff_complete
40.200,SAFE,0,True,True,,,8.500,7.000,0,45.42,1,1,0.00,0,1900,1,0.382,0.0000,0.0000,0.0000,45.42,safe,,,,,,,,,,,,,,,,breakoff_complete
40.250,SAFE,0,True,True,,,8.500,7.000,0,45.42,1,1,0.00,0,1900,1,0.382,0.0000,0.0000,0.0000,45.42,safe,,,,,,,,,,,,,,,,breakoff_complete
40.300,SAFE,0,True,True,,,8.500,7.000,0,45.42,1,1,0.00,0,1900,1,0.382,0.0000,0.0000,0.0000,45.42,safe,,,,,,,,,,,,,,,,breakoff_complete
40.350,SAFE,0,True,True,,,8.500,7.000,0,45.42,1,1,0.00,0,1900,1,0.382,0.0000,0.0000,0.0000,45.42,safe,,,,,,,,,,,,,,,,breakoff_complete
40.400,SAFE,0,True,True,,,8.500,7.000,0,45.42,1,1,0.00,0,1900,1,0.382,0.0000,0.0000,0.0000,45.42,safe,,,,,,,,,,,,,,,,breakoff_complete
40.450,SAFE,0,True,True,,,8.500,7.000,0,45.42,1,1,0.00,0,1900,1,0.382,0.0000,0.0000,0.0000,45.42,safe,,,,,,,,,,,,,,,,breakoff_complete
40.500,SAFE,0,True,True,,,8.500,7.000,0,45.42,1,1,0.00,0,1900,1,0.382,0.0000,0.0000,0.0000,45.42,safe,,,,,,,,,,,,,,,,breakoff_complete
40.550,SAFE,0,True,True,,,8.500,7.000,0,45.42,1,1,0.00,0,1900,1,0.382,0.0000,0.0000,0.0000,45.42,safe,,,,,,,,,,,,,,,,breakoff_complete
40.600,SAFE,0,True,True,,,8.500,7.000,0,45.42,1,1,0.00,0,1900,1,0.382,0.0000,0.0000,0.0000,45.42,safe,,,,,,,,,,,,,,,,breakoff_complete
40.650,SAFE,0,True,True,,,8.500,7.000,0,45.42,1,1,0.00,0,1900,1,0.382,0.0000,0.0000,0.0000,45.42,safe,,,,,,,,,,,,,,,,breakoff_complete
40.700,SAFE,0,True,True,,,8.500,7.000,0,45.42,1,1,0.00,0,1900,1,0.382,0.0000,0.0000,0.0000,45.42,safe,,,,,,,,,,,,,,,,breakoff_complete
40.750,SAFE,0,True,True,,,8.500,7.000,0,45.42,1,1,0.00,0,1900,1,0.382,0.0000,0.0000,0.0000,45.42,safe,,,,,,,,,,,,,,,,breakoff_complete
40.800,SAFE,0,True,True,,,8.500,7.000,0,45.42,1,1,0.00,0,1900,1,0.382,0.0000,0.0000,0.0000,45.42,safe,,,,,,,,,,,,,,,,breakoff_complete
40.850,SAFE,0,True,True,,,8.500,7.000,0,45.42,1,1,0.00,0,1900,1,0.382,0.0000,0.0000,0.0000,45.42,safe,,,,,,,,,,,,,,,,breakoff_complete
40.900,SAFE,0,True,True,,,8.500,7.000,0,45.42,1,1,0.00,0,1900,1,0.382,0.0000,0.0000,0.0000,45.42,safe,,,,,,,,,,,,,,,,breakoff_complete
40.950,SAFE,0,True,True,,,8.500,7.000,0,45.42,1,1,0.00,0,1900,1,0.382,0.0000,0.0000,0.0000,45.42,safe,,,,,,,,,,,,,,,,breakoff_complete
41.000,SAFE,0,True,True,,,8.500,7.000,0,45.42,1,1,0.00,0,1900,1,0.382,0.0000,0.0000,0.0000,45.42,safe,,,,,,,,,,,,,,,,breakoff_complete
41.050,SAFE,0,True,True,,,8.500,7.000,0,45.42,1,1,0.00,0,1900,1,0.382,0.0000,0.0000,0.0000,45.42,safe,,,,,,,,,,,,,,,,breakoff_complete
41.100,SAFE,0,True,True,,,8.500,7.000,0,45.42,1,1,0.00,0,1900,1,0.382,0.0000,0.0000,0.0000,45.42,safe,,,,,,,,,,,,,,,,breakoff_complete
41.150,SAFE,0,True,True,,,8.500,7.000,0,45.42,1,1,0.00,0,1900,1,0.382,0.0000,0.0000,0.0000,45.42,safe,,,,,,,,,,,,,,,,breakoff_complete
41.200,SAFE,0,True,True,,,8.500,7.000,0,45.42,1,1,0.00,0,1900,1,0.382,0.0000,0.0000,0.0000,45.42,safe,,,,,,,,,,,,,,,,breakoff_complete
41.250,SAFE,0,True,True,,,8.500,7.000,0,45.42,1,1,0.00,0,1900,1,0.382,0.0000,0.0000,0.0000,45.42,safe,,,,,,,,,,,,,,,,breakoff_complete
41.300,SAFE,0,True,True,,,8.500,7.000,0,45.42,1,1,0.00,0,1900,1,0.382,0.0000,0.0000,0.0000,45.42,safe,,,,,,,,,,,,,,,,breakoff_complete
41.350,SAFE,0,True,True,,,8.500,7.000,0,45.42,1,1,0.00,0,1900,1,0.382,0.0000,0.0000,0.0000,45.42,safe,,,,,,,,,,,,,,,,breakoff_complete
41.400,SAFE,0,True,True,,,8.500,7.000,0,45.42,1,1,0.00,0,1900,1,0.382,0.0000,0.0000,0.0000,45.42,safe,,,,,,,,,,,,,,,,breakoff_complete
41.450,SAFE,0,True,True,,,8.500,7.000,0,45.42,1,1,0.00,0,1900,1,0.382,0.0000,0.0000,0.0000,45.42,safe,,,,,,,,,,,,,,,,breakoff_complete
41.500,SAFE,0,True,True,,,8.500,7.000,0,45.42,1,1,0.00,0,1900,1,0.382,0.0000,0.0000,0.0000,45.42,safe,,,,,,,,,,,,,,,,breakoff_complete
41.550,SAFE,0,True,True,,,8.500,7.000,0,45.42,1,1,0.00,0,1900,1,0.382,0.0000,0.0000,0.0000,45.42,safe,,,,,,,,,,,,,,,,breakoff_complete
41.600,SAFE,0,True,True,,,8.500,7.000,0,45.42,1,1,0.00,0,1900,1,0.382,0.0000,0.0000,0.0000,45.42,safe,,,,,,,,,,,,,,,,breakoff_complete
41.650,SAFE,0,True,True,,,8.500,7.000,0,45.42,1,1,0.00,0,1900,1,0.382,0.0000,0.0000,0.0000,45.42,safe,,,,,,,,,,,,,,,,breakoff_complete
41.700,SAFE,0,True,True,,,8.500,7.000,0,45.42,1,1,0.00,0,1900,1,0.382,0.0000,0.0000,0.0000,45.42,safe,,,,,,,,,,,,,,,,breakoff_complete
41.750,SAFE,0,True,True,,,8.500,7.000,0,45.42,1,1,0.00,0,1900,1,0.382,0.0000,0.0000,0.0000,45.42,safe,,,,,,,,,,,,,,,,breakoff_complete
41.800,SAFE,0,True,True,,,8.500,7.000,0,45.42,1,1,0.00,0,1900,1,0.382,0.0000,0.0000,0.0000,45.42,safe,,,,,,,,,,,,,,,,breakoff_complete
41.850,SAFE,0,True,True,,,8.500,7.000,0,45.42,1,1,0.00,0,1900,1,0.382,0.0000,0.0000,0.0000,45.42,safe,,,,,,,,,,,,,,,,breakoff_complete
41.900,SAFE,0,True,True,,,8.500,7.000,0,45.42,1,1,0.00,0,1900,1,0.382,0.0000,0.0000,0.0000,45.42,safe,,,,,,,,,,,,,,,,breakoff_complete
41.950,SAFE,0,True,True,,,8.500,7.000,0,45.42,1,1,0.00,0,1900,1,0.382,0.0000,0.0000,0.0000,45.42,safe,,,,,,,,,,,,,,,,breakoff_complete
42.000,SAFE,0,True,True,,,8.500,7.000,0,45.42,1,1,0.00,0,1900,1,0.382,0.0000,0.0000,0.0000,45.42,safe,,,,,,,,,,,,,,,,breakoff_complete
42.050,SAFE,0,True,True,,,8.500,7.000,0,45.42,1,1,0.00,0,1900,1,0.382,0.0000,0.0000,0.0000,45.42,safe,,,,,,,,,,,,,,,,breakoff_complete
42.100,SAFE,0,True,True,,,8.500,7.000,0,45.42,1,1,0.00,0,1900,1,0.382,0.0000,0.0000,0.0000,45.42,safe,,,,,,,,,,,,,,,,breakoff_complete
42.150,SAFE,0,True,True,,,8.500,7.000,0,45.42,1,1,0.00,0,1900,1,0.382,0.0000,0.0000,0.0000,45.42,safe,,,,,,,,,,,,,,,,breakoff_complete
42.200,SAFE,0,True,True,,,8.500,7.000,0,45.42,1,1,0.00,0,1900,1,0.382,0.0000,0.0000,0.0000,45.42,safe,,,,,,,,,,,,,,,,breakoff_complete
42.250,SAFE,0,True,True,,,8.500,7.000,0,45.42,1,1,0.00,0,1900,1,0.382,0.0000,0.0000,0.0000,45.42,safe,,,,,,,,,,,,,,,,breakoff_complete
42.300,SAFE,0,True,True,,,8.500,7.000,0,45.42,1,1,0.00,0,1900,1,0.382,0.0000,0.0000,0.0000,45.42,safe,,,,,,,,,,,,,,,,breakoff_complete
42.350,SAFE,0,True,True,,,8.500,7.000,0,45.42,1,1,0.00,0,1900,1,0.382,0.0000,0.0000,0.0000,45.42,safe,,,,,,,,,,,,,,,,breakoff_complete
42.400,SAFE,0,True,True,,,8.500,7.000,0,45.42,1,1,0.00,0,1900,1,0.382,0.0000,0.0000,0.0000,45.42,safe,,,,,,,,,,,,,,,,breakoff_complete
42.450,SAFE,0,True,True,,,8.500,7.000,0,45.42,1,1,0.00,0,1900,1,0.382,0.0000,0.0000,0.0000,45.42,safe,,,,,,,,,,,,,,,,breakoff_complete
42.500,SAFE,0,True,True,,,8.500,7.000,0,45.42,1,1,0.00,0,1900,1,0.382,0.0000,0.0000,0.0000,45.42,safe,,,,,,,,,,,,,,,,breakoff_complete
42.550,SAFE,0,True,True,,,8.500,7.000,0,45.42,1,1,0.00,0,1900,1,0.382,0.0000,0.0000,0.0000,45.42,safe,,,,,,,,,,,,,,,,breakoff_complete
42.600,SAFE,0,True,True,,,8.500,7.000,0,45.42,1,1,0.00,0,1900,1,0.382,0.0000,0.0000,0.0000,45.42,safe,,,,,,,,,,,,,,,,breakoff_complete
42.650,SAFE,0,True,True,,,8.500,7.000,0,45.42,1,1,0.00,0,1900,1,0.382,0.0000,0.0000,0.0000,45.42,safe,,,,,,,,,,,,,,,,breakoff_complete
42.700,SAFE,0,True,True,,,8.500,7.000,0,45.42,1,1,0.00,0,1900,1,0.382,0.0000,0.0000,0.0000,45.42,safe,,,,,,,,,,,,,,,,breakoff_complete
42.750,SAFE,0,True,True,,,8.500,7.000,0,45.42,1,1,0.00,0,1900,1,0.382,0.0000,0.0000,0.0000,45.42,safe,,,,,,,,,,,,,,,,breakoff_complete
42.800,SAFE,0,True,True,,,8.500,7.000,0,45.42,1,1,0.00,0,1900,1,0.382,0.0000,0.0000,0.0000,45.42,safe,,,,,,,,,,,,,,,,breakoff_complete
42.850,SAFE,0,True,True,,,8.500,7.000,0,45.42,1,1,0.00,0,1900,1,0.382,0.0000,0.0000,0.0000,45.42,safe,,,,,,,,,,,,,,,,breakoff_complete
42.900,SAFE,0,True,True,,,8.500,7.000,0,45.42,1,1,0.00,0,1900,1,0.382,0.0000,0.0000,0.0000,45.42,safe,,,,,,,,,,,,,,,,breakoff_complete
42.950,SAFE,0,True,True,,,8.500,7.000,0,45.42,1,1,0.00,0,1900,1,0.382,0.0000,0.0000,0.0000,45.42,safe,,,,,,,,,,,,,,,,breakoff_complete
43.000,SAFE,0,True,True,,,8.500,7.000,0,45.42,1,1,0.00,0,1900,1,0.382,0.0000,0.0000,0.0000,45.42,safe,,,,,,,,,,,,,,,,breakoff_complete
43.050,SAFE,0,True,True,,,8.500,7.000,0,45.42,1,1,0.00,0,1900,1,0.382,0.0000,0.0000,0.0000,45.42,safe,,,,,,,,,,,,,,,,breakoff_complete
43.100,SAFE,0,True,True,,,8.500,7.000,0,45.42,1,1,0.00,0,1900,1,0.382,0.0000,0.0000,0.0000,45.42,safe,,,,,,,,,,,,,,,,breakoff_complete
43.150,SAFE,0,True,True,,,8.500,7.000,0,45.42,1,1,0.00,0,1900,1,0.382,0.0000,0.0000,0.0000,45.42,safe,,,,,,,,,,,,,,,,breakoff_complete
43.200,SAFE,0,True,True,,,8.500,7.000,0,45.42,1,1,0.00,0,1900,1,0.382,0.0000,0.0000,0.0000,45.42,safe,,,,,,,,,,,,,,,,breakoff_complete
43.250,SAFE,0,True,True,,,8.500,7.000,0,45.42,1,1,0.00,0,1900,1,0.382,0.0000,0.0000,0.0000,45.42,safe,,,,,,,,,,,,,,,,breakoff_complete
43.300,SAFE,0,True,True,,,8.500,7.000,0,45.42,1,1,0.00,0,1900,1,0.382,0.0000,0.0000,0.0000,45.42,safe,,,,,,,,,,,,,,,,breakoff_complete
43.350,SAFE,0,True,True,,,8.500,7.000,0,45.42,1,1,0.00,0,1900,1,0.382,0.0000,0.0000,0.0000,45.42,safe,,,,,,,,,,,,,,,,breakoff_complete
43.400,SAFE,0,True,True,,,8.500,7.000,0,45.42,1,1,0.00,0,1900,1,0.382,0.0000,0.0000,0.0000,45.42,safe,,,,,,,,,,,,,,,,breakoff_complete
43.450,SAFE,0,True,True,,,8.500,7.000,0,45.42,1,1,0.00,0,1900,1,0.382,0.0000,0.0000,0.0000,45.42,safe,,,,,,,,,,,,,,,,breakoff_complete
43.500,SAFE,0,True,True,,,8.500,7.000,0,45.42,1,1,0.00,0,1900,1,0.382,0.0000,0.0000,0.0000,45.42,safe,,,,,,,,,,,,,,,,breakoff_complete
43.550,SAFE,0,True,True,,,8.500,7.000,0,45.42,1,1,0.00,0,1900,1,0.382,0.0000,0.0000,0.0000,45.42,safe,,,,,,,,,,,,,,,,breakoff_complete
43.600,SAFE,0,True,True,,,8.500,7.000,0,45.42,1,1,0.00,0,1900,1,0.382,0.0000,0.0000,0.0000,45.42,safe,,,,,,,,,,,,,,,,breakoff_complete
43.650,SAFE,0,True,True,,,8.500,7.000,0,45.42,1,1,0.00,0,1900,1,0.382,0.0000,0.0000,0.0000,45.42,safe,,,,,,,,,,,,,,,,breakoff_complete
43.700,SAFE,0,True,True,,,8.500,7.000,0,45.42,1,1,0.00,0,1900,1,0.382,0.0000,0.0000,0.0000,45.42,safe,,,,,,,,,,,,,,,,breakoff_complete
43.750,SAFE,0,True,True,,,8.500,7.000,0,45.42,1,1,0.00,0,1900,1,0.382,0.0000,0.0000,0.0000,45.42,safe,,,,,,,,,,,,,,,,breakoff_complete
43.800,SAFE,0,True,True,,,8.500,7.000,0,45.42,1,1,0.00,0,1900,1,0.382,0.0000,0.0000,0.0000,45.42,safe,,,,,,,,,,,,,,,,breakoff_complete
43.850,SAFE,0,True,True,,,8.500,7.000,0,45.42,1,1,0.00,0,1900,1,0.382,0.0000,0.0000,0.0000,45.42,safe,,,,,,,,,,,,,,,,breakoff_complete
43.900,SAFE,0,True,True,,,8.500,7.000,0,45.42,1,1,0.00,0,1900,1,0.382,0.0000,0.0000,0.0000,45.42,safe,,,,,,,,,,,,,,,,breakoff_complete
43.950,SAFE,0,True,True,,,8.500,7.000,0,45.42,1,1,0.00,0,1900,1,0.382,0.0000,0.0000,0.0000,45.42,safe,,,,,,,,,,,,,,,,breakoff_complete
44.000,SAFE,0,True,True,,,8.500,7.000,0,45.42,1,1,0.00,0,1900,1,0.382,0.0000,0.0000,0.0000,45.42,safe,,,,,,,,,,,,,,,,breakoff_complete
44.050,SAFE,0,True,True,,,8.500,7.000,0,45.42,1,1,0.00,0,1900,1,0.382,0.0000,0.0000,0.0000,45.42,safe,,,,,,,,,,,,,,,,breakoff_complete
44.100,SAFE,0,True,True,,,8.500,7.000,0,45.42,1,1,0.00,0,1900,1,0.382,0.0000,0.0000,0.0000,45.42,safe,,,,,,,,,,,,,,,,breakoff_complete
44.150,SAFE,0,True,True,,,8.500,7.000,0,45.42,1,1,0.00,0,1900,1,0.382,0.0000,0.0000,0.0000,45.42,safe,,,,,,,,,,,,,,,,breakoff_complete
44.200,SAFE,0,True,True,,,8.500,7.000,0,45.42,1,1,0.00,0,1900,1,0.382,0.0000,0.0000,0.0000,45.42,safe,,,,,,,,,,,,,,,,breakoff_complete
44.250,SAFE,0,True,True,,,8.500,7.000,0,45.42,1,1,0.00,0,1900,1,0.382,0.0000,0.0000,0.0000,45.42,safe,,,,,,,,,,,,,,,,breakoff_complete
44.300,SAFE,0,True,True,,,8.500,7.000,0,45.42,1,1,0.00,0,1900,1,0.382,0.0000,0.0000,0.0000,45.42,safe,,,,,,,,,,,,,,,,breakoff_complete
44.350,SAFE,0,True,True,,,8.500,7.000,0,45.42,1,1,0.00,0,1900,1,0.382,0.0000,0.0000,0.0000,45.42,safe,,,,,,,,,,,,,,,,breakoff_complete
44.400,SAFE,0,True,True,,,8.500,7.000,0,45.42,1,1,0.00,0,1900,1,0.382,0.0000,0.0000,0.0000,45.42,safe,,,,,,,,,,,,,,,,breakoff_complete
44.450,SAFE,0,True,True,,,8.500,7.000,0,45.42,1,1,0.00,0,1900,1,0.382,0.0000,0.0000,0.0000,45.42,safe,,,,,,,,,,,,,,,,breakoff_complete
44.500,SAFE,0,True,True,,,8.500,7.000,0,45.42,1,1,0.00,0,1900,1,0.382,0.0000,0.0000,0.0000,45.42,safe,,,,,,,,,,,,,,,,breakoff_complete
44.550,SAFE,0,True,True,,,8.500,7.000,0,45.42,1,1,0.00,0,1900,1,0.382,0.0000,0.0000,0.0000,45.42,safe,,,,,,,,,,,,,,,,breakoff_complete
44.600,SAFE,0,True,True,,,8.500,7.000,0,45.42,1,1,0.00,0,1900,1,0.382,0.0000,0.0000,0.0000,45.42,safe,,,,,,,,,,,,,,,,breakoff_complete
44.650,SAFE,0,True,True,,,8.500,7.000,0,45.42,1,1,0.00,0,1900,1,0.382,0.0000,0.0000,0.0000,45.42,safe,,,,,,,,,,,,,,,,breakoff_complete
44.700,SAFE,0,True,True,,,8.500,7.000,0,45.42,1,1,0.00,0,1900,1,0.382,0.0000,0.0000,0.0000,45.42,safe,,,,,,,,,,,,,,,,breakoff_complete
44.750,SAFE,0,True,True,,,8.500,7.000,0,45.42,1,1,0.00,0,1900,1,0.382,0.0000,0.0000,0.0000,45.42,safe,,,,,,,,,,,,,,,,breakoff_complete
44.800,SAFE,0,True,True,,,8.500,7.000,0,45.42,1,1,0.00,0,1900,1,0.382,0.0000,0.0000,0.0000,45.42,safe,,,,,,,,,,,,,,,,breakoff_complete
44.850,SAFE,0,True,True,,,8.500,7.000,0,45.42,1,1,0.00,0,1900,1,0.382,0.0000,0.0000,0.0000,45.42,safe,,,,,,,,,,,,,,,,breakoff_complete
44.900,SAFE,0,True,True,,,8.500,7.000,0,45.42,1,1,0.00,0,1900,1,0.382,0.0000,0.0000,0.0000,45.42,safe,,,,,,,,,,,,,,,,breakoff_complete
44.950,SAFE,0,True,True,,,8.500,7.000,0,45.42,1,1,0.00,0,1900,1,0.382,0.0000,0.0000,0.0000,45.42,safe,,,,,,,,,,,,,,,,breakoff_complete
45.000,SAFE,0,True,True,,,8.500,7.000,0,45.42,1,1,0.00,0,1900,1,0.382,0.0000,0.0000,0.0000,45.42,safe,,,,,,,,,,,,,,,,breakoff_complete
