dataset,frame,gt_range,gcx,gcy,gw,gh,n_boxes,old_hit,new_hit
frametop_centered,centered_000001_r004.9_pos,4.9,643.3,450.0,38.7,38.7,11,1,1
frametop_centered,centered_000002_r004.9_pos,4.9,643.3,450.0,38.7,38.7,11,1,1
frametop_centered,centered_000003_r004.9_pos,4.9,643.3,450.0,38.7,38.7,11,1,1
frametop_centered,centered_000004_r004.9_pos,4.9,643.3,450.0,38.7,38.7,11,1,1
frametop_centered,centered_000005_r004.9_pos,4.9,643.3,450.0,38.7,38.7,11,1,1
frametop_centered,centered_000006_r004.9_pos,4.9,643.3,450.0,38.7,38.7,11,1,1
frametop_centered,centered_000007_r004.9_pos,4.9,643.3,450.0,38.7,38.7,11,1,1
frametop_centered,centered_000008_r004.9_pos,4.9,643.3,450.0,38.7,38.7,11,1,1
frametop_centered,centered_000009_r004.9_pos,4.9,643.3,450.0,38.7,38.7,11,1,1
frametop_centered,centered_000010_r004.9_pos,4.9,643.3,450.0,38.7,38.7,11,1,1
frametop_centered,centered_000011_r004.9_pos,4.9,643.3,450.0,38.7,38.7,11,1,1
frametop_centered,centered_000012_r004.9_pos,4.9,643.3,450.0,38.7,38.7,11,1,1
frametop_centered,centered_000013_r004.9_pos,4.9,643.3,450.0,38.7,38.7,11,1,1
frametop_centered,centered_000014_r004.9_pos,4.9,643.3,450.0,38.7,38.7,11,1,1
frametop_centered,centered_000015_r004.9_pos,4.9,643.3,450.0,38.7,38.7,11,1,1
frametop_centered,centered_000016_r004.9_pos,4.9,643.3,450.0,38.7,38.7,11,1,1
frametop_centered,centered_000017_r004.9_pos,4.9,643.3,450.0,38.7,38.7,11,1,1
frametop_centered,centered_000018_r004.9_pos,4.9,643.3,450.0,38.7,38.7,11,1,1
frametop_centered,centered_000019_r004.9_pos,4.9,643.3,450.0,38.7,38.7,11,1,1
frametop_centered,centered_000020_r004.9_pos,4.9,643.3,450.0,38.7,38.7,11,1,1
frametop_centered,centered_000021_r004.9_pos,4.9,643.3,450.0,38.7,38.7,11,1,1
frametop_centered,centered_000022_r004.9_pos,4.9,643.3,450.0,38.7,38.7,11,1,1
frametop_centered,centered_000023_r004.9_pos,4.9,643.3,450.0,38.7,38.7,11,1,1
frametop_centered,centered_000024_r004.9_pos,4.9,643.3,450.0,38.7,38.7,11,1,1
frametop_centered,centered_000024_r008.0_pos,8.0,640.0,480.0,23.6,23.6,4,1,1
frametop_centered,centered_000025_r004.9_pos,4.9,643.3,450.0,38.7,38.7,11,1,1
frametop_centered,centered_000025_r008.0_pos,8.0,640.0,480.0,23.6,23.6,4,1,1
frametop_centered,centered_000026_r004.9_pos,4.9,643.3,450.0,38.7,38.7,11,1,1
frametop_centered,centered_000026_r008.0_pos,8.0,640.0,480.0,23.6,23.6,4,1,1
frametop_centered,centered_000027_r004.9_pos,4.9,643.3,450.0,38.7,38.7,11,1,1
frametop_centered,centered_000027_r008.0_pos,8.0,640.0,480.0,23.6,23.6,4,1,1
frametop_centered,centered_000028_r004.9_pos,4.9,643.3,450.0,38.7,38.7,11,1,1
frametop_centered,centered_000028_r008.0_pos,8.0,640.0,480.0,23.6,23.6,4,1,1
frametop_centered,centered_000029_r008.0_pos,8.0,640.0,480.0,23.6,23.6,4,1,1
frametop_centered,centered_000030_r008.0_pos,8.0,640.0,480.0,23.6,23.6,4,1,1
frametop_centered,centered_000031_r008.0_pos,8.0,640.0,480.0,23.6,23.6,4,1,1
frametop_centered,centered_000032_r008.0_pos,8.0,640.0,480.0,23.6,23.6,4,1,1
frametop_centered,centered_000033_r008.0_pos,8.0,640.0,480.0,23.6,23.6,4,1,1
frametop_centered,centered_000034_r008.0_pos,8.0,640.0,480.0,23.6,23.6,4,1,1
frametop_centered,centered_000035_r008.0_pos,8.0,640.0,480.0,23.6,23.6,4,1,1
frametop_centered,centered_000036_r008.0_pos,8.0,640.0,480.0,23.6,23.6,4,1,1
frametop_centered,centered_000037_r008.0_pos,8.0,640.0,480.0,23.6,23.6,4,1,1
frametop_centered,centered_000038_r008.0_pos,8.0,640.0,480.0,23.6,23.6,4,1,1
frametop_centered,centered_000039_r008.0_pos,8.0,640.0,480.0,23.6,23.6,4,1,1
frametop_centered,centered_000040_r008.0_pos,8.0,640.0,480.0,23.6,23.6,4,1,1
frametop_centered,centered_000041_r008.0_pos,8.0,640.0,480.0,23.6,23.6,4,1,1
frametop_centered,centered_000042_r008.0_pos,8.0,640.0,480.0,23.6,23.6,4,1,1
frametop_centered,centered_000043_r008.0_pos,8.0,640.0,480.0,23.6,23.6,4,1,1
frametop_centered,centered_000044_r008.0_pos,8.0,640.0,480.0,23.6,23.6,4,1,1
frametop_centered,centered_000045_r008.0_pos,8.0,640.0,480.0,23.6,23.6,4,1,1
frametop_centered,centered_000046_r008.0_pos,8.0,640.0,480.0,23.6,23.6,4,1,1
frametop_centered,centered_000047_r008.0_pos,8.0,640.0,480.0,23.6,23.6,4,1,1
frametop_centered,centered_000048_r008.0_pos,8.0,640.0,480.0,23.6,23.6,4,1,1
frametop_centered,centered_000049_r008.0_pos,8.0,640.0,480.0,23.6,23.6,4,1,1
frametop_centered,centered_000050_r008.0_pos,8.0,640.0,480.0,23.6,23.6,4,1,1
frametop_centered,centered_000051_r008.0_pos,8.0,640.0,480.0,23.6,23.6,4,1,1
frametop_centered,centered_000052_r008.0_pos,8.0,640.0,480.0,23.6,23.6,4,1,1
frametop_centered,centered_000053_r008.0_pos,8.0,640.0,480.0,23.6,23.6,4,1,1
frametop_centered,centered_000054_r008.0_pos,8.0,640.0,480.0,23.6,23.6,4,1,1
frametop_centered,centered_000055_r008.0_pos,8.0,640.0,480.0,23.6,23.6,4,1,1
frametop_centered,centered_000056_r008.0_pos,8.0,640.0,480.0,23.6,23.6,4,1,1
frametop_centered,centered_000057_r008.0_pos,8.0,640.0,480.0,23.6,23.6,4,1,1
frametop_centered,centered_000058_r008.0_pos,8.0,640.0,480.0,23.6,23.6,4,1,1
frametop_centered,centered_000059_r008.0_pos,8.0,640.0,480.0,23.6,23.6,4,1,1
frametop_centered,centered_000060_r008.0_pos,8.0,640.0,480.0,23.6,23.6,4,1,1
frametop_centered,centered_000061_r008.0_pos,8.0,640.0,480.0,23.6,23.6,4,1,1
frametop_centered,centered_000062_r008.0_pos,8.0,640.0,480.0,23.6,23.6,4,1,1
frametop_centered,centered_000063_r008.0_pos,8.0,640.0,480.0,23.6,23.6,4,1,1
frametop_centered,centered_000064_r008.0_pos,8.0,640.0,480.0,23.6,23.6,4,1,1
frametop_centered,centered_000065_r008.0_pos,8.0,640.0,480.0,23.6,23.6,4,1,1
frametop_centered,centered_000066_r008.0_pos,8.0,640.0,480.0,23.6,23.6,4,1,1
frametop_centered,centered_000067_r008.0_pos,8.0,640.0,480.0,23.6,23.6,4,1,1
frametop_centered,centered_000068_r008.0_pos,8.0,640.0,480.0,23.6,23.6,4,1,1
frametop_centered,centered_000069_r008.0_pos,8.0,640.0,480.0,23.6,23.6,4,1,1
frametop_centered,centered_000070_r008.0_pos,8.0,640.0,480.0,23.6,23.6,4,1,1
frametop_centered,centered_000071_r008.0_pos,8.0,640.0,480.0,23.6,23.6,4,1,1
frametop_centered,centered_000072_r008.0_pos,8.0,640.0,480.0,23.6,23.6,4,1,1
frametop_centered,centered_000073_r008.0_pos,8.0,640.0,480.0,23.6,23.6,4,1,1
frametop_centered,centered_000074_r008.0_pos,8.0,640.0,480.0,23.6,23.6,4,1,1
frametop_centered,centered_000075_r008.0_pos,8.0,640.0,480.0,23.6,23.6,4,1,1
frametop_centered,centered_000076_r008.0_pos,8.0,640.0,480.0,23.6,23.6,4,1,1
frametop_centered,centered_000077_r008.0_pos,8.0,640.0,480.0,23.6,23.6,4,1,1
frametop_centered,centered_000078_r008.0_pos,8.0,640.0,480.0,23.6,23.6,4,1,1
frametop_centered,centered_000079_r008.0_pos,8.0,640.0,480.0,23.6,23.6,4,1,1
frametop_centered,centered_000080_r008.0_pos,8.0,640.0,480.0,23.6,23.6,4,1,1
frametop_centered,centered_000081_r008.0_pos,8.0,640.0,480.0,23.6,23.6,4,1,1
frametop_centered,centered_000082_r008.0_pos,8.0,640.0,480.0,23.6,23.6,4,1,1
frametop_centered,centered_000083_r008.0_pos,8.0,640.0,480.0,23.6,23.6,4,1,1
frametop_centered,centered_000084_r008.0_pos,8.0,640.0,480.0,23.6,23.6,4,1,1
frametop_centered,centered_000085_r008.0_pos,8.0,640.0,480.0,23.6,23.6,4,1,1
frametop_centered,centered_000086_r008.0_pos,8.0,640.0,480.0,23.6,23.6,4,1,1
frametop_centered,centered_000087_r008.0_pos,8.0,640.0,480.0,23.6,23.6,4,1,1
frametop_centered,centered_000088_r008.0_pos,8.0,640.0,480.0,23.6,23.6,4,1,1
frametop_centered,centered_000089_r008.0_pos,8.0,640.0,480.0,23.6,23.6,4,1,1
frametop_centered,centered_000090_r008.0_pos,8.0,640.0,480.0,23.6,23.6,4,1,1
frametop_centered,centered_000091_r008.0_pos,8.0,640.0,480.0,23.6,23.6,4,1,1
frametop_centered,centered_000092_r008.0_pos,8.0,640.0,480.0,23.6,23.6,4,1,1
frametop_centered,centered_000093_r008.0_pos,8.0,640.0,480.0,23.6,23.6,4,1,1
frametop_centered,centered_000094_r008.0_pos,8.0,640.0,480.0,23.6,23.6,4,1,1
frametop_centered,centered_000095_r008.0_pos,8.0,640.0,480.0,23.6,23.6,4,1,1
frametop_centered,centered_000096_r008.0_pos,8.0,640.0,480.0,23.6,23.6,4,1,1
frametop_centered,centered_000097_r008.0_pos,8.0,640.0,480.0,23.6,23.6,4,1,1
frametop_centered,centered_000098_r008.0_pos,8.0,640.0,480.0,23.6,23.6,4,1,1
frametop_centered,centered_000099_r008.0_pos,8.0,640.0,480.0,23.6,23.6,4,1,1
frametop_centered,centered_000100_r008.0_pos,8.0,640.0,480.0,23.6,23.6,4,1,1
frametop_centered,centered_000101_r008.0_pos,8.0,640.0,480.0,23.6,23.6,4,1,1
frametop_centered,centered_000102_r008.0_pos,8.0,640.0,480.0,23.6,23.6,4,1,1
frametop_centered,centered_000103_r008.0_pos,8.0,640.0,480.0,23.6,23.6,4,1,1
frametop_centered,centered_000104_r008.0_pos,8.0,640.0,480.0,23.6,23.6,4,1,1
frametop_centered,centered_000105_r008.0_pos,8.0,640.0,480.0,23.6,23.6,4,1,1
frametop_centered,centered_000106_r008.0_pos,8.0,640.0,480.0,23.6,23.6,4,1,1
frametop_centered,centered_000107_r008.0_pos,8.0,640.0,480.0,23.6,23.6,4,1,1
frametop_centered,centered_000108_r008.0_pos,8.0,640.0,480.0,23.6,23.6,4,1,1
frametop_centered,centered_000109_r008.0_pos,8.0,640.0,480.0,23.6,23.6,4,1,1
frametop_centered,centered_000110_r008.0_pos,8.0,640.0,480.0,23.6,23.6,4,1,1
frametop_centered,centered_000111_r008.0_pos,8.0,640.0,480.0,23.6,23.6,4,1,1
frametop_centered,centered_000112_r008.0_pos,8.0,640.0,480.0,23.6,23.6,4,1,1
frametop_centered,centered_000113_r008.0_pos,8.0,640.0,480.0,23.6,23.6,4,1,1
frametop_centered,centered_000114_r008.0_pos,8.0,640.0,480.0,23.6,23.6,4,1,1
frametop_centered,centered_000115_r008.0_pos,8.0,640.0,480.0,23.6,23.6,4,1,1
frametop_centered,centered_000116_r008.0_pos,8.0,640.0,480.0,23.6,23.6,4,1,1
frametop_centered,centered_000117_r008.0_pos,8.0,640.0,480.0,23.6,23.6,4,1,1
frametop_centered,centered_000118_r008.0_pos,8.0,640.0,480.0,23.6,23.6,4,1,1
frametop_centered,centered_000119_r008.0_pos,8.0,640.0,480.0,23.6,23.6,4,1,1
frametop_centered,centered_000120_r008.0_pos,8.0,640.0,480.0,23.6,23.6,4,1,1
frametop_centered,centered_000121_r008.0_pos,8.0,640.0,480.0,23.6,23.6,4,1,1
frametop_centered,centered_000122_r008.0_pos,8.0,640.0,480.0,23.6,23.6,4,1,1
frametop_centered,centered_000123_r008.0_pos,8.0,640.0,480.0,23.6,23.6,4,1,1
frametop_centered,centered_000124_r008.0_pos,8.0,640.0,480.0,23.6,23.6,4,1,1
frametop_centered,centered_000125_r008.0_pos,8.0,640.0,480.0,23.6,23.6,4,1,1
frametop_centered,centered_000126_r008.0_pos,8.0,640.0,480.0,23.6,23.6,4,1,1
frametop_centered,centered_000127_r012.0_pos,12.0,640.0,480.0,15.7,15.7,4,1,1
frametop_centered,centered_000128_r012.0_pos,12.0,640.0,480.0,15.7,15.7,4,1,1
frametop_centered,centered_000129_r012.0_pos,12.0,640.0,480.0,15.7,15.7,4,1,1
frametop_centered,centered_000130_r012.0_pos,12.0,640.0,480.0,15.7,15.7,4,1,1
frametop_centered,centered_000131_r012.0_pos,12.0,640.0,480.0,15.7,15.7,4,1,1
frametop_centered,centered_000132_r012.0_pos,12.0,640.0,480.0,15.7,15.7,4,1,1
frametop_centered,centered_000133_r012.0_pos,12.0,640.0,480.0,15.7,15.7,4,1,1
frametop_centered,centered_000134_r012.0_pos,12.0,640.0,480.0,15.7,15.7,4,1,1
frametop_centered,centered_000135_r012.0_pos,12.0,640.0,480.0,15.7,15.7,4,1,1
frametop_centered,centered_000136_r012.0_pos,12.0,640.0,480.0,15.7,15.7,4,1,1
frametop_centered,centered_000137_r012.0_pos,12.0,640.0,480.0,15.7,15.7,4,1,1
frametop_centered,centered_000138_r012.0_pos,12.0,640.0,480.0,15.7,15.7,4,1,1
frametop_centered,centered_000139_r012.0_pos,12.0,640.0,480.0,15.7,15.7,4,1,1
frametop_centered,centered_000140_r012.0_pos,12.0,640.0,480.0,15.7,15.7,4,1,1
frametop_centered,centered_000141_r012.0_pos,12.0,640.0,480.0,15.7,15.7,4,1,1
frametop_centered,centered_000142_r012.0_pos,12.0,640.0,480.0,15.7,15.7,4,1,1
frametop_centered,centered_000143_r012.0_pos,12.0,640.0,480.0,15.7,15.7,4,1,1
frametop_centered,centered_000144_r012.0_pos,12.0,640.0,480.0,15.7,15.7,4,1,1
frametop_centered,centered_000145_r012.0_pos,12.0,640.0,480.0,15.7,15.7,4,1,1
frametop_centered,centered_000146_r012.0_pos,12.0,640.0,480.0,15.7,15.7,4,1,1
frametop_centered,centered_000147_r012.0_pos,12.0,640.0,480.0,15.7,15.7,4,1,1
frametop_centered,centered_000148_r012.0_pos,12.0,640.0,480.0,15.7,15.7,4,1,1
frametop_centered,centered_000149_r012.0_pos,12.0,640.0,480.0,15.7,15.7,4,1,1
frametop_centered,centered_000150_r012.0_pos,12.0,640.0,480.0,15.7,15.7,4,1,1
frametop_centered,centered_000151_r012.0_pos,12.0,640.0,480.0,15.7,15.7,4,1,1
frametop_centered,centered_000152_r012.0_pos,12.0,640.0,480.0,15.7,15.7,4,1,1
frametop_centered,centered_000153_r012.0_pos,12.0,640.0,480.0,15.7,15.7,4,1,1
frametop_centered,centered_000154_r012.0_pos,12.0,640.0,480.0,15.7,15.7,4,1,1
frametop_centered,centered_000155_r012.0_pos,12.0,640.0,480.0,15.7,15.7,4,1,1
frametop_centered,centered_000156_r012.0_pos,12.0,640.0,480.0,15.7,15.7,4,1,1
frametop_centered,centered_000157_r012.0_pos,12.0,640.0,480.0,15.7,15.7,4,1,1
frametop_centered,centered_000158_r012.0_pos,12.0,640.0,480.0,15.7,15.7,4,1,1
frametop_centered,centered_000159_r012.0_pos,12.0,640.0,480.0,15.7,15.7,4,1,1
frametop_centered,centered_000160_r012.0_pos,12.0,640.0,480.0,15.7,15.7,4,1,1
frametop_centered,centered_000161_r012.0_pos,12.0,640.0,480.0,15.7,15.7,4,1,1
frametop_centered,centered_000162_r012.0_pos,12.0,640.0,480.0,15.7,15.7,4,1,1
frametop_centered,centered_000163_r012.0_pos,12.0,640.0,480.0,15.7,15.7,4,1,1
frametop_centered,centered_000164_r012.0_pos,12.0,640.0,480.0,15.7,15.7,4,1,1
frametop_centered,centered_000165_r012.0_pos,12.0,640.0,480.0,15.7,15.7,4,1,1
frametop_centered,centered_000166_r012.0_pos,12.0,640.0,480.0,15.7,15.7,4,1,1
frametop_centered,centered_000167_r012.0_pos,12.0,640.0,480.0,15.7,15.7,4,1,1
frametop_centered,centered_000168_r012.0_pos,12.0,640.0,480.0,15.7,15.7,4,1,1
frametop_centered,centered_000169_r012.0_pos,12.0,640.0,480.0,15.7,15.7,4,1,1
frametop_centered,centered_000170_r012.0_pos,12.0,640.0,480.0,15.7,15.7,4,1,1
frametop_centered,centered_000171_r012.0_pos,12.0,640.0,480.0,15.7,15.7,4,1,1
frametop_centered,centered_000172_r012.0_pos,12.0,640.0,480.0,15.7,15.7,4,1,1
frametop_centered,centered_000173_r012.0_pos,12.0,640.0,480.0,15.7,15.7,4,1,1
frametop_centered,centered_000174_r012.0_pos,12.0,640.0,480.0,15.7,15.7,4,1,1
frametop_centered,centered_000175_r012.0_pos,12.0,640.0,480.0,15.7,15.7,4,1,1
frametop_centered,centered_000176_r012.0_pos,12.0,640.0,480.0,15.7,15.7,4,1,1
frametop_centered,centered_000177_r012.0_pos,12.0,640.0,480.0,15.7,15.7,4,1,1
frametop_centered,centered_000178_r012.0_pos,12.0,640.0,480.0,15.7,15.7,4,1,1
frametop_centered,centered_000179_r012.0_pos,12.0,640.0,480.0,15.7,15.7,4,1,1
frametop_centered,centered_000180_r012.0_pos,12.0,640.0,480.0,15.7,15.7,4,1,1
frametop_centered,centered_000181_r012.0_pos,12.0,640.0,480.0,15.7,15.7,4,1,1
frametop_centered,centered_000182_r012.0_pos,12.0,640.0,480.0,15.7,15.7,4,1,1
frametop_centered,centered_000183_r012.0_pos,12.0,640.0,480.0,15.7,15.7,4,1,1
frametop_centered,centered_000184_r012.0_pos,12.0,640.0,480.0,15.7,15.7,4,1,1
frametop_centered,centered_000185_r012.0_pos,12.0,640.0,480.0,15.7,15.7,4,1,1
frametop_centered,centered_000186_r012.0_pos,12.0,640.0,480.0,15.7,15.7,4,1,1
frametop_centered,centered_000187_r012.0_pos,12.0,640.0,480.0,15.7,15.7,4,1,1
frametop_centered,centered_000188_r012.0_pos,12.0,640.0,480.0,15.7,15.7,4,1,1
frametop_centered,centered_000189_r012.0_pos,12.0,640.0,480.0,15.7,15.7,4,1,1
frametop_centered,centered_000190_r012.0_pos,12.0,640.0,480.0,15.7,15.7,4,1,1
frametop_centered,centered_000191_r012.0_pos,12.0,640.0,480.0,15.7,15.7,4,1,1
frametop_centered,centered_000192_r012.0_pos,12.0,640.0,480.0,15.7,15.7,4,1,1
frametop_centered,centered_000193_r012.0_pos,12.0,640.0,480.0,15.7,15.7,4,1,1
frametop_centered,centered_000194_r012.0_pos,12.0,640.0,480.0,15.7,15.7,4,1,1
frametop_centered,centered_000195_r012.0_pos,12.0,640.0,480.0,15.7,15.7,4,1,1
frametop_centered,centered_000196_r012.0_pos,12.0,640.0,480.0,15.7,15.7,4,1,1
frametop_centered,centered_000197_r012.0_pos,12.0,640.0,480.0,15.7,15.7,4,1,1
frametop_centered,centered_000198_r012.0_pos,12.0,640.0,480.0,15.7,15.7,4,1,1
frametop_centered,centered_000199_r012.0_pos,12.0,640.0,480.0,15.7,15.7,4,1,1
frametop_centered,centered_000200_r012.0_pos,12.0,640.0,480.0,15.7,15.7,4,1,1
frametop_centered,centered_000201_r012.0_pos,12.0,640.0,480.0,15.7,15.7,4,1,1
frametop_centered,centered_000202_r012.0_pos,12.0,640.0,480.0,15.7,15.7,4,1,1
frametop_centered,centered_000203_r012.0_pos,12.0,640.0,480.0,15.7,15.7,4,1,1
frametop_centered,centered_000204_r012.0_pos,12.0,640.0,480.0,15.7,15.7,4,1,1
frametop_centered,centered_000205_r012.0_pos,12.0,640.0,480.0,15.7,15.7,4,1,1
frametop_centered,centered_000206_r012.0_pos,12.0,640.0,480.0,15.7,15.7,4,1,1
frametop_centered,centered_000207_r012.0_pos,12.0,640.0,480.0,15.7,15.7,4,1,1
frametop_centered,centered_000208_r012.0_pos,12.0,640.0,480.0,15.7,15.7,4,1,1
frametop_centered,centered_000209_r012.0_pos,12.0,640.0,480.0,15.7,15.7,4,1,1
frametop_centered,centered_000210_r012.0_pos,12.0,640.0,480.0,15.7,15.7,4,1,1
frametop_centered,centered_000211_r012.0_pos,12.0,640.0,480.0,15.7,15.7,4,1,1
frametop_centered,centered_000212_r012.0_pos,12.0,640.0,480.0,15.7,15.7,4,1,1
frametop_centered,centered_000213_r012.0_pos,12.0,640.0,480.0,15.7,15.7,4,1,1
frametop_centered,centered_000214_r012.0_pos,12.0,640.0,480.0,15.7,15.7,4,1,1
frametop_centered,centered_000215_r012.0_pos,12.0,640.0,480.0,15.7,15.7,4,1,1
frametop_centered,centered_000216_r012.0_pos,12.0,640.0,480.0,15.7,15.7,4,1,1
frametop_centered,centered_000217_r012.0_pos,12.0,640.0,480.0,15.7,15.7,4,1,1
frametop_centered,centered_000218_r012.0_pos,12.0,640.0,480.0,15.7,15.7,4,1,1
frametop_centered,centered_000219_r012.0_pos,12.0,640.0,480.0,15.7,15.7,4,1,1
frametop_centered,centered_000220_r012.0_pos,12.0,640.0,480.0,15.7,15.7,4,1,1
frametop_centered,centered_000221_r012.0_pos,12.0,640.0,480.0,15.7,15.7,4,1,1
frametop_centered,centered_000222_r012.0_pos,12.0,640.0,480.0,15.7,15.7,4,1,1
frametop_centered,centered_000223_r012.0_pos,12.0,640.0,480.0,15.7,15.7,4,1,1
frametop_centered,centered_000224_r012.0_pos,12.0,640.0,480.0,15.7,15.7,4,1,1
frametop_centered,centered_000225_r012.0_pos,12.0,640.0,480.0,15.7,15.7,4,1,1
frametop_centered,centered_000226_r012.0_pos,12.0,640.0,480.0,15.7,15.7,4,1,1
frametop_centered,centered_000226_r016.0_pos,16.0,640.0,480.0,11.8,11.8,4,1,1
frametop_centered,centered_000227_r012.0_pos,12.0,640.0,480.0,15.7,15.7,4,1,1
frametop_centered,centered_000227_r016.0_pos,16.0,640.0,480.0,11.8,11.8,4,1,1
frametop_centered,centered_000228_r012.0_pos,12.0,640.0,480.0,15.7,15.7,4,1,1
frametop_centered,centered_000228_r016.0_pos,16.0,640.0,480.0,11.8,11.8,4,1,1
frametop_centered,centered_000229_r012.0_pos,12.0,640.0,480.0,15.7,15.7,4,1,1
frametop_centered,centered_000229_r016.0_pos,16.0,640.0,480.0,11.8,11.8,4,1,1
frametop_centered,centered_000230_r016.0_pos,16.0,640.0,480.0,11.8,11.8,4,1,1
frametop_centered,centered_000231_r016.0_pos,16.0,640.0,480.0,11.8,11.8,4,1,1
frametop_centered,centered_000232_r016.0_pos,16.0,640.0,480.0,11.8,11.8,4,1,1
frametop_centered,centered_000233_r016.0_pos,16.0,640.0,480.0,11.8,11.8,4,1,1
frametop_centered,centered_000234_r016.0_pos,16.0,640.0,480.0,11.8,11.8,4,1,1
frametop_centered,centered_000235_r016.0_pos,16.0,640.0,480.0,11.8,11.8,4,1,1
frametop_centered,centered_000236_r016.0_pos,16.0,640.0,480.0,11.8,11.8,4,1,1
frametop_centered,centered_000237_r016.0_pos,16.0,640.0,480.0,11.8,11.8,4,1,1
frametop_centered,centered_000238_r016.0_pos,16.0,640.0,480.0,11.8,11.8,4,1,1
frametop_centered,centered_000239_r016.0_pos,16.0,640.0,480.0,11.8,11.8,4,1,1
frametop_centered,centered_000240_r016.0_pos,16.0,640.0,480.0,11.8,11.8,4,1,1
frametop_centered,centered_000241_r016.0_pos,16.0,640.0,480.0,11.8,11.8,4,1,1
frametop_centered,centered_000242_r016.0_pos,16.0,640.0,480.0,11.8,11.8,4,1,1
frametop_centered,centered_000243_r016.0_pos,16.0,640.0,480.0,11.8,11.8,4,1,1
frametop_centered,centered_000244_r016.0_pos,16.0,640.0,480.0,11.8,11.8,4,1,1
frametop_centered,centered_000245_r016.0_pos,16.0,640.0,480.0,11.8,11.8,4,1,1
frametop_centered,centered_000246_r016.0_pos,16.0,640.0,480.0,11.8,11.8,4,1,1
frametop_centered,centered_000247_r016.0_pos,16.0,640.0,480.0,11.8,11.8,4,1,1
frametop_centered,centered_000248_r016.0_pos,16.0,640.0,480.0,11.8,11.8,4,1,1
frametop_centered,centered_000249_r016.0_pos,16.0,640.0,480.0,11.8,11.8,4,1,1
frametop_centered,centered_000250_r016.0_pos,16.0,640.0,480.0,11.8,11.8,4,1,1
frametop_centered,centered_000251_r016.0_pos,16.0,640.0,480.0,11.8,11.8,4,1,1
frametop_centered,centered_000252_r016.0_pos,16.0,640.0,480.0,11.8,11.8,4,1,1
frametop_centered,centered_000253_r016.0_pos,16.0,640.0,480.0,11.8,11.8,4,1,1
frametop_centered,centered_000254_r016.0_pos,16.0,640.0,480.0,11.8,11.8,4,1,1
frametop_centered,centered_000255_r016.0_pos,16.0,640.0,480.0,11.8,11.8,4,1,1
frametop_centered,centered_000256_r016.0_pos,16.0,640.0,480.0,11.8,11.8,4,1,1
frametop_centered,centered_000257_r016.0_pos,16.0,640.0,480.0,11.8,11.8,4,1,1
frametop_centered,centered_000258_r016.0_pos,16.0,640.0,480.0,11.8,11.8,4,1,1
frametop_centered,centered_000259_r016.0_pos,16.0,640.0,480.0,11.8,11.8,4,1,1
frametop_centered,centered_000260_r016.0_pos,16.0,640.0,480.0,11.8,11.8,4,1,1
frametop_centered,centered_000261_r016.0_pos,16.0,640.0,480.0,11.8,11.8,4,1,1
frametop_centered,centered_000262_r016.0_pos,16.0,640.0,480.0,11.8,11.8,4,1,1
frametop_centered,centered_000263_r016.0_pos,16.0,640.0,480.0,11.8,11.8,4,1,1
frametop_centered,centered_000264_r016.0_pos,16.0,640.0,480.0,11.8,11.8,4,1,1
frametop_centered,centered_000265_r016.0_pos,16.0,640.0,480.0,11.8,11.8,4,1,1
frametop_centered,centered_000266_r016.0_pos,16.0,640.0,480.0,11.8,11.8,4,1,1
frametop_centered,centered_000267_r016.0_pos,16.0,640.0,480.0,11.8,11.8,4,1,1
frametop_centered,centered_000268_r016.0_pos,16.0,640.0,480.0,11.8,11.8,4,1,1
frametop_centered,centered_000269_r016.0_pos,16.0,640.0,480.0,11.8,11.8,4,1,1
frametop_centered,centered_000270_r016.0_pos,16.0,640.0,480.0,11.8,11.8,4,1,1
frametop_centered,centered_000271_r016.0_pos,16.0,640.0,480.0,11.8,11.8,4,1,1
frametop_centered,centered_000272_r016.0_pos,16.0,640.0,480.0,11.8,11.8,4,1,1
frametop_centered,centered_000273_r016.0_pos,16.0,640.0,480.0,11.8,11.8,4,1,1
frametop_centered,centered_000274_r016.0_pos,16.0,640.0,480.0,11.8,11.8,4,1,1
frametop_centered,centered_000275_r016.0_pos,16.0,640.0,480.0,11.8,11.8,4,1,1
frametop_centered,centered_000276_r016.0_pos,16.0,640.0,480.0,11.8,11.8,4,1,1
frametop_centered,centered_000277_r016.0_pos,16.0,640.0,480.0,11.8,11.8,4,1,1
frametop_centered,centered_000278_r016.0_pos,16.0,640.0,480.0,11.8,11.8,4,1,1
frametop_centered,centered_000279_r016.0_pos,16.0,640.0,480.0,11.8,11.8,4,1,1
frametop_centered,centered_000280_r016.0_pos,16.0,640.0,480.0,11.8,11.8,4,1,1
frametop_centered,centered_000281_r016.0_pos,16.0,640.0,480.0,11.8,11.8,4,1,1
frametop_centered,centered_000282_r016.0_pos,16.0,640.0,480.0,11.8,11.8,4,1,1
frametop_centered,centered_000283_r016.0_pos,16.0,640.0,480.0,11.8,11.8,4,1,1
frametop_centered,centered_000284_r016.0_pos,16.0,640.0,480.0,11.8,11.8,4,1,1
frametop_centered,centered_000285_r016.0_pos,16.0,640.0,480.0,11.8,11.8,4,1,1
frametop_centered,centered_000286_r016.0_pos,16.0,640.0,480.0,11.8,11.8,4,1,1
frametop_centered,centered_000287_r016.0_pos,16.0,640.0,480.0,11.8,11.8,4,1,1
frametop_centered,centered_000288_r016.0_pos,16.0,640.0,480.0,11.8,11.8,4,1,1
frametop_centered,centered_000289_r016.0_pos,16.0,640.0,480.0,11.8,11.8,4,1,1
frametop_centered,centered_000290_r016.0_pos,16.0,640.0,480.0,11.8,11.8,4,1,1
frametop_centered,centered_000291_r016.0_pos,16.0,640.0,480.0,11.8,11.8,4,1,1
frametop_centered,centered_000292_r016.0_pos,16.0,640.0,480.0,11.8,11.8,4,1,1
frametop_centered,centered_000293_r016.0_pos,16.0,640.0,480.0,11.8,11.8,4,1,1
frametop_centered,centered_000294_r016.0_pos,16.0,640.0,480.0,11.8,11.8,4,1,1
frametop_centered,centered_000295_r016.0_pos,16.0,640.0,480.0,11.8,11.8,4,1,1
frametop_centered,centered_000296_r016.0_pos,16.0,640.0,480.0,11.8,11.8,4,1,1
frametop_centered,centered_000297_r016.0_pos,16.0,640.0,480.0,11.8,11.8,4,1,1
frametop_centered,centered_000298_r016.0_pos,16.0,640.0,480.0,11.8,11.8,4,1,1
frametop_centered,centered_000299_r016.0_pos,16.0,640.0,480.0,11.8,11.8,4,1,1
frametop_centered,centered_000300_r016.0_pos,16.0,640.0,480.0,11.8,11.8,4,1,1
frametop_centered,centered_000301_r016.0_pos,16.0,640.0,480.0,11.8,11.8,4,1,1
frametop_centered,centered_000302_r016.0_pos,16.0,640.0,480.0,11.8,11.8,4,1,1
frametop_centered,centered_000303_r016.0_pos,16.0,640.0,480.0,11.8,11.8,4,1,1
frametop_centered,centered_000304_r016.0_pos,16.0,640.0,480.0,11.8,11.8,4,1,1
frametop_centered,centered_000305_r016.0_pos,16.0,640.0,480.0,11.8,11.8,4,1,1
frametop_centered,centered_000306_r016.0_pos,16.0,640.0,480.0,11.8,11.8,4,1,1
frametop_centered,centered_000307_r016.0_pos,16.0,640.0,480.0,11.8,11.8,4,1,1
frametop_centered,centered_000308_r016.0_pos,16.0,640.0,480.0,11.8,11.8,4,1,1
frametop_centered,centered_000309_r016.0_pos,16.0,640.0,480.0,11.8,11.8,4,1,1
frametop_centered,centered_000310_r016.0_pos,16.0,640.0,480.0,11.8,11.8,4,1,1
frametop_centered,centered_000311_r016.0_pos,16.0,640.0,480.0,11.8,11.8,4,1,1
frametop_centered,centered_000312_r016.0_pos,16.0,640.0,480.0,11.8,11.8,4,1,1
frametop_centered,centered_000313_r016.0_pos,16.0,640.0,480.0,11.8,11.8,4,1,1
frametop_centered,centered_000314_r016.0_pos,16.0,640.0,480.0,11.8,11.8,4,1,1
frametop_centered,centered_000315_r016.0_pos,16.0,640.0,480.0,11.8,11.8,4,1,1
frametop_centered,centered_000316_r016.0_pos,16.0,640.0,480.0,11.8,11.8,4,1,1
frametop_centered,centered_000317_r016.0_pos,16.0,640.0,480.0,11.8,11.8,4,1,1
frametop_centered,centered_000318_r016.0_pos,16.0,640.0,480.0,11.8,11.8,4,1,1
frametop_centered,centered_000319_r016.0_pos,16.0,640.0,480.0,11.8,11.8,4,1,1
frametop_centered,centered_000320_r016.0_pos,16.0,640.0,480.0,11.8,11.8,4,1,1
frametop_centered,centered_000321_r016.0_pos,16.0,640.0,480.0,11.8,11.8,4,1,1
frametop_centered,centered_000322_r016.0_pos,16.0,640.0,480.0,11.8,11.8,4,1,1
frametop_centered,centered_000323_r016.0_pos,16.0,640.0,480.0,11.8,11.8,4,1,1
frametop_centered,centered_000324_r016.0_pos,16.0,640.0,480.0,11.8,11.8,4,1,1
frametop_centered,centered_000325_r016.0_pos,16.0,640.0,480.0,11.8,11.8,4,1,1
frametop_centered,centered_000326_r016.0_pos,16.0,640.0,480.0,11.8,11.8,4,1,1
frametop_centered,centered_000327_r016.0_pos,16.0,640.0,480.0,11.8,11.8,4,1,1
frametop_centered,centered_000328_r016.0_pos,16.0,640.0,480.0,11.8,11.8,4,1,1
frametop_centered,centered_000329_r016.0_pos,16.0,640.0,480.0,11.8,11.8,4,1,1
frametop_centered,centered_000329_r020.0_pos,20.0,640.0,480.0,9.4,9.4,4,1,1
frametop_centered,centered_000330_r016.0_pos,16.0,640.0,480.0,11.8,11.8,4,1,1
frametop_centered,centered_000330_r020.0_pos,20.0,640.0,480.0,9.4,9.4,4,1,1
frametop_centered,centered_000331_r020.0_pos,20.0,640.0,480.0,9.4,9.4,4,1,1
frametop_centered,centered_000332_r020.0_pos,20.0,640.0,480.0,9.4,9.4,4,1,1
frametop_centered,centered_000333_r020.0_pos,20.0,640.0,480.0,9.4,9.4,4,1,1
frametop_centered,centered_000334_r020.0_pos,20.0,640.0,480.0,9.4,9.4,4,1,1
frametop_centered,centered_000335_r020.0_pos,20.0,640.0,480.0,9.4,9.4,4,1,1
frametop_centered,centered_000336_r020.0_pos,20.0,640.0,480.0,9.4,9.4,4,1,1
frametop_centered,centered_000337_r020.0_pos,20.0,640.0,480.0,9.4,9.4,4,1,1
frametop_centered,centered_000338_r020.0_pos,20.0,640.0,480.0,9.4,9.4,4,1,1
frametop_centered,centered_000339_r020.0_pos,20.0,640.0,480.0,9.4,9.4,4,1,1
frametop_centered,centered_000340_r020.0_pos,20.0,640.0,480.0,9.4,9.4,4,1,1
frametop_centered,centered_000341_r020.0_pos,20.0,640.0,480.0,9.4,9.4,4,1,1
frametop_centered,centered_000342_r020.0_pos,20.0,640.0,480.0,9.4,9.4,4,1,1
frametop_centered,centered_000343_r020.0_pos,20.0,640.0,480.0,9.4,9.4,4,1,1
frametop_centered,centered_000344_r020.0_pos,20.0,640.0,480.0,9.4,9.4,4,1,1
frametop_centered,centered_000345_r020.0_pos,20.0,640.0,480.0,9.4,9.4,4,1,1
frametop_centered,centered_000346_r020.0_pos,20.0,640.0,480.0,9.4,9.4,4,1,1
frametop_centered,centered_000347_r020.0_pos,20.0,640.0,480.0,9.4,9.4,4,1,1
frametop_centered,centered_000348_r020.0_pos,20.0,640.0,480.0,9.4,9.4,4,1,1
frametop_centered,centered_000349_r020.0_pos,20.0,640.0,480.0,9.4,9.4,4,1,1
frametop_centered,centered_000350_r020.0_pos,20.0,640.0,480.0,9.4,9.4,4,1,1
frametop_centered,centered_000351_r020.0_pos,20.0,640.0,480.0,9.4,9.4,4,1,1
frametop_centered,centered_000352_r020.0_pos,20.0,640.0,480.0,9.4,9.4,4,1,1
frametop_centered,centered_000353_r020.0_pos,20.0,640.0,480.0,9.4,9.4,4,1,1
frametop_centered,centered_000354_r020.0_pos,20.0,640.0,480.0,9.4,9.4,4,1,1
frametop_centered,centered_000355_r020.0_pos,20.0,640.0,480.0,9.4,9.4,4,1,1
frametop_centered,centered_000356_r020.0_pos,20.0,640.0,480.0,9.4,9.4,4,1,1
frametop_centered,centered_000357_r020.0_pos,20.0,640.0,480.0,9.4,9.4,4,1,1
frametop_centered,centered_000358_r020.0_pos,20.0,640.0,480.0,9.4,9.4,4,1,1
frametop_centered,centered_000359_r020.0_pos,20.0,640.0,480.0,9.4,9.4,4,1,1
frametop_centered,centered_000360_r020.0_pos,20.0,640.0,480.0,9.4,9.4,4,1,1
frametop_centered,centered_000361_r020.0_pos,20.0,640.0,480.0,9.4,9.4,4,1,1
frametop_centered,centered_000362_r020.0_pos,20.0,640.0,480.0,9.4,9.4,4,1,1
frametop_centered,centered_000363_r020.0_pos,20.0,640.0,480.0,9.4,9.4,4,1,1
frametop_centered,centered_000364_r020.0_pos,20.0,640.0,480.0,9.4,9.4,4,1,1
frametop_centered,centered_000365_r020.0_pos,20.0,640.0,480.0,9.4,9.4,4,1,1
frametop_centered,centered_000366_r020.0_pos,20.0,640.0,480.0,9.4,9.4,4,1,1
frametop_centered,centered_000367_r020.0_pos,20.0,640.0,480.0,9.4,9.4,4,1,1
frametop_centered,centered_000368_r020.0_pos,20.0,640.0,480.0,9.4,9.4,4,1,1
frametop_centered,centered_000369_r020.0_pos,20.0,640.0,480.0,9.4,9.4,4,1,1
frametop_centered,centered_000370_r020.0_pos,20.0,640.0,480.0,9.4,9.4,4,1,1
frametop_centered,centered_000371_r020.0_pos,20.0,640.0,480.0,9.4,9.4,4,1,1
frametop_centered,centered_000372_r020.0_pos,20.0,640.0,480.0,9.4,9.4,4,1,1
frametop_centered,centered_000373_r020.0_pos,20.0,640.0,480.0,9.4,9.4,4,1,1
frametop_centered,centered_000374_r020.0_pos,20.0,640.0,480.0,9.4,9.4,4,1,1
frametop_centered,centered_000375_r020.0_pos,20.0,640.0,480.0,9.4,9.4,4,1,1
frametop_centered,centered_000376_r020.0_pos,20.0,640.0,480.0,9.4,9.4,4,1,1
frametop_centered,centered_000377_r020.0_pos,20.0,640.0,480.0,9.4,9.4,4,1,1
frametop_centered,centered_000378_r020.0_pos,20.0,640.0,480.0,9.4,9.4,4,1,1
frametop_centered,centered_000379_r020.0_pos,20.0,640.0,480.0,9.4,9.4,4,1,1
frametop_centered,centered_000380_r020.0_pos,20.0,640.0,480.0,9.4,9.4,4,1,1
frametop_centered,centered_000381_r020.0_pos,20.0,640.0,480.0,9.4,9.4,4,1,1
frametop_centered,centered_000382_r020.0_pos,20.0,640.0,480.0,9.4,9.4,4,1,1
frametop_centered,centered_000383_r020.0_pos,20.0,640.0,480.0,9.4,9.4,4,1,1
frametop_centered,centered_000384_r020.0_pos,20.0,640.0,480.0,9.4,9.4,4,1,1
frametop_centered,centered_000385_r020.0_pos,20.0,640.0,480.0,9.4,9.4,4,1,1
frametop_centered,centered_000386_r020.0_pos,20.0,640.0,480.0,9.4,9.4,4,1,1
frametop_centered,centered_000387_r020.0_pos,20.0,640.0,480.0,9.4,9.4,4,1,1
frametop_centered,centered_000388_r020.0_pos,20.0,640.0,480.0,9.4,9.4,4,1,1
frametop_centered,centered_000389_r020.0_pos,20.0,640.0,480.0,9.4,9.4,4,1,1
frametop_centered,centered_000390_r020.0_pos,20.0,640.0,480.0,9.4,9.4,4,1,1
frametop_centered,centered_000391_r020.0_pos,20.0,640.0,480.0,9.4,9.4,4,1,1
frametop_centered,centered_000392_r020.0_pos,20.0,640.0,480.0,9.4,9.4,4,1,1
frametop_centered,centered_000393_r020.0_pos,20.0,640.0,480.0,9.4,9.4,4,1,1
frametop_centered,centered_000394_r020.0_pos,20.0,640.0,480.0,9.4,9.4,4,1,1
frametop_centered,centered_000395_r020.0_pos,20.0,640.0,480.0,9.4,9.4,4,1,1
frametop_centered,centered_000396_r020.0_pos,20.0,640.0,480.0,9.4,9.4,4,1,1
frametop_centered,centered_000397_r020.0_pos,20.0,640.0,480.0,9.4,9.4,4,1,1
frametop_centered,centered_000398_r020.0_pos,20.0,640.0,480.0,9.4,9.4,4,1,1
frametop_centered,centered_000399_r020.0_pos,20.0,640.0,480.0,9.4,9.4,4,1,1
frametop_centered,centered_000400_r020.0_pos,20.0,640.0,480.0,9.4,9.4,4,1,1
frametop_centered,centered_000401_r020.0_pos,20.0,640.0,480.0,9.4,9.4,4,1,1
frametop_centered,centered_000402_r020.0_pos,20.0,640.0,480.0,9.4,9.4,4,1,1
frametop_centered,centered_000403_r020.0_pos,20.0,640.0,480.0,9.4,9.4,4,1,1
frametop_centered,centered_000404_r020.0_pos,20.0,640.0,480.0,9.4,9.4,4,1,1
frametop_centered,centered_000405_r020.0_pos,20.0,640.0,480.0,9.4,9.4,4,1,1
frametop_centered,centered_000406_r020.0_pos,20.0,640.0,480.0,9.4,9.4,4,1,1
frametop_centered,centered_000407_r020.0_pos,20.0,640.0,480.0,9.4,9.4,4,1,1
frametop_centered,centered_000408_r020.0_pos,20.0,640.0,480.0,9.4,9.4,4,1,1
frametop_centered,centered_000409_r020.0_pos,20.0,640.0,480.0,9.4,9.4,4,1,1
frametop_centered,centered_000410_r020.0_pos,20.0,640.0,480.0,9.4,9.4,4,1,1
frametop_centered,centered_000411_r020.0_pos,20.0,640.0,480.0,9.4,9.4,4,1,1
frametop_centered,centered_000412_r020.0_pos,20.0,640.0,480.0,9.4,9.4,4,1,1
frametop_centered,centered_000413_r020.0_pos,20.0,640.0,480.0,9.4,9.4,4,1,1
frametop_centered,centered_000414_r020.0_pos,20.0,640.0,480.0,9.4,9.4,4,1,1
frametop_centered,centered_000415_r020.0_pos,20.0,640.0,480.0,9.4,9.4,4,1,1
frametop_centered,centered_000416_r020.0_pos,20.0,640.0,480.0,9.4,9.4,4,1,1
frametop_centered,centered_000417_r020.0_pos,20.0,640.0,480.0,9.4,9.4,4,1,1
frametop_centered,centered_000418_r020.0_pos,20.0,640.0,480.0,9.4,9.4,4,1,1
frametop_centered,centered_000419_r020.0_pos,20.0,640.0,480.0,9.4,9.4,4,1,1
frametop_centered,centered_000420_r020.0_pos,20.0,640.0,480.0,9.4,9.4,4,1,1
frametop_centered,centered_000421_r020.0_pos,20.0,640.0,480.0,9.4,9.4,4,1,1
frametop_centered,centered_000422_r020.0_pos,20.0,640.0,480.0,9.4,9.4,4,1,1
frametop_centered,centered_000423_r020.0_pos,20.0,640.0,480.0,9.4,9.4,4,1,1
frametop_centered,centered_000424_r020.0_pos,20.0,640.0,480.0,9.4,9.4,4,1,1
frametop_centered,centered_000425_r020.0_pos,20.0,640.0,480.0,9.4,9.4,4,1,1
frametop_centered,centered_000426_r020.0_pos,20.0,640.0,480.0,9.4,9.4,4,1,1
frametop_centered,centered_000427_r020.0_pos,20.0,640.0,480.0,9.4,9.4,4,1,1
frametop_centered,centered_000428_r020.0_pos,20.0,640.0,480.0,9.4,9.4,4,1,1
frametop_centered,centered_000429_r020.0_pos,20.0,640.0,480.0,9.4,9.4,4,1,1
frametop_centered,centered_000430_r020.0_pos,20.0,640.0,480.0,9.4,9.4,4,1,1
frametop_centered,centered_000431_r020.0_pos,20.0,640.0,480.0,9.4,9.4,4,1,1
frametop_centered,centered_000432_r025.0_pos,25.0,640.0,480.0,7.6,7.6,0,0,0
frametop_centered,centered_000433_r025.0_pos,25.0,640.0,480.0,7.6,7.6,0,0,0
frametop_centered,centered_000434_r025.0_pos,25.0,640.0,480.0,7.6,7.6,0,0,0
frametop_centered,centered_000435_r025.0_pos,25.0,640.0,480.0,7.6,7.6,0,0,0
frametop_centered,centered_000436_r025.0_pos,25.0,640.0,480.0,7.6,7.6,0,0,0
frametop_centered,centered_000437_r025.0_pos,25.0,640.0,480.0,7.6,7.6,0,0,0
frametop_centered,centered_000438_r025.0_pos,25.0,640.0,480.0,7.6,7.6,0,0,0
frametop_centered,centered_000439_r025.0_pos,25.0,640.0,480.0,7.6,7.6,0,0,0
frametop_centered,centered_000440_r025.0_pos,25.0,640.0,480.0,7.6,7.6,0,0,0
frametop_centered,centered_000441_r025.0_pos,25.0,640.0,480.0,7.6,7.6,0,0,0
frametop_centered,centered_000442_r025.0_pos,25.0,640.0,480.0,7.6,7.6,0,0,0
frametop_centered,centered_000443_r025.0_pos,25.0,640.0,480.0,7.6,7.6,0,0,0
frametop_centered,centered_000444_r025.0_pos,25.0,640.0,480.0,7.6,7.6,0,0,0
frametop_centered,centered_000445_r025.0_pos,25.0,640.0,480.0,7.6,7.6,0,0,0
frametop_centered,centered_000446_r025.0_pos,25.0,640.0,480.0,7.6,7.6,0,0,0
frametop_centered,centered_000447_r025.0_pos,25.0,640.0,480.0,7.6,7.6,0,0,0
frametop_centered,centered_000448_r025.0_pos,25.0,640.0,480.0,7.6,7.6,0,0,0
frametop_centered,centered_000449_r025.0_pos,25.0,640.0,480.0,7.6,7.6,0,0,0
frametop_centered,centered_000450_r025.0_pos,25.0,640.0,480.0,7.6,7.6,0,0,0
frametop_centered,centered_000451_r025.0_pos,25.0,640.0,480.0,7.6,7.6,0,0,0
frametop_centered,centered_000452_r025.0_pos,25.0,640.0,480.0,7.6,7.6,0,0,0
frametop_centered,centered_000453_r025.0_pos,25.0,640.0,480.0,7.6,7.6,0,0,0
frametop_centered,centered_000454_r025.0_pos,25.0,640.0,480.0,7.6,7.6,0,0,0
frametop_centered,centered_000455_r025.0_pos,25.0,640.0,480.0,7.6,7.6,0,0,0
frametop_centered,centered_000456_r025.0_pos,25.0,640.0,480.0,7.6,7.6,0,0,0
frametop_centered,centered_000457_r025.0_pos,25.0,640.0,480.0,7.6,7.6,0,0,0
frametop_centered,centered_000458_r025.0_pos,25.0,640.0,480.0,7.6,7.6,0,0,0
frametop_centered,centered_000459_r025.0_pos,25.0,640.0,480.0,7.6,7.6,0,0,0
frametop_centered,centered_000460_r025.0_pos,25.0,640.0,480.0,7.6,7.6,0,0,0
frametop_centered,centered_000461_r025.0_pos,25.0,640.0,480.0,7.6,7.6,0,0,0
frametop_centered,centered_000462_r025.0_pos,25.0,640.0,480.0,7.6,7.6,0,0,0
frametop_centered,centered_000463_r025.0_pos,25.0,640.0,480.0,7.6,7.6,0,0,0
frametop_centered,centered_000464_r025.0_pos,25.0,640.0,480.0,7.6,7.6,0,0,0
frametop_centered,centered_000465_r025.0_pos,25.0,640.0,480.0,7.6,7.6,0,0,0
frametop_centered,centered_000466_r025.0_pos,25.0,640.0,480.0,7.6,7.6,0,0,0
frametop_centered,centered_000467_r025.0_pos,25.0,640.0,480.0,7.6,7.6,0,0,0
frametop_centered,centered_000468_r025.0_pos,25.0,640.0,480.0,7.6,7.6,0,0,0
frametop_centered,centered_000469_r025.0_pos,25.0,640.0,480.0,7.6,7.6,0,0,0
frametop_centered,centered_000470_r025.0_pos,25.0,640.0,480.0,7.6,7.6,0,0,0
frametop_centered,centered_000471_r025.0_pos,25.0,640.0,480.0,7.6,7.6,0,0,0
frametop_centered,centered_000472_r025.0_pos,25.0,640.0,480.0,7.6,7.6,0,0,0
frametop_centered,centered_000473_r025.0_pos,25.0,640.0,480.0,7.6,7.6,0,0,0
frametop_centered,centered_000474_r025.0_pos,25.0,640.0,480.0,7.6,7.6,0,0,0
frametop_centered,centered_000475_r025.0_pos,25.0,640.0,480.0,7.6,7.6,0,0,0
frametop_centered,centered_000476_r025.0_pos,25.0,640.0,480.0,7.6,7.6,0,0,0
frametop_centered,centered_000477_r025.0_pos,25.0,640.0,480.0,7.6,7.6,0,0,0
frametop_centered,centered_000478_r025.0_pos,25.0,640.0,480.0,7.6,7.6,0,0,0
frametop_centered,centered_000479_r025.0_pos,25.0,640.0,480.0,7.6,7.6,0,0,0
frametop_centered,centered_000480_r025.0_pos,25.0,640.0,480.0,7.6,7.6,0,0,0
frametop_centered,centered_000481_r025.0_pos,25.0,640.0,480.0,7.6,7.6,0,0,0
frametop_centered,centered_000482_r025.0_pos,25.0,640.0,480.0,7.6,7.6,0,0,0
frametop_centered,centered_000483_r025.0_pos,25.0,640.0,480.0,7.6,7.6,0,0,0
frametop_centered,centered_000484_r025.0_pos,25.0,640.0,480.0,7.6,7.6,0,0,0
frametop_centered,centered_000485_r025.0_pos,25.0,640.0,480.0,7.6,7.6,0,0,0
frametop_centered,centered_000486_r025.0_pos,25.0,640.0,480.0,7.6,7.6,0,0,0
frametop_centered,centered_000487_r025.0_pos,25.0,640.0,480.0,7.6,7.6,0,0,0
frametop_centered,centered_000488_r025.0_pos,25.0,640.0,480.0,7.6,7.6,0,0,0
frametop_centered,centered_000489_r025.0_pos,25.0,640.0,480.0,7.6,7.6,0,0,0
frametop_centered,centered_000490_r025.0_pos,25.0,640.0,480.0,7.6,7.6,0,0,0
frametop_centered,centered_000491_r025.0_pos,25.0,640.0,480.0,7.6,7.6,0,0,0
frametop_centered,centered_000492_r025.0_pos,25.0,640.0,480.0,7.6,7.6,0,0,0
frametop_centered,centered_000493_r025.0_pos,25.0,640.0,480.0,7.6,7.6,0,0,0
frametop_centered,centered_000494_r025.0_pos,25.0,640.0,480.0,7.6,7.6,0,0,0
frametop_centered,centered_000495_r025.0_pos,25.0,640.0,480.0,7.6,7.6,0,0,0
frametop_centered,centered_000496_r025.0_pos,25.0,640.0,480.0,7.6,7.6,0,0,0
frametop_centered,centered_000497_r025.0_pos,25.0,640.0,480.0,7.6,7.6,0,0,0
frametop_centered,centered_000498_r025.0_pos,25.0,640.0,480.0,7.6,7.6,0,0,0
frametop_centered,centered_000499_r025.0_pos,25.0,640.0,480.0,7.6,7.6,0,0,0
frametop_centered,centered_000500_r025.0_pos,25.0,640.0,480.0,7.6,7.6,0,0,0
frametop_centered,centered_000501_r025.0_pos,25.0,640.0,480.0,7.6,7.6,0,0,0
frametop_centered,centered_000502_r025.0_pos,25.0,640.0,480.0,7.6,7.6,0,0,0
frametop_centered,centered_000503_r025.0_pos,25.0,640.0,480.0,7.6,7.6,0,0,0
frametop_centered,centered_000504_r025.0_pos,25.0,640.0,480.0,7.6,7.6,0,0,0
frametop_centered,centered_000505_r025.0_pos,25.0,640.0,480.0,7.6,7.6,0,0,0
frametop_centered,centered_000506_r025.0_pos,25.0,640.0,480.0,7.6,7.6,0,0,0
frametop_centered,centered_000507_r025.0_pos,25.0,640.0,480.0,7.6,7.6,0,0,0
frametop_centered,centered_000508_r025.0_pos,25.0,640.0,480.0,7.6,7.6,0,0,0
frametop_centered,centered_000509_r025.0_pos,25.0,640.0,480.0,7.6,7.6,0,0,0
frametop_centered,centered_000510_r025.0_pos,25.0,640.0,480.0,7.6,7.6,0,0,0
frametop_centered,centered_000511_r025.0_pos,25.0,640.0,480.0,7.6,7.6,0,0,0
frametop_centered,centered_000512_r025.0_pos,25.0,640.0,480.0,7.6,7.6,0,0,0
frametop_centered,centered_000513_r025.0_pos,25.0,640.0,480.0,7.6,7.6,0,0,0
frametop_centered,centered_000514_r025.0_pos,25.0,640.0,480.0,7.6,7.6,0,0,0
frametop_centered,centered_000515_r025.0_pos,25.0,640.0,480.0,7.6,7.6,0,0,0
frametop_centered,centered_000516_r025.0_pos,25.0,640.0,480.0,7.6,7.6,0,0,0
frametop_centered,centered_000517_r025.0_pos,25.0,640.0,480.0,7.6,7.6,0,0,0
frametop_centered,centered_000518_r025.0_pos,25.0,640.0,480.0,7.6,7.6,0,0,0
frametop_centered,centered_000519_r025.0_pos,25.0,640.0,480.0,7.6,7.6,0,0,0
frametop_centered,centered_000520_r025.0_pos,25.0,640.0,480.0,7.6,7.6,0,0,0
frametop_centered,centered_000521_r025.0_pos,25.0,640.0,480.0,7.6,7.6,0,0,0
frametop_centered,centered_000522_r025.0_pos,25.0,640.0,480.0,7.6,7.6,0,0,0
frametop_centered,centered_000523_r025.0_pos,25.0,640.0,480.0,7.6,7.6,0,0,0
frametop_centered,centered_000524_r025.0_pos,25.0,640.0,480.0,7.6,7.6,0,0,0
frametop_centered,centered_000525_r025.0_pos,25.0,640.0,480.0,7.6,7.6,0,0,0
frametop_centered,centered_000526_r025.0_pos,25.0,640.0,480.0,7.6,7.6,0,0,0
frametop_centered,centered_000527_r025.0_pos,25.0,640.0,480.0,7.6,7.6,0,0,0
frametop_centered,centered_000528_r025.0_pos,25.0,640.0,480.0,7.6,7.6,0,0,0
frametop_centered,centered_000529_r025.0_pos,25.0,640.0,480.0,7.6,7.6,0,0,0
frametop_centered,centered_000530_r025.0_pos,25.0,640.0,480.0,7.6,7.6,0,0,0
frametop_centered,centered_000531_r025.0_pos,25.0,640.0,480.0,7.6,7.6,0,0,0
frametop,frametop_000001_r025.0_pos,25.0,640.0,480.0,7.6,7.6,0,0,0
frametop,frametop_000002_r025.0_pos,25.0,640.0,480.0,7.6,7.6,0,0,0
frametop,frametop_000003_r025.0_pos,25.0,640.0,480.0,7.6,7.6,0,0,0
frametop,frametop_000004_r025.0_pos,25.0,640.0,480.0,7.6,7.6,0,0,0
frametop,frametop_000005_r025.0_pos,25.0,640.0,480.0,7.6,7.6,0,0,0
frametop,frametop_000006_r025.0_pos,25.0,640.0,480.0,7.6,7.6,0,0,0
frametop,frametop_000007_r025.0_pos,25.0,640.0,480.0,7.6,7.6,0,0,0
frametop,frametop_000008_r025.0_pos,25.0,640.0,480.0,7.6,7.6,0,0,0
frametop,frametop_000009_r025.0_pos,25.0,640.0,480.0,7.6,7.6,0,0,0
frametop,frametop_000010_r025.0_pos,25.0,640.0,480.0,7.6,7.6,0,0,0
frametop,frametop_000011_r025.0_pos,25.0,640.0,480.0,7.6,7.6,0,0,0
frametop,frametop_000012_r025.0_pos,25.0,640.0,480.0,7.6,7.6,0,0,0
frametop,frametop_000013_r025.0_pos,25.0,640.0,480.0,7.6,7.6,0,0,0
frametop,frametop_000014_r025.0_pos,25.0,640.0,480.0,7.6,7.6,0,0,0
frametop,frametop_000015_r025.0_pos,25.0,640.0,480.0,7.6,7.6,0,0,0
frametop,frametop_000016_r025.0_pos,25.0,640.0,480.0,7.6,7.6,0,0,0
frametop,frametop_000017_r025.0_pos,25.0,640.0,480.0,7.6,7.6,0,0,0
frametop,frametop_000018_r025.0_pos,25.0,640.0,480.0,7.6,7.6,0,0,0
frametop,frametop_000019_r025.0_pos,25.0,640.0,480.0,7.6,7.6,0,0,0
frametop,frametop_000020_r025.0_pos,25.0,640.0,480.0,7.6,7.6,0,0,0
frametop,frametop_000021_r025.0_pos,25.0,640.0,480.0,7.6,7.6,0,0,0
frametop,frametop_000022_r025.0_pos,25.0,640.0,480.0,7.6,7.6,0,0,0
frametop,frametop_000023_r025.0_pos,25.0,640.0,480.0,7.6,7.6,0,0,0
frametop,frametop_000024_r025.0_pos,25.0,640.0,480.0,7.6,7.6,0,0,0
frametop,frametop_000025_r025.0_pos,25.0,640.0,480.0,7.6,7.6,0,0,0
frametop,frametop_000026_r025.0_pos,25.0,640.0,480.0,7.6,7.6,0,0,0
frametop,frametop_000027_r025.0_pos,25.0,640.0,480.0,7.6,7.6,0,0,0
frametop,frametop_000028_r008.0_pos,8.0,640.0,58.2,30.0,30.0,10,1,1
frametop,frametop_000029_r008.0_pos,8.0,640.0,58.2,30.0,30.0,10,1,1
frametop,frametop_000030_r008.0_pos,8.0,640.0,58.2,30.0,30.0,10,1,1
frametop,frametop_000031_r008.0_pos,8.0,640.0,58.2,30.0,30.0,10,1,1
frametop,frametop_000032_r008.0_pos,8.0,640.0,58.2,30.0,30.0,10,1,1
frametop,frametop_000033_r008.0_pos,8.0,640.0,58.2,30.0,30.0,10,1,1
frametop,frametop_000034_r008.0_pos,8.0,640.0,58.2,30.0,30.0,10,1,1
frametop,frametop_000035_r008.0_pos,8.0,640.0,58.2,30.0,30.0,10,1,1
frametop,frametop_000036_r008.0_pos,8.0,640.0,58.2,30.0,30.0,10,1,1
frametop,frametop_000037_r008.0_pos,8.0,640.0,58.2,30.0,30.0,10,1,1
frametop,frametop_000038_r008.0_pos,8.0,640.0,58.2,30.0,30.0,10,1,1
frametop,frametop_000039_r008.0_pos,8.0,640.0,58.2,30.0,30.0,10,1,1
frametop,frametop_000040_r008.0_pos,8.0,640.0,58.2,30.0,30.0,10,1,1
frametop,frametop_000041_r008.0_pos,8.0,640.0,58.2,30.0,30.0,10,1,1
frametop,frametop_000042_r008.0_pos,8.0,640.0,58.2,30.0,30.0,10,1,1
frametop,frametop_000043_r008.0_pos,8.0,640.0,58.2,30.0,30.0,10,1,1
frametop,frametop_000044_r008.0_pos,8.0,640.0,58.2,30.0,30.0,10,1,1
frametop,frametop_000045_r008.0_pos,8.0,640.0,58.2,30.0,30.0,10,1,1
frametop,frametop_000046_r008.0_pos,8.0,640.0,58.2,30.0,30.0,10,1,1
frametop,frametop_000047_r008.0_pos,8.0,640.0,58.2,30.0,30.0,10,1,1
frametop,frametop_000048_r008.0_pos,8.0,640.0,58.2,30.0,30.0,10,1,1
frametop,frametop_000049_r008.0_pos,8.0,640.0,58.2,30.0,30.0,10,1,1
frametop,frametop_000050_r008.0_pos,8.0,640.0,58.2,30.0,30.0,10,1,1
frametop,frametop_000051_r008.0_pos,8.0,640.0,58.2,30.0,30.0,10,1,1
frametop,frametop_000052_r008.0_pos,8.0,640.0,58.2,30.0,30.0,10,1,1
frametop,frametop_000053_r008.0_pos,8.0,640.0,58.2,30.0,30.0,10,1,1
frametop,frametop_000054_r008.0_pos,8.0,640.0,58.2,30.0,30.0,10,1,1
frametop,frametop_000055_r008.0_pos,8.0,640.0,58.2,30.0,30.0,10,1,1
frametop,frametop_000056_r008.0_pos,8.0,640.0,58.2,30.0,30.0,10,1,1
frametop,frametop_000057_r008.0_pos,8.0,640.0,58.2,30.0,30.0,10,1,1
frametop,frametop_000058_r008.0_pos,8.0,640.0,58.2,30.0,30.0,10,1,1
frametop,frametop_000059_r008.0_pos,8.0,640.0,58.2,30.0,30.0,10,1,1
frametop,frametop_000060_r008.0_pos,8.0,640.0,58.2,30.0,30.0,10,1,1
frametop,frametop_000061_r008.0_pos,8.0,640.0,58.2,30.0,30.0,10,1,1
frametop,frametop_000062_r008.0_pos,8.0,640.0,58.2,30.0,30.0,10,1,1
frametop,frametop_000063_r008.0_pos,8.0,640.0,58.2,30.0,30.0,10,1,1
frametop,frametop_000064_r008.0_pos,8.0,640.0,58.2,30.0,30.0,10,1,1
frametop,frametop_000065_r008.0_pos,8.0,640.0,58.2,30.0,30.0,10,1,1
frametop,frametop_000066_r008.0_pos,8.0,640.0,58.2,30.0,30.0,10,1,1
frametop,frametop_000067_r008.0_pos,8.0,640.0,58.2,30.0,30.0,10,1,1
frametop,frametop_000068_r008.0_pos,8.0,640.0,58.2,30.0,30.0,10,1,1
frametop,frametop_000069_r008.0_pos,8.0,640.0,58.2,30.0,30.0,10,1,1
frametop,frametop_000070_r008.0_pos,8.0,640.0,58.2,30.0,30.0,10,1,1
frametop,frametop_000071_r008.0_pos,8.0,640.0,58.2,30.0,30.0,10,1,1
frametop,frametop_000072_r008.0_pos,8.0,640.0,58.2,30.0,30.0,10,1,1
frametop,frametop_000073_r008.0_pos,8.0,640.0,58.2,30.0,30.0,10,1,1
frametop,frametop_000074_r008.0_pos,8.0,640.0,58.2,30.0,30.0,10,1,1
frametop,frametop_000075_r008.0_pos,8.0,640.0,58.2,30.0,30.0,10,1,1
frametop,frametop_000076_r008.0_pos,8.0,640.0,58.2,30.0,30.0,10,1,1
frametop,frametop_000077_r008.0_pos,8.0,640.0,58.2,30.0,30.0,10,1,1
frametop,frametop_000078_r008.0_pos,8.0,640.0,58.2,30.0,30.0,10,1,1
frametop,frametop_000079_r008.0_pos,8.0,640.0,58.2,30.0,30.0,10,1,1
frametop,frametop_000080_r008.0_pos,8.0,640.0,58.2,30.0,30.0,10,1,1
frametop,frametop_000081_r008.0_pos,8.0,640.0,58.2,30.0,30.0,10,1,1
frametop,frametop_000082_r008.0_pos,8.0,640.0,58.2,30.0,30.0,10,1,1
frametop,frametop_000083_r008.0_pos,8.0,640.0,58.2,30.0,30.0,10,1,1
frametop,frametop_000084_r008.0_pos,8.0,640.0,58.2,30.0,30.0,10,1,1
frametop,frametop_000085_r008.0_pos,8.0,640.0,58.2,30.0,30.0,10,1,1
frametop,frametop_000086_r008.0_pos,8.0,640.0,58.2,30.0,30.0,10,1,1
frametop,frametop_000087_r008.0_pos,8.0,640.0,58.2,30.0,30.0,10,1,1
frametop,frametop_000088_r008.0_pos,8.0,640.0,58.2,30.0,30.0,10,1,1
frametop,frametop_000089_r008.0_pos,8.0,640.0,58.2,30.0,30.0,10,1,1
frametop,frametop_000090_r008.0_pos,8.0,640.0,58.2,30.0,30.0,10,1,1
frametop,frametop_000091_r008.0_pos,8.0,640.0,58.2,30.0,30.0,10,1,1
frametop,frametop_000092_r008.0_pos,8.0,640.0,58.2,30.0,30.0,10,1,1
frametop,frametop_000093_r008.0_pos,8.0,640.0,58.2,30.0,30.0,10,1,1
frametop,frametop_000094_r008.0_pos,8.0,640.0,58.2,30.0,30.0,10,1,1
frametop,frametop_000095_r008.0_pos,8.0,640.0,58.2,30.0,30.0,10,1,1
frametop,frametop_000096_r008.0_pos,8.0,640.0,58.2,30.0,30.0,10,1,1
frametop,frametop_000097_r008.0_pos,8.0,640.0,58.2,30.0,30.0,10,1,1
frametop,frametop_000098_r008.0_pos,8.0,640.0,58.2,30.0,30.0,10,1,1
frametop,frametop_000099_r008.0_pos,8.0,640.0,58.2,30.0,30.0,10,1,1
frametop,frametop_000100_r008.0_pos,8.0,640.0,58.2,30.0,30.0,10,1,1
frametop,frametop_000101_r008.0_pos,8.0,640.0,58.2,30.0,30.0,10,1,1
frametop,frametop_000102_r008.0_pos,8.0,640.0,58.2,30.0,30.0,10,1,1
frametop,frametop_000103_r008.0_pos,8.0,640.0,58.2,30.0,30.0,10,1,1
frametop,frametop_000104_r008.0_pos,8.0,640.0,58.2,30.0,30.0,10,1,1
frametop,frametop_000105_r008.0_pos,8.0,640.0,58.2,30.0,30.0,10,1,1
frametop,frametop_000106_r008.0_pos,8.0,640.0,58.2,30.0,30.0,10,1,1
frametop,frametop_000107_r008.0_pos,8.0,640.0,58.2,30.0,30.0,10,1,1
frametop,frametop_000108_r008.0_pos,8.0,640.0,58.2,30.0,30.0,10,1,1
frametop,frametop_000109_r008.0_pos,8.0,640.0,58.2,30.0,30.0,10,1,1
frametop,frametop_000110_r008.0_pos,8.0,640.0,58.2,30.0,30.0,10,1,1
frametop,frametop_000111_r008.0_pos,8.0,640.0,58.2,30.0,30.0,10,1,1
frametop,frametop_000112_r008.0_pos,8.0,640.0,58.2,30.0,30.0,10,1,1
frametop,frametop_000113_r008.0_pos,8.0,640.0,58.2,30.0,30.0,10,1,1
frametop,frametop_000114_r008.0_pos,8.0,640.0,58.2,30.0,30.0,10,1,1
frametop,frametop_000115_r008.0_pos,8.0,640.0,58.2,30.0,30.0,10,1,1
frametop,frametop_000116_r008.0_pos,8.0,640.0,58.2,30.0,30.0,10,1,1
frametop,frametop_000117_r008.0_pos,8.0,640.0,58.2,30.0,30.0,10,1,1
frametop,frametop_000118_r008.0_pos,8.0,640.0,58.2,30.0,30.0,10,1,1
frametop,frametop_000119_r008.0_pos,8.0,640.0,58.2,30.0,30.0,10,1,1
frametop,frametop_000120_r008.0_pos,8.0,640.0,58.2,30.0,30.0,10,1,1
frametop,frametop_000121_r008.0_pos,8.0,640.0,58.2,30.0,30.0,10,1,1
frametop,frametop_000122_r008.0_pos,8.0,640.0,58.2,30.0,30.0,10,1,1
frametop,frametop_000123_r008.0_pos,8.0,640.0,58.2,30.0,30.0,10,1,1
frametop,frametop_000124_r008.0_pos,8.0,640.0,58.2,30.0,30.0,10,1,1
frametop,frametop_000125_r008.0_pos,8.0,640.0,58.2,30.0,30.0,10,1,1
frametop,frametop_000126_r008.0_pos,8.0,640.0,58.2,30.0,30.0,10,1,1
frametop,frametop_000127_r008.0_pos,8.0,640.0,58.2,30.0,30.0,10,1,1
frametop,frametop_000128_r008.0_pos,8.0,640.0,58.2,30.0,30.0,10,1,1
frametop,frametop_000129_r008.0_pos,8.0,640.0,58.2,30.0,30.0,10,1,1
frametop,frametop_000130_r012.0_pos,12.0,640.0,58.2,20.0,20.0,8,0,1
frametop,frametop_000131_r012.0_pos,12.0,640.0,58.2,20.0,20.0,8,0,1
frametop,frametop_000132_r012.0_pos,12.0,640.0,58.2,20.0,20.0,8,0,1
frametop,frametop_000133_r012.0_pos,12.0,640.0,58.2,20.0,20.0,8,0,1
frametop,frametop_000134_r012.0_pos,12.0,640.0,58.2,20.0,20.0,8,0,1
frametop,frametop_000135_r012.0_pos,12.0,640.0,58.2,20.0,20.0,8,0,1
frametop,frametop_000136_r012.0_pos,12.0,640.0,58.2,20.0,20.0,8,0,1
frametop,frametop_000137_r012.0_pos,12.0,640.0,58.2,20.0,20.0,8,0,1
frametop,frametop_000138_r012.0_pos,12.0,640.0,58.2,20.0,20.0,8,0,1
frametop,frametop_000139_r012.0_pos,12.0,640.0,58.2,20.0,20.0,8,0,1
frametop,frametop_000140_r012.0_pos,12.0,640.0,58.2,20.0,20.0,8,0,1
frametop,frametop_000141_r012.0_pos,12.0,640.0,58.2,20.0,20.0,8,0,1
frametop,frametop_000142_r012.0_pos,12.0,640.0,58.2,20.0,20.0,8,0,1
frametop,frametop_000143_r012.0_pos,12.0,640.0,58.2,20.0,20.0,8,0,1
frametop,frametop_000144_r012.0_pos,12.0,640.0,58.2,20.0,20.0,8,0,1
frametop,frametop_000145_r012.0_pos,12.0,640.0,58.2,20.0,20.0,8,0,1
frametop,frametop_000146_r012.0_pos,12.0,640.0,58.2,20.0,20.0,8,0,1
frametop,frametop_000147_r012.0_pos,12.0,640.0,58.2,20.0,20.0,8,0,1
frametop,frametop_000148_r012.0_pos,12.0,640.0,58.2,20.0,20.0,8,0,1
frametop,frametop_000149_r012.0_pos,12.0,640.0,58.2,20.0,20.0,8,0,1
frametop,frametop_000150_r012.0_pos,12.0,640.0,58.2,20.0,20.0,8,0,1
frametop,frametop_000151_r012.0_pos,12.0,640.0,58.2,20.0,20.0,8,0,1
frametop,frametop_000152_r012.0_pos,12.0,640.0,58.2,20.0,20.0,8,0,1
frametop,frametop_000153_r012.0_pos,12.0,640.0,58.2,20.0,20.0,8,0,1
frametop,frametop_000154_r012.0_pos,12.0,640.0,58.2,20.0,20.0,8,0,1
frametop,frametop_000155_r012.0_pos,12.0,640.0,58.2,20.0,20.0,8,0,1
frametop,frametop_000156_r012.0_pos,12.0,640.0,58.2,20.0,20.0,8,0,1
frametop,frametop_000157_r012.0_pos,12.0,640.0,58.2,20.0,20.0,8,0,1
frametop,frametop_000158_r012.0_pos,12.0,640.0,58.2,20.0,20.0,8,0,1
frametop,frametop_000159_r012.0_pos,12.0,640.0,58.2,20.0,20.0,8,0,1
frametop,frametop_000160_r012.0_pos,12.0,640.0,58.2,20.0,20.0,8,0,1
frametop,frametop_000161_r012.0_pos,12.0,640.0,58.2,20.0,20.0,8,0,1
frametop,frametop_000162_r012.0_pos,12.0,640.0,58.2,20.0,20.0,8,0,1
frametop,frametop_000163_r012.0_pos,12.0,640.0,58.2,20.0,20.0,8,0,1
frametop,frametop_000164_r012.0_pos,12.0,640.0,58.2,20.0,20.0,8,0,1
frametop,frametop_000165_r012.0_pos,12.0,640.0,58.2,20.0,20.0,8,0,1
frametop,frametop_000166_r012.0_pos,12.0,640.0,58.2,20.0,20.0,8,0,1
frametop,frametop_000167_r012.0_pos,12.0,640.0,58.2,20.0,20.0,8,0,1
frametop,frametop_000168_r012.0_pos,12.0,640.0,58.2,20.0,20.0,8,0,1
frametop,frametop_000169_r012.0_pos,12.0,640.0,58.2,20.0,20.0,8,0,1
frametop,frametop_000170_r012.0_pos,12.0,640.0,58.2,20.0,20.0,8,0,1
frametop,frametop_000171_r012.0_pos,12.0,640.0,58.2,20.0,20.0,8,0,1
frametop,frametop_000172_r012.0_pos,12.0,640.0,58.2,20.0,20.0,8,0,1
frametop,frametop_000173_r012.0_pos,12.0,640.0,58.2,20.0,20.0,8,0,1
frametop,frametop_000174_r012.0_pos,12.0,640.0,58.2,20.0,20.0,8,0,1
frametop,frametop_000175_r012.0_pos,12.0,640.0,58.2,20.0,20.0,8,0,1
frametop,frametop_000176_r012.0_pos,12.0,640.0,58.2,20.0,20.0,8,0,1
frametop,frametop_000177_r012.0_pos,12.0,640.0,58.2,20.0,20.0,8,0,1
frametop,frametop_000178_r012.0_pos,12.0,640.0,58.2,20.0,20.0,8,0,1
frametop,frametop_000179_r012.0_pos,12.0,640.0,58.2,20.0,20.0,8,0,1
frametop,frametop_000180_r012.0_pos,12.0,640.0,58.2,20.0,20.0,8,0,1
frametop,frametop_000181_r012.0_pos,12.0,640.0,58.2,20.0,20.0,8,0,1
frametop,frametop_000182_r012.0_pos,12.0,640.0,58.2,20.0,20.0,8,0,1
frametop,frametop_000183_r012.0_pos,12.0,640.0,58.2,20.0,20.0,8,0,1
frametop,frametop_000184_r012.0_pos,12.0,640.0,58.2,20.0,20.0,8,0,1
frametop,frametop_000185_r012.0_pos,12.0,640.0,58.2,20.0,20.0,8,0,1
frametop,frametop_000186_r012.0_pos,12.0,640.0,58.2,20.0,20.0,8,0,1
frametop,frametop_000187_r012.0_pos,12.0,640.0,58.2,20.0,20.0,8,0,1
frametop,frametop_000188_r012.0_pos,12.0,640.0,58.2,20.0,20.0,8,0,1
frametop,frametop_000189_r012.0_pos,12.0,640.0,58.2,20.0,20.0,8,0,1
frametop,frametop_000190_r012.0_pos,12.0,640.0,58.2,20.0,20.0,8,0,1
frametop,frametop_000191_r012.0_pos,12.0,640.0,58.2,20.0,20.0,8,0,1
frametop,frametop_000192_r012.0_pos,12.0,640.0,58.2,20.0,20.0,8,0,1
frametop,frametop_000193_r012.0_pos,12.0,640.0,58.2,20.0,20.0,8,0,1
frametop,frametop_000194_r012.0_pos,12.0,640.0,58.2,20.0,20.0,8,0,1
frametop,frametop_000195_r012.0_pos,12.0,640.0,58.2,20.0,20.0,8,0,1
frametop,frametop_000196_r012.0_pos,12.0,640.0,58.2,20.0,20.0,8,0,1
frametop,frametop_000197_r012.0_pos,12.0,640.0,58.2,20.0,20.0,8,0,1
frametop,frametop_000198_r012.0_pos,12.0,640.0,58.2,20.0,20.0,8,0,1
frametop,frametop_000199_r012.0_pos,12.0,640.0,58.2,20.0,20.0,8,0,1
frametop,frametop_000200_r012.0_pos,12.0,640.0,58.2,20.0,20.0,8,0,1
frametop,frametop_000201_r012.0_pos,12.0,640.0,58.2,20.0,20.0,8,0,1
frametop,frametop_000202_r012.0_pos,12.0,640.0,58.2,20.0,20.0,8,0,1
frametop,frametop_000203_r012.0_pos,12.0,640.0,58.2,20.0,20.0,8,0,1
frametop,frametop_000204_r012.0_pos,12.0,640.0,58.2,20.0,20.0,8,0,1
frametop,frametop_000205_r012.0_pos,12.0,640.0,58.2,20.0,20.0,8,0,1
frametop,frametop_000206_r012.0_pos,12.0,640.0,58.2,20.0,20.0,8,0,1
frametop,frametop_000207_r012.0_pos,12.0,640.0,58.2,20.0,20.0,8,0,1
frametop,frametop_000208_r012.0_pos,12.0,640.0,58.2,20.0,20.0,8,0,1
frametop,frametop_000209_r012.0_pos,12.0,640.0,58.2,20.0,20.0,8,0,1
frametop,frametop_000210_r012.0_pos,12.0,640.0,58.2,20.0,20.0,8,0,1
frametop,frametop_000211_r012.0_pos,12.0,640.0,58.2,20.0,20.0,8,0,1
frametop,frametop_000212_r012.0_pos,12.0,640.0,58.2,20.0,20.0,8,0,1
frametop,frametop_000213_r012.0_pos,12.0,640.0,58.2,20.0,20.0,8,0,1
frametop,frametop_000214_r012.0_pos,12.0,640.0,58.2,20.0,20.0,8,0,1
frametop,frametop_000215_r012.0_pos,12.0,640.0,58.2,20.0,20.0,8,0,1
frametop,frametop_000216_r012.0_pos,12.0,640.0,58.2,20.0,20.0,8,0,1
frametop,frametop_000217_r012.0_pos,12.0,640.0,58.2,20.0,20.0,8,0,1
frametop,frametop_000218_r012.0_pos,12.0,640.0,58.2,20.0,20.0,8,0,1
frametop,frametop_000219_r012.0_pos,12.0,640.0,58.2,20.0,20.0,8,0,1
frametop,frametop_000220_r012.0_pos,12.0,640.0,58.2,20.0,20.0,8,0,1
frametop,frametop_000221_r012.0_pos,12.0,640.0,58.2,20.0,20.0,8,0,1
frametop,frametop_000222_r012.0_pos,12.0,640.0,58.2,20.0,20.0,8,0,1
frametop,frametop_000223_r012.0_pos,12.0,640.0,58.2,20.0,20.0,8,0,1
frametop,frametop_000224_r012.0_pos,12.0,640.0,58.2,20.0,20.0,8,0,1
frametop,frametop_000225_r012.0_pos,12.0,640.0,58.2,20.0,20.0,8,0,1
frametop,frametop_000226_r012.0_pos,12.0,640.0,58.2,20.0,20.0,8,0,1
frametop,frametop_000227_r012.0_pos,12.0,640.0,58.2,20.0,20.0,8,0,1
frametop,frametop_000228_r012.0_pos,12.0,640.0,58.2,20.0,20.0,8,0,1
frametop,frametop_000229_r012.0_pos,12.0,640.0,58.2,20.0,20.0,8,0,1
frametop,frametop_000230_r012.0_pos,12.0,640.0,58.2,20.0,20.0,8,0,1
frametop,frametop_000231_r012.0_pos,12.0,640.0,58.2,20.0,20.0,8,0,1
frametop,frametop_000232_r012.0_pos,12.0,640.0,58.2,20.0,20.0,8,0,1
frametop,frametop_000233_r016.0_pos,16.0,640.0,58.2,15.0,15.0,4,0,1
frametop,frametop_000234_r016.0_pos,16.0,640.0,58.2,15.0,15.0,4,0,1
frametop,frametop_000235_r016.0_pos,16.0,640.0,58.2,15.0,15.0,4,0,1
frametop,frametop_000236_r016.0_pos,16.0,640.0,58.2,15.0,15.0,4,0,1
frametop,frametop_000237_r016.0_pos,16.0,640.0,58.2,15.0,15.0,4,0,1
frametop,frametop_000238_r016.0_pos,16.0,640.0,58.2,15.0,15.0,4,0,1
frametop,frametop_000239_r016.0_pos,16.0,640.0,58.2,15.0,15.0,4,0,1
frametop,frametop_000240_r016.0_pos,16.0,640.0,58.2,15.0,15.0,4,0,1
frametop,frametop_000241_r016.0_pos,16.0,640.0,58.2,15.0,15.0,4,0,1
frametop,frametop_000242_r016.0_pos,16.0,640.0,58.2,15.0,15.0,4,0,1
frametop,frametop_000243_r016.0_pos,16.0,640.0,58.2,15.0,15.0,4,0,1
frametop,frametop_000244_r016.0_pos,16.0,640.0,58.2,15.0,15.0,4,0,1
frametop,frametop_000245_r016.0_pos,16.0,640.0,58.2,15.0,15.0,4,0,1
frametop,frametop_000246_r016.0_pos,16.0,640.0,58.2,15.0,15.0,4,0,1
frametop,frametop_000247_r016.0_pos,16.0,640.0,58.2,15.0,15.0,4,0,1
frametop,frametop_000248_r016.0_pos,16.0,640.0,58.2,15.0,15.0,4,0,1
frametop,frametop_000249_r016.0_pos,16.0,640.0,58.2,15.0,15.0,4,0,1
frametop,frametop_000250_r016.0_pos,16.0,640.0,58.2,15.0,15.0,4,0,1
frametop,frametop_000251_r016.0_pos,16.0,640.0,58.2,15.0,15.0,4,0,1
frametop,frametop_000252_r016.0_pos,16.0,640.0,58.2,15.0,15.0,4,0,1
frametop,frametop_000253_r016.0_pos,16.0,640.0,58.2,15.0,15.0,4,0,1
frametop,frametop_000254_r016.0_pos,16.0,640.0,58.2,15.0,15.0,4,0,1
frametop,frametop_000255_r016.0_pos,16.0,640.0,58.2,15.0,15.0,4,0,1
frametop,frametop_000256_r016.0_pos,16.0,640.0,58.2,15.0,15.0,4,0,1
frametop,frametop_000257_r016.0_pos,16.0,640.0,58.2,15.0,15.0,4,0,1
frametop,frametop_000258_r016.0_pos,16.0,640.0,58.2,15.0,15.0,4,0,1
frametop,frametop_000259_r016.0_pos,16.0,640.0,58.2,15.0,15.0,4,0,1
frametop,frametop_000260_r016.0_pos,16.0,640.0,58.2,15.0,15.0,4,0,1
frametop,frametop_000261_r016.0_pos,16.0,640.0,58.2,15.0,15.0,4,0,1
frametop,frametop_000262_r016.0_pos,16.0,640.0,58.2,15.0,15.0,4,0,1
frametop,frametop_000263_r016.0_pos,16.0,640.0,58.2,15.0,15.0,4,0,1
frametop,frametop_000264_r016.0_pos,16.0,640.0,58.2,15.0,15.0,4,0,1
frametop,frametop_000265_r016.0_pos,16.0,640.0,58.2,15.0,15.0,4,0,1
frametop,frametop_000266_r016.0_pos,16.0,640.0,58.2,15.0,15.0,4,0,1
frametop,frametop_000267_r016.0_pos,16.0,640.0,58.2,15.0,15.0,4,0,1
frametop,frametop_000268_r016.0_pos,16.0,640.0,58.2,15.0,15.0,4,0,1
frametop,frametop_000269_r016.0_pos,16.0,640.0,58.2,15.0,15.0,4,0,1
frametop,frametop_000270_r016.0_pos,16.0,640.0,58.2,15.0,15.0,4,0,1
frametop,frametop_000271_r016.0_pos,16.0,640.0,58.2,15.0,15.0,4,0,1
frametop,frametop_000272_r016.0_pos,16.0,640.0,58.2,15.0,15.0,4,0,1
frametop,frametop_000273_r016.0_pos,16.0,640.0,58.2,15.0,15.0,4,0,1
frametop,frametop_000274_r016.0_pos,16.0,640.0,58.2,15.0,15.0,4,0,1
frametop,frametop_000275_r016.0_pos,16.0,640.0,58.2,15.0,15.0,4,0,1
frametop,frametop_000276_r016.0_pos,16.0,640.0,58.2,15.0,15.0,4,0,1
frametop,frametop_000277_r016.0_pos,16.0,640.0,58.2,15.0,15.0,4,0,1
frametop,frametop_000278_r016.0_pos,16.0,640.0,58.2,15.0,15.0,4,0,1
frametop,frametop_000279_r016.0_pos,16.0,640.0,58.2,15.0,15.0,4,0,1
frametop,frametop_000280_r016.0_pos,16.0,640.0,58.2,15.0,15.0,4,0,1
frametop,frametop_000281_r016.0_pos,16.0,640.0,58.2,15.0,15.0,4,0,1
frametop,frametop_000282_r016.0_pos,16.0,640.0,58.2,15.0,15.0,4,0,1
frametop,frametop_000283_r016.0_pos,16.0,640.0,58.2,15.0,15.0,4,0,1
frametop,frametop_000284_r016.0_pos,16.0,640.0,58.2,15.0,15.0,4,0,1
frametop,frametop_000285_r016.0_pos,16.0,640.0,58.2,15.0,15.0,4,0,1
frametop,frametop_000286_r016.0_pos,16.0,640.0,58.2,15.0,15.0,4,0,1
frametop,frametop_000287_r016.0_pos,16.0,640.0,58.2,15.0,15.0,4,0,1
frametop,frametop_000288_r016.0_pos,16.0,640.0,58.2,15.0,15.0,4,0,1
frametop,frametop_000289_r016.0_pos,16.0,640.0,58.2,15.0,15.0,4,0,1
frametop,frametop_000290_r016.0_pos,16.0,640.0,58.2,15.0,15.0,4,0,1
frametop,frametop_000291_r016.0_pos,16.0,640.0,58.2,15.0,15.0,4,0,1
frametop,frametop_000292_r016.0_pos,16.0,640.0,58.2,15.0,15.0,4,0,1
frametop,frametop_000293_r016.0_pos,16.0,640.0,58.2,15.0,15.0,4,0,1
frametop,frametop_000294_r016.0_pos,16.0,640.0,58.2,15.0,15.0,4,0,1
frametop,frametop_000295_r016.0_pos,16.0,640.0,58.2,15.0,15.0,4,0,1
frametop,frametop_000296_r016.0_pos,16.0,640.0,58.2,15.0,15.0,4,0,1
frametop,frametop_000297_r016.0_pos,16.0,640.0,58.2,15.0,15.0,4,0,1
frametop,frametop_000298_r016.0_pos,16.0,640.0,58.2,15.0,15.0,4,0,1
frametop,frametop_000299_r016.0_pos,16.0,640.0,58.2,15.0,15.0,4,0,1
frametop,frametop_000300_r016.0_pos,16.0,640.0,58.2,15.0,15.0,4,0,1
frametop,frametop_000301_r016.0_pos,16.0,640.0,58.2,15.0,15.0,4,0,1
frametop,frametop_000302_r016.0_pos,16.0,640.0,58.2,15.0,15.0,4,0,1
frametop,frametop_000303_r016.0_pos,16.0,640.0,58.2,15.0,15.0,4,0,1
frametop,frametop_000304_r016.0_pos,16.0,640.0,58.2,15.0,15.0,4,0,1
frametop,frametop_000305_r016.0_pos,16.0,640.0,58.2,15.0,15.0,4,0,1
frametop,frametop_000306_r016.0_pos,16.0,640.0,58.2,15.0,15.0,4,0,1
frametop,frametop_000307_r016.0_pos,16.0,640.0,58.2,15.0,15.0,4,0,1
frametop,frametop_000308_r016.0_pos,16.0,640.0,58.2,15.0,15.0,4,0,1
frametop,frametop_000309_r016.0_pos,16.0,640.0,58.2,15.0,15.0,4,0,1
frametop,frametop_000310_r016.0_pos,16.0,640.0,58.2,15.0,15.0,4,0,1
frametop,frametop_000311_r016.0_pos,16.0,640.0,58.2,15.0,15.0,4,0,1
frametop,frametop_000312_r016.0_pos,16.0,640.0,58.2,15.0,15.0,4,0,1
frametop,frametop_000313_r016.0_pos,16.0,640.0,58.2,15.0,15.0,4,0,1
frametop,frametop_000314_r016.0_pos,16.0,640.0,58.2,15.0,15.0,4,0,1
frametop,frametop_000315_r016.0_pos,16.0,640.0,58.2,15.0,15.0,4,0,1
frametop,frametop_000316_r016.0_pos,16.0,640.0,58.2,15.0,15.0,4,0,1
frametop,frametop_000317_r016.0_pos,16.0,640.0,58.2,15.0,15.0,4,0,1
frametop,frametop_000318_r016.0_pos,16.0,640.0,58.2,15.0,15.0,4,0,1
frametop,frametop_000319_r016.0_pos,16.0,640.0,58.2,15.0,15.0,4,0,1
frametop,frametop_000320_r016.0_pos,16.0,640.0,58.2,15.0,15.0,4,0,1
frametop,frametop_000321_r016.0_pos,16.0,640.0,58.2,15.0,15.0,4,0,1
frametop,frametop_000322_r016.0_pos,16.0,640.0,58.2,15.0,15.0,4,0,1
frametop,frametop_000323_r016.0_pos,16.0,640.0,58.2,15.0,15.0,4,0,1
frametop,frametop_000324_r016.0_pos,16.0,640.0,58.2,15.0,15.0,4,0,1
frametop,frametop_000325_r016.0_pos,16.0,640.0,58.2,15.0,15.0,4,0,1
frametop,frametop_000326_r016.0_pos,16.0,640.0,58.2,15.0,15.0,4,0,1
frametop,frametop_000327_r016.0_pos,16.0,640.0,58.2,15.0,15.0,4,0,1
frametop,frametop_000328_r016.0_pos,16.0,640.0,58.2,15.0,15.0,4,0,1
frametop,frametop_000329_r016.0_pos,16.0,640.0,58.2,15.0,15.0,4,0,1
frametop,frametop_000330_r016.0_pos,16.0,640.0,58.2,15.0,15.0,4,0,1
frametop,frametop_000331_r016.0_pos,16.0,640.0,58.2,15.0,15.0,4,0,1
frametop,frametop_000332_r016.0_pos,16.0,640.0,58.2,15.0,15.0,4,0,1
frametop,frametop_000333_r016.0_pos,16.0,640.0,58.2,15.0,15.0,4,0,1
frametop,frametop_000334_r020.0_pos,20.0,640.0,58.2,12.0,12.0,4,0,1
frametop,frametop_000335_r020.0_pos,20.0,640.0,58.2,12.0,12.0,3,0,1
frametop,frametop_000336_r020.0_pos,20.0,640.0,58.2,12.0,12.0,3,0,1
frametop,frametop_000337_r020.0_pos,20.0,640.0,58.2,12.0,12.0,3,0,1
frametop,frametop_000338_r020.0_pos,20.0,640.0,58.2,12.0,12.0,3,0,1
frametop,frametop_000339_r020.0_pos,20.0,640.0,58.2,12.0,12.0,3,0,1
frametop,frametop_000340_r020.0_pos,20.0,640.0,58.2,12.0,12.0,3,0,1
frametop,frametop_000341_r020.0_pos,20.0,640.0,58.2,12.0,12.0,3,0,1
frametop,frametop_000342_r020.0_pos,20.0,640.0,58.2,12.0,12.0,3,0,1
frametop,frametop_000343_r020.0_pos,20.0,640.0,58.2,12.0,12.0,3,0,1
frametop,frametop_000344_r020.0_pos,20.0,640.0,58.2,12.0,12.0,3,0,1
frametop,frametop_000345_r020.0_pos,20.0,640.0,58.2,12.0,12.0,3,0,1
frametop,frametop_000346_r020.0_pos,20.0,640.0,58.2,12.0,12.0,3,0,1
frametop,frametop_000347_r020.0_pos,20.0,640.0,58.2,12.0,12.0,3,0,1
frametop,frametop_000348_r020.0_pos,20.0,640.0,58.2,12.0,12.0,3,0,1
frametop,frametop_000349_r020.0_pos,20.0,640.0,58.2,12.0,12.0,3,0,1
frametop,frametop_000350_r020.0_pos,20.0,640.0,58.2,12.0,12.0,3,0,1
frametop,frametop_000351_r020.0_pos,20.0,640.0,58.2,12.0,12.0,3,0,1
frametop,frametop_000352_r020.0_pos,20.0,640.0,58.2,12.0,12.0,3,0,1
frametop,frametop_000353_r020.0_pos,20.0,640.0,58.2,12.0,12.0,3,0,1
frametop,frametop_000354_r020.0_pos,20.0,640.0,58.2,12.0,12.0,3,0,1
frametop,frametop_000355_r020.0_pos,20.0,640.0,58.2,12.0,12.0,3,0,1
frametop,frametop_000356_r020.0_pos,20.0,640.0,58.2,12.0,12.0,3,0,1
frametop,frametop_000357_r020.0_pos,20.0,640.0,58.2,12.0,12.0,3,0,1
frametop,frametop_000358_r020.0_pos,20.0,640.0,58.2,12.0,12.0,3,0,1
frametop,frametop_000359_r020.0_pos,20.0,640.0,58.2,12.0,12.0,3,0,1
frametop,frametop_000360_r020.0_pos,20.0,640.0,58.2,12.0,12.0,3,0,1
frametop,frametop_000361_r020.0_pos,20.0,640.0,58.2,12.0,12.0,3,0,1
frametop,frametop_000362_r020.0_pos,20.0,640.0,58.2,12.0,12.0,3,0,1
frametop,frametop_000363_r020.0_pos,20.0,640.0,58.2,12.0,12.0,3,0,1
frametop,frametop_000364_r020.0_pos,20.0,640.0,58.2,12.0,12.0,3,0,1
frametop,frametop_000365_r020.0_pos,20.0,640.0,58.2,12.0,12.0,3,0,1
frametop,frametop_000366_r020.0_pos,20.0,640.0,58.2,12.0,12.0,3,0,1
frametop,frametop_000367_r020.0_pos,20.0,640.0,58.2,12.0,12.0,3,0,1
frametop,frametop_000368_r020.0_pos,20.0,640.0,58.2,12.0,12.0,3,0,1
frametop,frametop_000369_r020.0_pos,20.0,640.0,58.2,12.0,12.0,3,0,1
frametop,frametop_000370_r020.0_pos,20.0,640.0,58.2,12.0,12.0,3,0,1
frametop,frametop_000371_r020.0_pos,20.0,640.0,58.2,12.0,12.0,3,0,1
frametop,frametop_000372_r020.0_pos,20.0,640.0,58.2,12.0,12.0,3,0,1
frametop,frametop_000373_r020.0_pos,20.0,640.0,58.2,12.0,12.0,3,0,1
frametop,frametop_000374_r020.0_pos,20.0,640.0,58.2,12.0,12.0,3,0,1
frametop,frametop_000375_r020.0_pos,20.0,640.0,58.2,12.0,12.0,3,0,1
frametop,frametop_000376_r020.0_pos,20.0,640.0,58.2,12.0,12.0,3,0,1
frametop,frametop_000377_r020.0_pos,20.0,640.0,58.2,12.0,12.0,3,0,1
frametop,frametop_000378_r020.0_pos,20.0,640.0,58.2,12.0,12.0,3,0,1
frametop,frametop_000379_r020.0_pos,20.0,640.0,58.2,12.0,12.0,3,0,1
frametop,frametop_000380_r020.0_pos,20.0,640.0,58.2,12.0,12.0,3,0,1
frametop,frametop_000381_r020.0_pos,20.0,640.0,58.2,12.0,12.0,3,0,1
frametop,frametop_000382_r020.0_pos,20.0,640.0,58.2,12.0,12.0,3,0,1
frametop,frametop_000383_r020.0_pos,20.0,640.0,58.2,12.0,12.0,3,0,1
frametop,frametop_000384_r020.0_pos,20.0,640.0,58.2,12.0,12.0,3,0,1
frametop,frametop_000385_r020.0_pos,20.0,640.0,58.2,12.0,12.0,3,0,1
frametop,frametop_000386_r020.0_pos,20.0,640.0,58.2,12.0,12.0,3,0,1
frametop,frametop_000387_r020.0_pos,20.0,640.0,58.2,12.0,12.0,3,0,1
frametop,frametop_000388_r020.0_pos,20.0,640.0,58.2,12.0,12.0,3,0,1
frametop,frametop_000389_r020.0_pos,20.0,640.0,58.2,12.0,12.0,3,0,1
frametop,frametop_000390_r020.0_pos,20.0,640.0,58.2,12.0,12.0,3,0,1
frametop,frametop_000391_r020.0_pos,20.0,640.0,58.2,12.0,12.0,3,0,1
frametop,frametop_000392_r020.0_pos,20.0,640.0,58.2,12.0,12.0,3,0,1
frametop,frametop_000393_r020.0_pos,20.0,640.0,58.2,12.0,12.0,3,0,1
frametop,frametop_000394_r020.0_pos,20.0,640.0,58.2,12.0,12.0,3,0,1
frametop,frametop_000395_r020.0_pos,20.0,640.0,58.2,12.0,12.0,3,0,1
frametop,frametop_000396_r020.0_pos,20.0,640.0,58.2,12.0,12.0,3,0,1
frametop,frametop_000397_r020.0_pos,20.0,640.0,58.2,12.0,12.0,3,0,1
frametop,frametop_000398_r020.0_pos,20.0,640.0,58.2,12.0,12.0,3,0,1
frametop,frametop_000399_r020.0_pos,20.0,640.0,58.2,12.0,12.0,3,0,1
frametop,frametop_000400_r020.0_pos,20.0,640.0,58.2,12.0,12.0,3,0,1
frametop,frametop_000401_r020.0_pos,20.0,640.0,58.2,12.0,12.0,3,0,1
frametop,frametop_000402_r020.0_pos,20.0,640.0,58.2,12.0,12.0,3,0,1
frametop,frametop_000403_r020.0_pos,20.0,640.0,58.2,12.0,12.0,3,0,1
frametop,frametop_000404_r020.0_pos,20.0,640.0,58.2,12.0,12.0,3,0,1
frametop,frametop_000405_r020.0_pos,20.0,640.0,58.2,12.0,12.0,3,0,1
frametop,frametop_000406_r020.0_pos,20.0,640.0,58.2,12.0,12.0,3,0,1
frametop,frametop_000407_r020.0_pos,20.0,640.0,58.2,12.0,12.0,3,0,1
frametop,frametop_000408_r020.0_pos,20.0,640.0,58.2,12.0,12.0,3,0,1
frametop,frametop_000409_r020.0_pos,20.0,640.0,58.2,12.0,12.0,3,0,1
frametop,frametop_000410_r020.0_pos,20.0,640.0,58.2,12.0,12.0,3,0,1
frametop,frametop_000411_r020.0_pos,20.0,640.0,58.2,12.0,12.0,3,0,1
frametop,frametop_000412_r020.0_pos,20.0,640.0,58.2,12.0,12.0,3,0,1
frametop,frametop_000413_r020.0_pos,20.0,640.0,58.2,12.0,12.0,3,0,1
frametop,frametop_000414_r020.0_pos,20.0,640.0,58.2,12.0,12.0,3,0,1
frametop,frametop_000415_r020.0_pos,20.0,640.0,58.2,12.0,12.0,3,0,1
frametop,frametop_000416_r020.0_pos,20.0,640.0,58.2,12.0,12.0,3,0,1
frametop,frametop_000417_r020.0_pos,20.0,640.0,58.2,12.0,12.0,3,0,1
frametop,frametop_000418_r020.0_pos,20.0,640.0,58.2,12.0,12.0,3,0,1
frametop,frametop_000419_r020.0_pos,20.0,640.0,58.2,12.0,12.0,3,0,1
frametop,frametop_000420_r020.0_pos,20.0,640.0,58.2,12.0,12.0,3,0,1
frametop,frametop_000421_r020.0_pos,20.0,640.0,58.2,12.0,12.0,3,0,1
frametop,frametop_000422_r020.0_pos,20.0,640.0,58.2,12.0,12.0,3,0,1
frametop,frametop_000423_r020.0_pos,20.0,640.0,58.2,12.0,12.0,3,0,1
frametop,frametop_000424_r020.0_pos,20.0,640.0,58.2,12.0,12.0,3,0,1
frametop,frametop_000425_r020.0_pos,20.0,640.0,58.2,12.0,12.0,3,0,1
frametop,frametop_000426_r020.0_pos,20.0,640.0,58.2,12.0,12.0,3,0,1
frametop,frametop_000427_r020.0_pos,20.0,640.0,58.2,12.0,12.0,3,0,1
frametop,frametop_000428_r020.0_pos,20.0,640.0,58.2,12.0,12.0,3,0,1
frametop,frametop_000429_r020.0_pos,20.0,640.0,58.2,12.0,12.0,3,0,1
frametop,frametop_000430_r020.0_pos,20.0,640.0,58.2,12.0,12.0,3,0,1
frametop,frametop_000431_r020.0_pos,20.0,640.0,58.2,12.0,12.0,3,0,1
frametop,frametop_000432_r020.0_pos,20.0,640.0,58.2,12.0,12.0,3,0,1
frametop,frametop_000433_r020.0_pos,20.0,640.0,58.2,12.0,12.0,3,0,1
frametop,frametop_000434_r020.0_pos,20.0,640.0,58.2,12.0,12.0,3,0,1
frametop,frametop_000435_r020.0_pos,20.0,640.0,58.2,12.0,12.0,3,0,1
frametop,frametop_000436_r025.0_pos,25.0,640.0,58.2,9.6,9.6,2,0,1
frametop,frametop_000437_r025.0_pos,25.0,640.0,58.2,9.6,9.6,2,0,1
frametop,frametop_000438_r025.0_pos,25.0,640.0,58.2,9.6,9.6,2,0,1
frametop,frametop_000439_r025.0_pos,25.0,640.0,58.2,9.6,9.6,2,0,1
frametop,frametop_000440_r025.0_pos,25.0,640.0,58.2,9.6,9.6,2,0,1
frametop,frametop_000441_r025.0_pos,25.0,640.0,58.2,9.6,9.6,2,0,1
frametop,frametop_000442_r025.0_pos,25.0,640.0,58.2,9.6,9.6,2,0,1
frametop,frametop_000443_r025.0_pos,25.0,640.0,58.2,9.6,9.6,2,0,1
frametop,frametop_000444_r025.0_pos,25.0,640.0,58.2,9.6,9.6,2,0,1
frametop,frametop_000445_r025.0_pos,25.0,640.0,58.2,9.6,9.6,2,0,1
frametop,frametop_000446_r025.0_pos,25.0,640.0,58.2,9.6,9.6,2,0,1
frametop,frametop_000447_r025.0_pos,25.0,640.0,58.2,9.6,9.6,2,0,1
frametop,frametop_000448_r025.0_pos,25.0,640.0,58.2,9.6,9.6,2,0,1
frametop,frametop_000449_r025.0_pos,25.0,640.0,58.2,9.6,9.6,2,0,1
frametop,frametop_000450_r025.0_pos,25.0,640.0,58.2,9.6,9.6,2,0,1
frametop,frametop_000451_r025.0_pos,25.0,640.0,58.2,9.6,9.6,2,0,1
frametop,frametop_000452_r025.0_pos,25.0,640.0,58.2,9.6,9.6,2,0,1
frametop,frametop_000453_r025.0_pos,25.0,640.0,58.2,9.6,9.6,2,0,1
frametop,frametop_000454_r025.0_pos,25.0,640.0,58.2,9.6,9.6,2,0,1
frametop,frametop_000455_r025.0_pos,25.0,640.0,58.2,9.6,9.6,2,0,1
frametop,frametop_000456_r025.0_pos,25.0,640.0,58.2,9.6,9.6,2,0,1
frametop,frametop_000457_r025.0_pos,25.0,640.0,58.2,9.6,9.6,2,0,1
frametop,frametop_000458_r025.0_pos,25.0,640.0,58.2,9.6,9.6,2,0,1
frametop,frametop_000459_r025.0_pos,25.0,640.0,58.2,9.6,9.6,2,0,1
frametop,frametop_000460_r025.0_pos,25.0,640.0,58.2,9.6,9.6,2,0,1
frametop,frametop_000461_r025.0_pos,25.0,640.0,58.2,9.6,9.6,2,0,1
frametop,frametop_000462_r025.0_pos,25.0,640.0,58.2,9.6,9.6,2,0,1
frametop,frametop_000463_r025.0_pos,25.0,640.0,58.2,9.6,9.6,2,0,1
frametop,frametop_000464_r025.0_pos,25.0,640.0,58.2,9.6,9.6,2,0,1
frametop,frametop_000465_r025.0_pos,25.0,640.0,58.2,9.6,9.6,2,0,1
frametop,frametop_000466_r025.0_pos,25.0,640.0,58.2,9.6,9.6,2,0,1
frametop,frametop_000467_r025.0_pos,25.0,640.0,58.2,9.6,9.6,2,0,1
frametop,frametop_000468_r025.0_pos,25.0,640.0,58.2,9.6,9.6,2,0,1
frametop,frametop_000469_r025.0_pos,25.0,640.0,58.2,9.6,9.6,2,0,1
frametop,frametop_000470_r025.0_pos,25.0,640.0,58.2,9.6,9.6,2,0,1
frametop,frametop_000471_r025.0_pos,25.0,640.0,58.2,9.6,9.6,2,0,1
frametop,frametop_000472_r025.0_pos,25.0,640.0,58.2,9.6,9.6,2,0,1
frametop,frametop_000473_r025.0_pos,25.0,640.0,58.2,9.6,9.6,2,0,1
frametop,frametop_000474_r025.0_pos,25.0,640.0,58.2,9.6,9.6,2,0,1
frametop,frametop_000475_r025.0_pos,25.0,640.0,58.2,9.6,9.6,2,0,1
frametop,frametop_000476_r025.0_pos,25.0,640.0,58.2,9.6,9.6,2,0,1
frametop,frametop_000477_r025.0_pos,25.0,640.0,58.2,9.6,9.6,2,0,1
frametop,frametop_000478_r025.0_pos,25.0,640.0,58.2,9.6,9.6,2,0,1
frametop,frametop_000479_r025.0_pos,25.0,640.0,58.2,9.6,9.6,2,0,1
frametop,frametop_000480_r025.0_pos,25.0,640.0,58.2,9.6,9.6,2,0,1
frametop,frametop_000481_r025.0_pos,25.0,640.0,58.2,9.6,9.6,2,0,1
frametop,frametop_000482_r025.0_pos,25.0,640.0,58.2,9.6,9.6,2,0,1
frametop,frametop_000483_r025.0_pos,25.0,640.0,58.2,9.6,9.6,2,0,1
frametop,frametop_000484_r025.0_pos,25.0,640.0,58.2,9.6,9.6,2,0,1
frametop,frametop_000485_r025.0_pos,25.0,640.0,58.2,9.6,9.6,2,0,1
frametop,frametop_000486_r025.0_pos,25.0,640.0,58.2,9.6,9.6,2,0,1
frametop,frametop_000487_r025.0_pos,25.0,640.0,58.2,9.6,9.6,2,0,1
frametop,frametop_000488_r025.0_pos,25.0,640.0,58.2,9.6,9.6,2,0,1
frametop,frametop_000489_r025.0_pos,25.0,640.0,58.2,9.6,9.6,2,0,1
frametop,frametop_000490_r025.0_pos,25.0,640.0,58.2,9.6,9.6,2,0,1
frametop,frametop_000491_r025.0_pos,25.0,640.0,58.2,9.6,9.6,2,0,1
frametop,frametop_000492_r025.0_pos,25.0,640.0,58.2,9.6,9.6,2,0,1
frametop,frametop_000493_r025.0_pos,25.0,640.0,58.2,9.6,9.6,2,0,1
frametop,frametop_000494_r025.0_pos,25.0,640.0,58.2,9.6,9.6,2,0,1
frametop,frametop_000495_r025.0_pos,25.0,640.0,58.2,9.6,9.6,2,0,1
frametop,frametop_000496_r025.0_pos,25.0,640.0,58.2,9.6,9.6,2,0,1
frametop,frametop_000497_r025.0_pos,25.0,640.0,58.2,9.6,9.6,2,0,1
frametop,frametop_000498_r025.0_pos,25.0,640.0,58.2,9.6,9.6,2,0,1
frametop,frametop_000499_r025.0_pos,25.0,640.0,58.2,9.6,9.6,2,0,1
frametop,frametop_000500_r025.0_pos,25.0,640.0,58.2,9.6,9.6,2,0,1
frametop,frametop_000501_r025.0_pos,25.0,640.0,58.2,9.6,9.6,2,0,1
frametop,frametop_000502_r025.0_pos,25.0,640.0,58.2,9.6,9.6,2,0,1
frametop,frametop_000503_r025.0_pos,25.0,640.0,58.2,9.6,9.6,2,0,1
frametop,frametop_000504_r025.0_pos,25.0,640.0,58.2,9.6,9.6,2,0,1
frametop,frametop_000505_r025.0_pos,25.0,640.0,58.2,9.6,9.6,2,0,1
frametop,frametop_000506_r025.0_pos,25.0,640.0,58.2,9.6,9.6,2,0,1
frametop,frametop_000507_r025.0_pos,25.0,640.0,58.2,9.6,9.6,2,0,1
frametop,frametop_000508_r025.0_pos,25.0,640.0,58.2,9.6,9.6,2,0,1
frametop,frametop_000509_r025.0_pos,25.0,640.0,58.2,9.6,9.6,2,0,1
frametop,frametop_000510_r025.0_pos,25.0,640.0,58.2,9.6,9.6,2,0,1
frametop,frametop_000511_r025.0_pos,25.0,640.0,58.2,9.6,9.6,2,0,1
frametop,frametop_000512_r025.0_pos,25.0,640.0,58.2,9.6,9.6,2,0,1
frametop,frametop_000513_r025.0_pos,25.0,640.0,58.2,9.6,9.6,2,0,1
frametop,frametop_000514_r025.0_pos,25.0,640.0,58.2,9.6,9.6,2,0,1
frametop,frametop_000515_r025.0_pos,25.0,640.0,58.2,9.6,9.6,2,0,1
frametop,frametop_000516_r025.0_pos,25.0,640.0,58.2,9.6,9.6,2,0,1
frametop,frametop_000517_r025.0_pos,25.0,640.0,58.2,9.6,9.6,2,0,1
frametop,frametop_000518_r025.0_pos,25.0,640.0,58.2,9.6,9.6,2,0,1
frametop,frametop_000519_r025.0_pos,25.0,640.0,58.2,9.6,9.6,2,0,1
frametop,frametop_000520_r025.0_pos,25.0,640.0,58.2,9.6,9.6,2,0,1
frametop,frametop_000521_r025.0_pos,25.0,640.0,58.2,9.6,9.6,2,0,1
frametop,frametop_000522_r025.0_pos,25.0,640.0,58.2,9.6,9.6,2,0,1
frametop,frametop_000523_r025.0_pos,25.0,640.0,58.2,9.6,9.6,2,0,1
frametop,frametop_000524_r025.0_pos,25.0,640.0,58.2,9.6,9.6,2,0,1
frametop,frametop_000525_r025.0_pos,25.0,640.0,58.2,9.6,9.6,2,0,1
frametop,frametop_000526_r025.0_pos,25.0,640.0,58.2,9.6,9.6,2,0,1
frametop,frametop_000527_r025.0_pos,25.0,640.0,58.2,9.6,9.6,2,0,1
frametop,frametop_000528_r025.0_pos,25.0,640.0,58.2,9.6,9.6,2,0,1
frametop,frametop_000529_r025.0_pos,25.0,640.0,58.2,9.6,9.6,2,0,1
frametop,frametop_000530_r025.0_pos,25.0,640.0,58.2,9.6,9.6,2,0,1
frametop,frametop_000531_r025.0_pos,25.0,640.0,58.2,9.6,9.6,2,0,1
frametop,frametop_000532_r025.0_pos,25.0,640.0,58.2,9.6,9.6,2,0,1
frametop,frametop_000533_r025.0_pos,25.0,640.0,58.2,9.6,9.6,2,0,1
frametop,frametop_000534_r025.0_pos,25.0,640.0,58.2,9.6,9.6,2,0,1
frametop_banked,frametop_banked_000001_r025.0_pos,25.0,640.0,58.2,9.6,9.6,2,0,1
frametop_banked,frametop_banked_000002_r025.0_pos,25.0,640.0,58.2,9.6,9.6,2,0,1
frametop_banked,frametop_banked_000003_r025.0_pos,25.0,640.0,58.2,9.6,9.6,2,0,1
frametop_banked,frametop_banked_000004_r025.0_pos,25.0,640.0,58.2,9.6,9.6,2,0,1
frametop_banked,frametop_banked_000005_r025.0_pos,25.0,640.0,58.2,9.6,9.6,2,0,1
frametop_banked,frametop_banked_000006_r025.0_pos,25.0,640.0,58.2,9.6,9.6,2,0,1
frametop_banked,frametop_banked_000007_r025.0_pos,25.0,640.0,58.2,9.6,9.6,2,0,1
frametop_banked,frametop_banked_000008_r025.0_pos,25.0,640.0,58.2,9.6,9.6,2,0,1
frametop_banked,frametop_banked_000009_r025.0_pos,25.0,640.0,58.2,9.6,9.6,2,0,1
frametop_banked,frametop_banked_000010_r025.0_pos,25.0,640.0,58.2,9.6,9.6,2,0,1
frametop_banked,frametop_banked_000011_r025.0_pos,25.0,640.0,58.2,9.6,9.6,2,0,1
frametop_banked,frametop_banked_000012_r025.0_pos,25.0,640.0,58.2,9.6,9.6,2,0,1
frametop_banked,frametop_banked_000013_r025.0_pos,25.0,640.0,58.2,9.6,9.6,2,0,1
frametop_banked,frametop_banked_000014_r025.0_pos,25.0,640.0,58.2,9.6,9.6,2,0,1
frametop_banked,frametop_banked_000015_r025.0_pos,25.0,640.0,58.2,9.6,9.6,2,0,1
frametop_banked,frametop_banked_000016_r025.0_pos,25.0,640.0,58.2,9.6,9.6,2,0,1
frametop_banked,frametop_banked_000017_r025.0_pos,25.0,640.0,58.2,9.6,9.6,2,0,1
frametop_banked,frametop_banked_000018_r025.0_pos,25.0,640.0,58.2,9.6,9.6,2,0,1
frametop_banked,frametop_banked_000019_r025.0_pos,25.0,640.0,58.2,9.6,9.6,2,0,1
frametop_banked,frametop_banked_000020_r025.0_pos,25.0,640.0,58.2,9.6,9.6,2,0,1
frametop_banked,frametop_banked_000021_r025.0_pos,25.0,640.0,58.2,9.6,9.6,2,0,1
frametop_banked,frametop_banked_000022_r025.0_pos,25.0,640.0,58.2,9.6,9.6,2,0,1
frametop_banked,frametop_banked_000023_r025.0_pos,25.0,640.0,58.2,9.6,9.6,2,0,1
frametop_banked,frametop_banked_000024_r025.0_pos,25.0,640.0,58.2,9.6,9.6,2,0,1
frametop_banked,frametop_banked_000025_r025.0_pos,25.0,640.0,58.2,9.6,9.6,2,0,1
frametop_banked,frametop_banked_000026_r025.0_pos,25.0,640.0,58.2,9.6,9.6,2,0,1
frametop_banked,frametop_banked_000027_r025.0_pos,25.0,640.0,58.2,9.6,9.6,2,0,1
frametop_banked,frametop_banked_000028_r025.0_pos,25.0,640.0,58.2,9.6,9.6,2,0,1
frametop_banked,frametop_banked_000029_r025.0_pos,25.0,640.0,58.2,9.6,9.6,2,0,1
frametop_banked,frametop_banked_000030_r008.0_pos,8.0,640.0,58.2,30.0,30.0,9,0,1
frametop_banked,frametop_banked_000031_r008.0_pos,8.0,640.0,58.2,30.0,30.0,9,0,1
frametop_banked,frametop_banked_000032_r008.0_pos,8.0,640.0,58.2,30.0,30.0,9,0,1
frametop_banked,frametop_banked_000033_r008.0_pos,8.0,640.0,58.2,30.0,30.0,9,0,1
frametop_banked,frametop_banked_000034_r008.0_pos,8.0,640.0,58.2,30.0,30.0,9,0,1
frametop_banked,frametop_banked_000035_r008.0_pos,8.0,640.0,58.2,30.0,30.0,9,0,1
frametop_banked,frametop_banked_000036_r008.0_pos,8.0,640.0,58.2,30.0,30.0,9,0,1
frametop_banked,frametop_banked_000037_r008.0_pos,8.0,640.0,58.2,30.0,30.0,9,0,1
frametop_banked,frametop_banked_000038_r008.0_pos,8.0,640.0,58.2,30.0,30.0,9,0,1
frametop_banked,frametop_banked_000039_r008.0_pos,8.0,640.0,58.2,30.0,30.0,9,0,1
frametop_banked,frametop_banked_000040_r008.0_pos,8.0,640.0,58.2,30.0,30.0,9,0,1
frametop_banked,frametop_banked_000041_r008.0_pos,8.0,640.0,58.2,30.0,30.0,9,0,1
frametop_banked,frametop_banked_000042_r008.0_pos,8.0,640.0,58.2,30.0,30.0,9,0,1
frametop_banked,frametop_banked_000043_r008.0_pos,8.0,640.0,58.2,30.0,30.0,9,0,1
frametop_banked,frametop_banked_000044_r008.0_pos,8.0,640.0,58.2,30.0,30.0,9,0,1
frametop_banked,frametop_banked_000045_r008.0_pos,8.0,640.0,58.2,30.0,30.0,9,0,1
frametop_banked,frametop_banked_000046_r008.0_pos,8.0,640.0,58.2,30.0,30.0,9,0,1
frametop_banked,frametop_banked_000047_r008.0_pos,8.0,640.0,58.2,30.0,30.0,9,0,1
frametop_banked,frametop_banked_000048_r008.0_pos,8.0,640.0,58.2,30.0,30.0,9,0,1
frametop_banked,frametop_banked_000049_r008.0_pos,8.0,640.0,58.2,30.0,30.0,9,0,1
frametop_banked,frametop_banked_000050_r008.0_pos,8.0,640.0,58.2,30.0,30.0,9,0,1
frametop_banked,frametop_banked_000051_r008.0_pos,8.0,640.0,58.2,30.0,30.0,9,0,1
frametop_banked,frametop_banked_000052_r008.0_pos,8.0,640.0,58.2,30.0,30.0,9,0,1
frametop_banked,frametop_banked_000053_r008.0_pos,8.0,640.0,58.2,30.0,30.0,9,0,1
frametop_banked,frametop_banked_000054_r008.0_pos,8.0,640.0,58.2,30.0,30.0,9,0,1
frametop_banked,frametop_banked_000055_r008.0_pos,8.0,640.0,58.2,30.0,30.0,9,0,1
frametop_banked,frametop_banked_000056_r008.0_pos,8.0,640.0,58.2,30.0,30.0,9,0,1
frametop_banked,frametop_banked_000057_r008.0_pos,8.0,640.0,58.2,30.0,30.0,9,0,1
frametop_banked,frametop_banked_000058_r008.0_pos,8.0,640.0,58.2,30.0,30.0,9,0,1
frametop_banked,frametop_banked_000059_r008.0_pos,8.0,640.0,58.2,30.0,30.0,9,0,1
frametop_banked,frametop_banked_000060_r008.0_pos,8.0,640.0,58.2,30.0,30.0,9,0,1
frametop_banked,frametop_banked_000061_r008.0_pos,8.0,640.0,58.2,30.0,30.0,9,0,1
frametop_banked,frametop_banked_000062_r008.0_pos,8.0,640.0,58.2,30.0,30.0,9,0,1
frametop_banked,frametop_banked_000063_r008.0_pos,8.0,640.0,58.2,30.0,30.0,9,0,1
frametop_banked,frametop_banked_000064_r008.0_pos,8.0,640.0,58.2,30.0,30.0,9,0,1
frametop_banked,frametop_banked_000065_r008.0_pos,8.0,640.0,58.2,30.0,30.0,9,0,1
frametop_banked,frametop_banked_000066_r008.0_pos,8.0,640.0,58.2,30.0,30.0,9,0,1
frametop_banked,frametop_banked_000067_r008.0_pos,8.0,640.0,58.2,30.0,30.0,9,0,1
frametop_banked,frametop_banked_000068_r008.0_pos,8.0,640.0,58.2,30.0,30.0,9,0,1
frametop_banked,frametop_banked_000069_r008.0_pos,8.0,640.0,58.2,30.0,30.0,9,0,1
frametop_banked,frametop_banked_000070_r008.0_pos,8.0,640.0,58.2,30.0,30.0,9,0,1
frametop_banked,frametop_banked_000071_r008.0_pos,8.0,640.0,58.2,30.0,30.0,9,0,1
frametop_banked,frametop_banked_000072_r008.0_pos,8.0,640.0,58.2,30.0,30.0,9,0,1
frametop_banked,frametop_banked_000073_r008.0_pos,8.0,640.0,58.2,30.0,30.0,9,0,1
frametop_banked,frametop_banked_000074_r008.0_pos,8.0,640.0,58.2,30.0,30.0,9,0,1
frametop_banked,frametop_banked_000075_r008.0_pos,8.0,640.0,58.2,30.0,30.0,9,0,1
frametop_banked,frametop_banked_000076_r008.0_pos,8.0,640.0,58.2,30.0,30.0,9,0,1
frametop_banked,frametop_banked_000077_r008.0_pos,8.0,640.0,58.2,30.0,30.0,9,0,1
frametop_banked,frametop_banked_000078_r008.0_pos,8.0,640.0,58.2,30.0,30.0,9,0,1
frametop_banked,frametop_banked_000079_r008.0_pos,8.0,640.0,58.2,30.0,30.0,9,0,1
frametop_banked,frametop_banked_000080_r008.0_pos,8.0,640.0,58.2,30.0,30.0,9,0,1
frametop_banked,frametop_banked_000081_r008.0_pos,8.0,640.0,58.2,30.0,30.0,9,0,1
frametop_banked,frametop_banked_000082_r008.0_pos,8.0,640.0,58.2,30.0,30.0,9,0,1
frametop_banked,frametop_banked_000083_r008.0_pos,8.0,640.0,58.2,30.0,30.0,9,0,1
frametop_banked,frametop_banked_000084_r008.0_pos,8.0,640.0,58.2,30.0,30.0,9,0,1
frametop_banked,frametop_banked_000085_r008.0_pos,8.0,640.0,58.2,30.0,30.0,9,0,1
frametop_banked,frametop_banked_000086_r008.0_pos,8.0,640.0,58.2,30.0,30.0,9,0,1
frametop_banked,frametop_banked_000087_r008.0_pos,8.0,640.0,58.2,30.0,30.0,9,0,1
frametop_banked,frametop_banked_000088_r008.0_pos,8.0,640.0,58.2,30.0,30.0,9,0,1
frametop_banked,frametop_banked_000089_r008.0_pos,8.0,640.0,58.2,30.0,30.0,9,0,1
frametop_banked,frametop_banked_000090_r008.0_pos,8.0,640.0,58.2,30.0,30.0,9,0,1
frametop_banked,frametop_banked_000091_r008.0_pos,8.0,640.0,58.2,30.0,30.0,9,0,1
frametop_banked,frametop_banked_000092_r008.0_pos,8.0,640.0,58.2,30.0,30.0,9,0,1
frametop_banked,frametop_banked_000093_r008.0_pos,8.0,640.0,58.2,30.0,30.0,9,0,1
frametop_banked,frametop_banked_000094_r008.0_pos,8.0,640.0,58.2,30.0,30.0,9,0,1
frametop_banked,frametop_banked_000095_r008.0_pos,8.0,640.0,58.2,30.0,30.0,9,0,1
frametop_banked,frametop_banked_000096_r008.0_pos,8.0,640.0,58.2,30.0,30.0,9,0,1
frametop_banked,frametop_banked_000097_r008.0_pos,8.0,640.0,58.2,30.0,30.0,9,0,1
frametop_banked,frametop_banked_000098_r008.0_pos,8.0,640.0,58.2,30.0,30.0,9,0,1
frametop_banked,frametop_banked_000099_r008.0_pos,8.0,640.0,58.2,30.0,30.0,9,0,1
frametop_banked,frametop_banked_000100_r008.0_pos,8.0,640.0,58.2,30.0,30.0,9,0,1
frametop_banked,frametop_banked_000101_r008.0_pos,8.0,640.0,58.2,30.0,30.0,9,0,1
frametop_banked,frametop_banked_000102_r008.0_pos,8.0,640.0,58.2,30.0,30.0,9,0,1
frametop_banked,frametop_banked_000103_r008.0_pos,8.0,640.0,58.2,30.0,30.0,9,0,1
frametop_banked,frametop_banked_000104_r008.0_pos,8.0,640.0,58.2,30.0,30.0,9,0,1
frametop_banked,frametop_banked_000105_r008.0_pos,8.0,640.0,58.2,30.0,30.0,9,0,1
frametop_banked,frametop_banked_000106_r008.0_pos,8.0,640.0,58.2,30.0,30.0,9,0,1
frametop_banked,frametop_banked_000107_r008.0_pos,8.0,640.0,58.2,30.0,30.0,9,0,1
frametop_banked,frametop_banked_000108_r008.0_pos,8.0,640.0,58.2,30.0,30.0,9,0,1
frametop_banked,frametop_banked_000109_r008.0_pos,8.0,640.0,58.2,30.0,30.0,9,0,1
frametop_banked,frametop_banked_000110_r008.0_pos,8.0,640.0,58.2,30.0,30.0,9,0,1
frametop_banked,frametop_banked_000111_r008.0_pos,8.0,640.0,58.2,30.0,30.0,9,0,1
frametop_banked,frametop_banked_000112_r008.0_pos,8.0,640.0,58.2,30.0,30.0,9,0,1
frametop_banked,frametop_banked_000113_r008.0_pos,8.0,640.0,58.2,30.0,30.0,9,0,1
frametop_banked,frametop_banked_000114_r008.0_pos,8.0,640.0,58.2,30.0,30.0,9,0,1
frametop_banked,frametop_banked_000115_r008.0_pos,8.0,640.0,58.2,30.0,30.0,9,0,1
frametop_banked,frametop_banked_000116_r008.0_pos,8.0,640.0,58.2,30.0,30.0,9,0,1
frametop_banked,frametop_banked_000117_r008.0_pos,8.0,640.0,58.2,30.0,30.0,9,0,1
frametop_banked,frametop_banked_000118_r008.0_pos,8.0,640.0,58.2,30.0,30.0,9,0,1
frametop_banked,frametop_banked_000119_r008.0_pos,8.0,640.0,58.2,30.0,30.0,9,0,1
frametop_banked,frametop_banked_000120_r008.0_pos,8.0,640.0,58.2,30.0,30.0,9,0,1
frametop_banked,frametop_banked_000121_r008.0_pos,8.0,640.0,58.2,30.0,30.0,9,0,1
frametop_banked,frametop_banked_000122_r008.0_pos,8.0,640.0,58.2,30.0,30.0,9,0,1
frametop_banked,frametop_banked_000123_r008.0_pos,8.0,640.0,58.2,30.0,30.0,9,0,1
frametop_banked,frametop_banked_000124_r008.0_pos,8.0,640.0,58.2,30.0,30.0,9,0,1
frametop_banked,frametop_banked_000125_r008.0_pos,8.0,640.0,58.2,30.0,30.0,9,0,1
frametop_banked,frametop_banked_000126_r008.0_pos,8.0,640.0,58.2,30.0,30.0,9,0,1
frametop_banked,frametop_banked_000127_r008.0_pos,8.0,640.0,58.2,30.0,30.0,9,0,1
frametop_banked,frametop_banked_000128_r008.0_pos,8.0,640.0,58.2,30.0,30.0,9,0,1
frametop_banked,frametop_banked_000129_r008.0_pos,8.0,640.0,58.2,30.0,30.0,9,0,1
frametop_banked,frametop_banked_000130_r008.0_pos,8.0,640.0,58.2,30.0,30.0,9,0,1
frametop_banked,frametop_banked_000131_r008.0_pos,8.0,640.0,58.2,30.0,30.0,9,0,1
frametop_banked,frametop_banked_000132_r012.0_pos,12.0,640.0,58.2,20.0,20.0,9,0,1
frametop_banked,frametop_banked_000133_r012.0_pos,12.0,640.0,58.2,20.0,20.0,9,0,1
frametop_banked,frametop_banked_000134_r012.0_pos,12.0,640.0,58.2,20.0,20.0,9,0,1
frametop_banked,frametop_banked_000135_r012.0_pos,12.0,640.0,58.2,20.0,20.0,9,0,1
frametop_banked,frametop_banked_000136_r012.0_pos,12.0,640.0,58.2,20.0,20.0,9,0,1
frametop_banked,frametop_banked_000137_r012.0_pos,12.0,640.0,58.2,20.0,20.0,9,0,1
frametop_banked,frametop_banked_000138_r012.0_pos,12.0,640.0,58.2,20.0,20.0,9,0,1
frametop_banked,frametop_banked_000139_r012.0_pos,12.0,640.0,58.2,20.0,20.0,9,0,1
frametop_banked,frametop_banked_000140_r012.0_pos,12.0,640.0,58.2,20.0,20.0,9,0,1
frametop_banked,frametop_banked_000141_r012.0_pos,12.0,640.0,58.2,20.0,20.0,9,0,1
frametop_banked,frametop_banked_000142_r012.0_pos,12.0,640.0,58.2,20.0,20.0,9,0,1
frametop_banked,frametop_banked_000143_r012.0_pos,12.0,640.0,58.2,20.0,20.0,9,0,1
frametop_banked,frametop_banked_000144_r012.0_pos,12.0,640.0,58.2,20.0,20.0,9,0,1
frametop_banked,frametop_banked_000145_r012.0_pos,12.0,640.0,58.2,20.0,20.0,9,0,1
frametop_banked,frametop_banked_000146_r012.0_pos,12.0,640.0,58.2,20.0,20.0,9,0,1
frametop_banked,frametop_banked_000147_r012.0_pos,12.0,640.0,58.2,20.0,20.0,9,0,1
frametop_banked,frametop_banked_000148_r012.0_pos,12.0,640.0,58.2,20.0,20.0,9,0,1
frametop_banked,frametop_banked_000149_r012.0_pos,12.0,640.0,58.2,20.0,20.0,9,0,1
frametop_banked,frametop_banked_000150_r012.0_pos,12.0,640.0,58.2,20.0,20.0,9,0,1
frametop_banked,frametop_banked_000151_r012.0_pos,12.0,640.0,58.2,20.0,20.0,9,0,1
frametop_banked,frametop_banked_000152_r012.0_pos,12.0,640.0,58.2,20.0,20.0,9,0,1
frametop_banked,frametop_banked_000153_r012.0_pos,12.0,640.0,58.2,20.0,20.0,9,0,1
frametop_banked,frametop_banked_000154_r012.0_pos,12.0,640.0,58.2,20.0,20.0,9,0,1
frametop_banked,frametop_banked_000155_r012.0_pos,12.0,640.0,58.2,20.0,20.0,9,0,1
frametop_banked,frametop_banked_000156_r012.0_pos,12.0,640.0,58.2,20.0,20.0,9,0,1
frametop_banked,frametop_banked_000157_r012.0_pos,12.0,640.0,58.2,20.0,20.0,9,0,1
frametop_banked,frametop_banked_000158_r012.0_pos,12.0,640.0,58.2,20.0,20.0,9,0,1
frametop_banked,frametop_banked_000159_r012.0_pos,12.0,640.0,58.2,20.0,20.0,9,0,1
frametop_banked,frametop_banked_000160_r012.0_pos,12.0,640.0,58.2,20.0,20.0,9,0,1
frametop_banked,frametop_banked_000161_r012.0_pos,12.0,640.0,58.2,20.0,20.0,9,0,1
frametop_banked,frametop_banked_000162_r012.0_pos,12.0,640.0,58.2,20.0,20.0,9,0,1
frametop_banked,frametop_banked_000163_r012.0_pos,12.0,640.0,58.2,20.0,20.0,9,0,1
frametop_banked,frametop_banked_000164_r012.0_pos,12.0,640.0,58.2,20.0,20.0,9,0,1
frametop_banked,frametop_banked_000165_r012.0_pos,12.0,640.0,58.2,20.0,20.0,9,0,1
frametop_banked,frametop_banked_000166_r012.0_pos,12.0,640.0,58.2,20.0,20.0,9,0,1
frametop_banked,frametop_banked_000167_r012.0_pos,12.0,640.0,58.2,20.0,20.0,9,0,1
frametop_banked,frametop_banked_000168_r012.0_pos,12.0,640.0,58.2,20.0,20.0,9,0,1
frametop_banked,frametop_banked_000169_r012.0_pos,12.0,640.0,58.2,20.0,20.0,9,0,1
frametop_banked,frametop_banked_000170_r012.0_pos,12.0,640.0,58.2,20.0,20.0,9,0,1
frametop_banked,frametop_banked_000171_r012.0_pos,12.0,640.0,58.2,20.0,20.0,9,0,1
frametop_banked,frametop_banked_000172_r012.0_pos,12.0,640.0,58.2,20.0,20.0,9,0,1
frametop_banked,frametop_banked_000173_r012.0_pos,12.0,640.0,58.2,20.0,20.0,9,0,1
frametop_banked,frametop_banked_000174_r012.0_pos,12.0,640.0,58.2,20.0,20.0,9,0,1
frametop_banked,frametop_banked_000175_r012.0_pos,12.0,640.0,58.2,20.0,20.0,9,0,1
frametop_banked,frametop_banked_000176_r012.0_pos,12.0,640.0,58.2,20.0,20.0,9,0,1
frametop_banked,frametop_banked_000177_r012.0_pos,12.0,640.0,58.2,20.0,20.0,9,0,1
frametop_banked,frametop_banked_000178_r012.0_pos,12.0,640.0,58.2,20.0,20.0,9,0,1
frametop_banked,frametop_banked_000179_r012.0_pos,12.0,640.0,58.2,20.0,20.0,9,0,1
frametop_banked,frametop_banked_000180_r012.0_pos,12.0,640.0,58.2,20.0,20.0,9,0,1
frametop_banked,frametop_banked_000181_r012.0_pos,12.0,640.0,58.2,20.0,20.0,9,0,1
frametop_banked,frametop_banked_000182_r012.0_pos,12.0,640.0,58.2,20.0,20.0,9,0,1
frametop_banked,frametop_banked_000183_r012.0_pos,12.0,640.0,58.2,20.0,20.0,9,0,1
frametop_banked,frametop_banked_000184_r012.0_pos,12.0,640.0,58.2,20.0,20.0,9,0,1
frametop_banked,frametop_banked_000185_r012.0_pos,12.0,640.0,58.2,20.0,20.0,9,0,1
frametop_banked,frametop_banked_000186_r012.0_pos,12.0,640.0,58.2,20.0,20.0,9,0,1
frametop_banked,frametop_banked_000187_r012.0_pos,12.0,640.0,58.2,20.0,20.0,9,0,1
frametop_banked,frametop_banked_000188_r012.0_pos,12.0,640.0,58.2,20.0,20.0,9,0,1
frametop_banked,frametop_banked_000189_r012.0_pos,12.0,640.0,58.2,20.0,20.0,9,0,1
frametop_banked,frametop_banked_000190_r012.0_pos,12.0,640.0,58.2,20.0,20.0,9,0,1
frametop_banked,frametop_banked_000191_r012.0_pos,12.0,640.0,58.2,20.0,20.0,9,0,1
frametop_banked,frametop_banked_000192_r012.0_pos,12.0,640.0,58.2,20.0,20.0,9,0,1
frametop_banked,frametop_banked_000193_r012.0_pos,12.0,640.0,58.2,20.0,20.0,9,0,1
frametop_banked,frametop_banked_000194_r012.0_pos,12.0,640.0,58.2,20.0,20.0,9,0,1
frametop_banked,frametop_banked_000195_r012.0_pos,12.0,640.0,58.2,20.0,20.0,9,0,1
frametop_banked,frametop_banked_000196_r012.0_pos,12.0,640.0,58.2,20.0,20.0,9,0,1
frametop_banked,frametop_banked_000197_r012.0_pos,12.0,640.0,58.2,20.0,20.0,9,0,1
frametop_banked,frametop_banked_000198_r012.0_pos,12.0,640.0,58.2,20.0,20.0,9,0,1
frametop_banked,frametop_banked_000199_r012.0_pos,12.0,640.0,58.2,20.0,20.0,9,0,1
frametop_banked,frametop_banked_000200_r012.0_pos,12.0,640.0,58.2,20.0,20.0,9,0,1
frametop_banked,frametop_banked_000201_r012.0_pos,12.0,640.0,58.2,20.0,20.0,9,0,1
frametop_banked,frametop_banked_000202_r012.0_pos,12.0,640.0,58.2,20.0,20.0,9,0,1
frametop_banked,frametop_banked_000203_r012.0_pos,12.0,640.0,58.2,20.0,20.0,9,0,1
frametop_banked,frametop_banked_000204_r012.0_pos,12.0,640.0,58.2,20.0,20.0,9,0,1
frametop_banked,frametop_banked_000205_r012.0_pos,12.0,640.0,58.2,20.0,20.0,9,0,1
frametop_banked,frametop_banked_000206_r012.0_pos,12.0,640.0,58.2,20.0,20.0,9,0,1
frametop_banked,frametop_banked_000207_r012.0_pos,12.0,640.0,58.2,20.0,20.0,9,0,1
frametop_banked,frametop_banked_000208_r012.0_pos,12.0,640.0,58.2,20.0,20.0,9,0,1
frametop_banked,frametop_banked_000209_r012.0_pos,12.0,640.0,58.2,20.0,20.0,9,0,1
frametop_banked,frametop_banked_000210_r012.0_pos,12.0,640.0,58.2,20.0,20.0,9,0,1
frametop_banked,frametop_banked_000211_r012.0_pos,12.0,640.0,58.2,20.0,20.0,9,0,1
frametop_banked,frametop_banked_000212_r012.0_pos,12.0,640.0,58.2,20.0,20.0,9,0,1
frametop_banked,frametop_banked_000213_r012.0_pos,12.0,640.0,58.2,20.0,20.0,9,0,1
frametop_banked,frametop_banked_000214_r012.0_pos,12.0,640.0,58.2,20.0,20.0,9,0,1
frametop_banked,frametop_banked_000215_r012.0_pos,12.0,640.0,58.2,20.0,20.0,9,0,1
frametop_banked,frametop_banked_000216_r012.0_pos,12.0,640.0,58.2,20.0,20.0,9,0,1
frametop_banked,frametop_banked_000217_r012.0_pos,12.0,640.0,58.2,20.0,20.0,9,0,1
frametop_banked,frametop_banked_000218_r012.0_pos,12.0,640.0,58.2,20.0,20.0,9,0,1
frametop_banked,frametop_banked_000219_r012.0_pos,12.0,640.0,58.2,20.0,20.0,9,0,1
frametop_banked,frametop_banked_000220_r012.0_pos,12.0,640.0,58.2,20.0,20.0,9,0,1
frametop_banked,frametop_banked_000221_r012.0_pos,12.0,640.0,58.2,20.0,20.0,9,0,1
frametop_banked,frametop_banked_000222_r012.0_pos,12.0,640.0,58.2,20.0,20.0,9,0,1
frametop_banked,frametop_banked_000223_r012.0_pos,12.0,640.0,58.2,20.0,20.0,9,0,1
frametop_banked,frametop_banked_000224_r012.0_pos,12.0,640.0,58.2,20.0,20.0,9,0,1
frametop_banked,frametop_banked_000225_r012.0_pos,12.0,640.0,58.2,20.0,20.0,9,0,1
frametop_banked,frametop_banked_000226_r012.0_pos,12.0,640.0,58.2,20.0,20.0,9,0,1
frametop_banked,frametop_banked_000227_r012.0_pos,12.0,640.0,58.2,20.0,20.0,9,0,1
frametop_banked,frametop_banked_000228_r012.0_pos,12.0,640.0,58.2,20.0,20.0,9,0,1
frametop_banked,frametop_banked_000229_r012.0_pos,12.0,640.0,58.2,20.0,20.0,9,0,1
frametop_banked,frametop_banked_000230_r012.0_pos,12.0,640.0,58.2,20.0,20.0,9,0,1
frametop_banked,frametop_banked_000231_r012.0_pos,12.0,640.0,58.2,20.0,20.0,9,0,1
frametop_banked,frametop_banked_000232_r012.0_pos,12.0,640.0,58.2,20.0,20.0,9,0,1
frametop_banked,frametop_banked_000233_r016.0_pos,16.0,640.0,58.2,15.0,15.0,9,0,1
frametop_banked,frametop_banked_000234_r016.0_pos,16.0,640.0,58.2,15.0,15.0,4,0,1
frametop_banked,frametop_banked_000235_r016.0_pos,16.0,640.0,58.2,15.0,15.0,4,0,1
frametop_banked,frametop_banked_000236_r016.0_pos,16.0,640.0,58.2,15.0,15.0,4,0,1
frametop_banked,frametop_banked_000237_r016.0_pos,16.0,640.0,58.2,15.0,15.0,4,0,1
frametop_banked,frametop_banked_000238_r016.0_pos,16.0,640.0,58.2,15.0,15.0,4,0,1
frametop_banked,frametop_banked_000239_r016.0_pos,16.0,640.0,58.2,15.0,15.0,4,0,1
frametop_banked,frametop_banked_000240_r016.0_pos,16.0,640.0,58.2,15.0,15.0,4,0,1
frametop_banked,frametop_banked_000241_r016.0_pos,16.0,640.0,58.2,15.0,15.0,4,0,1
frametop_banked,frametop_banked_000242_r016.0_pos,16.0,640.0,58.2,15.0,15.0,4,0,1
frametop_banked,frametop_banked_000243_r016.0_pos,16.0,640.0,58.2,15.0,15.0,4,0,1
frametop_banked,frametop_banked_000244_r016.0_pos,16.0,640.0,58.2,15.0,15.0,4,0,1
frametop_banked,frametop_banked_000245_r016.0_pos,16.0,640.0,58.2,15.0,15.0,4,0,1
frametop_banked,frametop_banked_000246_r016.0_pos,16.0,640.0,58.2,15.0,15.0,4,0,1
frametop_banked,frametop_banked_000247_r016.0_pos,16.0,640.0,58.2,15.0,15.0,4,0,1
frametop_banked,frametop_banked_000248_r016.0_pos,16.0,640.0,58.2,15.0,15.0,4,0,1
frametop_banked,frametop_banked_000249_r016.0_pos,16.0,640.0,58.2,15.0,15.0,4,0,1
frametop_banked,frametop_banked_000250_r016.0_pos,16.0,640.0,58.2,15.0,15.0,4,0,1
frametop_banked,frametop_banked_000251_r016.0_pos,16.0,640.0,58.2,15.0,15.0,4,0,1
frametop_banked,frametop_banked_000252_r016.0_pos,16.0,640.0,58.2,15.0,15.0,4,0,1
frametop_banked,frametop_banked_000253_r016.0_pos,16.0,640.0,58.2,15.0,15.0,4,0,1
frametop_banked,frametop_banked_000254_r016.0_pos,16.0,640.0,58.2,15.0,15.0,4,0,1
frametop_banked,frametop_banked_000255_r016.0_pos,16.0,640.0,58.2,15.0,15.0,4,0,1
frametop_banked,frametop_banked_000256_r016.0_pos,16.0,640.0,58.2,15.0,15.0,4,0,1
frametop_banked,frametop_banked_000257_r016.0_pos,16.0,640.0,58.2,15.0,15.0,4,0,1
frametop_banked,frametop_banked_000258_r016.0_pos,16.0,640.0,58.2,15.0,15.0,4,0,1
frametop_banked,frametop_banked_000259_r016.0_pos,16.0,640.0,58.2,15.0,15.0,4,0,1
frametop_banked,frametop_banked_000260_r016.0_pos,16.0,640.0,58.2,15.0,15.0,4,0,1
frametop_banked,frametop_banked_000261_r016.0_pos,16.0,640.0,58.2,15.0,15.0,4,0,1
frametop_banked,frametop_banked_000262_r016.0_pos,16.0,640.0,58.2,15.0,15.0,4,0,1
frametop_banked,frametop_banked_000263_r016.0_pos,16.0,640.0,58.2,15.0,15.0,4,0,1
frametop_banked,frametop_banked_000264_r016.0_pos,16.0,640.0,58.2,15.0,15.0,4,0,1
frametop_banked,frametop_banked_000265_r016.0_pos,16.0,640.0,58.2,15.0,15.0,4,0,1
frametop_banked,frametop_banked_000266_r016.0_pos,16.0,640.0,58.2,15.0,15.0,4,0,1
frametop_banked,frametop_banked_000267_r016.0_pos,16.0,640.0,58.2,15.0,15.0,4,0,1
frametop_banked,frametop_banked_000268_r016.0_pos,16.0,640.0,58.2,15.0,15.0,4,0,1
frametop_banked,frametop_banked_000269_r016.0_pos,16.0,640.0,58.2,15.0,15.0,4,0,1
frametop_banked,frametop_banked_000270_r016.0_pos,16.0,640.0,58.2,15.0,15.0,4,0,1
frametop_banked,frametop_banked_000271_r016.0_pos,16.0,640.0,58.2,15.0,15.0,4,0,1
frametop_banked,frametop_banked_000272_r016.0_pos,16.0,640.0,58.2,15.0,15.0,4,0,1
frametop_banked,frametop_banked_000273_r016.0_pos,16.0,640.0,58.2,15.0,15.0,4,0,1
frametop_banked,frametop_banked_000274_r016.0_pos,16.0,640.0,58.2,15.0,15.0,4,0,1
frametop_banked,frametop_banked_000275_r016.0_pos,16.0,640.0,58.2,15.0,15.0,4,0,1
frametop_banked,frametop_banked_000276_r016.0_pos,16.0,640.0,58.2,15.0,15.0,4,0,1
frametop_banked,frametop_banked_000277_r016.0_pos,16.0,640.0,58.2,15.0,15.0,4,0,1
frametop_banked,frametop_banked_000278_r016.0_pos,16.0,640.0,58.2,15.0,15.0,4,0,1
frametop_banked,frametop_banked_000279_r016.0_pos,16.0,640.0,58.2,15.0,15.0,4,0,1
frametop_banked,frametop_banked_000280_r016.0_pos,16.0,640.0,58.2,15.0,15.0,4,0,1
frametop_banked,frametop_banked_000281_r016.0_pos,16.0,640.0,58.2,15.0,15.0,4,0,1
frametop_banked,frametop_banked_000282_r016.0_pos,16.0,640.0,58.2,15.0,15.0,4,0,1
frametop_banked,frametop_banked_000283_r016.0_pos,16.0,640.0,58.2,15.0,15.0,4,0,1
frametop_banked,frametop_banked_000284_r016.0_pos,16.0,640.0,58.2,15.0,15.0,4,0,1
frametop_banked,frametop_banked_000285_r016.0_pos,16.0,640.0,58.2,15.0,15.0,4,0,1
frametop_banked,frametop_banked_000286_r016.0_pos,16.0,640.0,58.2,15.0,15.0,4,0,1
frametop_banked,frametop_banked_000287_r016.0_pos,16.0,640.0,58.2,15.0,15.0,4,0,1
frametop_banked,frametop_banked_000288_r016.0_pos,16.0,640.0,58.2,15.0,15.0,4,0,1
frametop_banked,frametop_banked_000289_r016.0_pos,16.0,640.0,58.2,15.0,15.0,4,0,1
frametop_banked,frametop_banked_000290_r016.0_pos,16.0,640.0,58.2,15.0,15.0,4,0,1
frametop_banked,frametop_banked_000291_r016.0_pos,16.0,640.0,58.2,15.0,15.0,4,0,1
frametop_banked,frametop_banked_000292_r016.0_pos,16.0,640.0,58.2,15.0,15.0,4,0,1
frametop_banked,frametop_banked_000293_r016.0_pos,16.0,640.0,58.2,15.0,15.0,4,0,1
frametop_banked,frametop_banked_000294_r016.0_pos,16.0,640.0,58.2,15.0,15.0,4,0,1
frametop_banked,frametop_banked_000295_r016.0_pos,16.0,640.0,58.2,15.0,15.0,4,0,1
frametop_banked,frametop_banked_000296_r016.0_pos,16.0,640.0,58.2,15.0,15.0,4,0,1
frametop_banked,frametop_banked_000297_r016.0_pos,16.0,640.0,58.2,15.0,15.0,4,0,1
frametop_banked,frametop_banked_000298_r016.0_pos,16.0,640.0,58.2,15.0,15.0,4,0,1
frametop_banked,frametop_banked_000299_r016.0_pos,16.0,640.0,58.2,15.0,15.0,4,0,1
frametop_banked,frametop_banked_000300_r016.0_pos,16.0,640.0,58.2,15.0,15.0,4,0,1
frametop_banked,frametop_banked_000301_r016.0_pos,16.0,640.0,58.2,15.0,15.0,4,0,1
frametop_banked,frametop_banked_000302_r016.0_pos,16.0,640.0,58.2,15.0,15.0,4,0,1
frametop_banked,frametop_banked_000303_r016.0_pos,16.0,640.0,58.2,15.0,15.0,4,0,1
frametop_banked,frametop_banked_000304_r016.0_pos,16.0,640.0,58.2,15.0,15.0,4,0,1
frametop_banked,frametop_banked_000305_r016.0_pos,16.0,640.0,58.2,15.0,15.0,4,0,1
frametop_banked,frametop_banked_000306_r016.0_pos,16.0,640.0,58.2,15.0,15.0,4,0,1
frametop_banked,frametop_banked_000307_r016.0_pos,16.0,640.0,58.2,15.0,15.0,4,0,1
frametop_banked,frametop_banked_000308_r016.0_pos,16.0,640.0,58.2,15.0,15.0,4,0,1
frametop_banked,frametop_banked_000309_r016.0_pos,16.0,640.0,58.2,15.0,15.0,4,0,1
frametop_banked,frametop_banked_000310_r016.0_pos,16.0,640.0,58.2,15.0,15.0,4,0,1
frametop_banked,frametop_banked_000311_r016.0_pos,16.0,640.0,58.2,15.0,15.0,4,0,1
frametop_banked,frametop_banked_000312_r016.0_pos,16.0,640.0,58.2,15.0,15.0,4,0,1
frametop_banked,frametop_banked_000313_r016.0_pos,16.0,640.0,58.2,15.0,15.0,4,0,1
frametop_banked,frametop_banked_000314_r016.0_pos,16.0,640.0,58.2,15.0,15.0,4,0,1
frametop_banked,frametop_banked_000315_r016.0_pos,16.0,640.0,58.2,15.0,15.0,4,0,1
frametop_banked,frametop_banked_000316_r016.0_pos,16.0,640.0,58.2,15.0,15.0,4,0,1
frametop_banked,frametop_banked_000317_r016.0_pos,16.0,640.0,58.2,15.0,15.0,4,0,1
frametop_banked,frametop_banked_000318_r016.0_pos,16.0,640.0,58.2,15.0,15.0,4,0,1
frametop_banked,frametop_banked_000319_r016.0_pos,16.0,640.0,58.2,15.0,15.0,4,0,1
frametop_banked,frametop_banked_000320_r016.0_pos,16.0,640.0,58.2,15.0,15.0,4,0,1
frametop_banked,frametop_banked_000321_r016.0_pos,16.0,640.0,58.2,15.0,15.0,4,0,1
frametop_banked,frametop_banked_000322_r016.0_pos,16.0,640.0,58.2,15.0,15.0,4,0,1
frametop_banked,frametop_banked_000323_r016.0_pos,16.0,640.0,58.2,15.0,15.0,4,0,1
frametop_banked,frametop_banked_000324_r016.0_pos,16.0,640.0,58.2,15.0,15.0,4,0,1
frametop_banked,frametop_banked_000325_r016.0_pos,16.0,640.0,58.2,15.0,15.0,4,0,1
frametop_banked,frametop_banked_000326_r016.0_pos,16.0,640.0,58.2,15.0,15.0,4,0,1
frametop_banked,frametop_banked_000327_r016.0_pos,16.0,640.0,58.2,15.0,15.0,4,0,1
frametop_banked,frametop_banked_000328_r016.0_pos,16.0,640.0,58.2,15.0,15.0,4,0,1
frametop_banked,frametop_banked_000329_r016.0_pos,16.0,640.0,58.2,15.0,15.0,4,0,1
frametop_banked,frametop_banked_000330_r016.0_pos,16.0,640.0,58.2,15.0,15.0,4,0,1
frametop_banked,frametop_banked_000331_r016.0_pos,16.0,640.0,58.2,15.0,15.0,4,0,1
frametop_banked,frametop_banked_000332_r016.0_pos,16.0,640.0,58.2,15.0,15.0,4,0,1
frametop_banked,frametop_banked_000333_r016.0_pos,16.0,640.0,58.2,15.0,15.0,4,0,1
frametop_banked,frametop_banked_000334_r020.0_pos,20.0,640.0,58.2,12.0,12.0,3,0,1
frametop_banked,frametop_banked_000335_r020.0_pos,20.0,640.0,58.2,12.0,12.0,3,0,1
frametop_banked,frametop_banked_000336_r020.0_pos,20.0,640.0,58.2,12.0,12.0,3,0,1
frametop_banked,frametop_banked_000337_r020.0_pos,20.0,640.0,58.2,12.0,12.0,3,0,1
frametop_banked,frametop_banked_000338_r020.0_pos,20.0,640.0,58.2,12.0,12.0,3,0,1
frametop_banked,frametop_banked_000339_r020.0_pos,20.0,640.0,58.2,12.0,12.0,3,0,1
frametop_banked,frametop_banked_000340_r020.0_pos,20.0,640.0,58.2,12.0,12.0,3,0,1
frametop_banked,frametop_banked_000341_r020.0_pos,20.0,640.0,58.2,12.0,12.0,3,0,1
frametop_banked,frametop_banked_000342_r020.0_pos,20.0,640.0,58.2,12.0,12.0,3,0,1
frametop_banked,frametop_banked_000343_r020.0_pos,20.0,640.0,58.2,12.0,12.0,3,0,1
frametop_banked,frametop_banked_000344_r020.0_pos,20.0,640.0,58.2,12.0,12.0,3,0,1
frametop_banked,frametop_banked_000345_r020.0_pos,20.0,640.0,58.2,12.0,12.0,3,0,1
frametop_banked,frametop_banked_000346_r020.0_pos,20.0,640.0,58.2,12.0,12.0,3,0,1
frametop_banked,frametop_banked_000347_r020.0_pos,20.0,640.0,58.2,12.0,12.0,3,0,1
frametop_banked,frametop_banked_000348_r020.0_pos,20.0,640.0,58.2,12.0,12.0,3,0,1
frametop_banked,frametop_banked_000349_r020.0_pos,20.0,640.0,58.2,12.0,12.0,3,0,1
frametop_banked,frametop_banked_000350_r020.0_pos,20.0,640.0,58.2,12.0,12.0,3,0,1
frametop_banked,frametop_banked_000351_r020.0_pos,20.0,640.0,58.2,12.0,12.0,3,0,1
frametop_banked,frametop_banked_000352_r020.0_pos,20.0,640.0,58.2,12.0,12.0,3,0,1
frametop_banked,frametop_banked_000353_r020.0_pos,20.0,640.0,58.2,12.0,12.0,3,0,1
frametop_banked,frametop_banked_000354_r020.0_pos,20.0,640.0,58.2,12.0,12.0,3,0,1
frametop_banked,frametop_banked_000355_r020.0_pos,20.0,640.0,58.2,12.0,12.0,3,0,1
frametop_banked,frametop_banked_000356_r020.0_pos,20.0,640.0,58.2,12.0,12.0,3,0,1
frametop_banked,frametop_banked_000357_r020.0_pos,20.0,640.0,58.2,12.0,12.0,3,0,1
frametop_banked,frametop_banked_000358_r020.0_pos,20.0,640.0,58.2,12.0,12.0,3,0,1
frametop_banked,frametop_banked_000359_r020.0_pos,20.0,640.0,58.2,12.0,12.0,3,0,1
frametop_banked,frametop_banked_000360_r020.0_pos,20.0,640.0,58.2,12.0,12.0,3,0,1
frametop_banked,frametop_banked_000361_r020.0_pos,20.0,640.0,58.2,12.0,12.0,3,0,1
frametop_banked,frametop_banked_000362_r020.0_pos,20.0,640.0,58.2,12.0,12.0,3,0,1
frametop_banked,frametop_banked_000363_r020.0_pos,20.0,640.0,58.2,12.0,12.0,3,0,1
frametop_banked,frametop_banked_000364_r020.0_pos,20.0,640.0,58.2,12.0,12.0,3,0,1
frametop_banked,frametop_banked_000365_r020.0_pos,20.0,640.0,58.2,12.0,12.0,3,0,1
frametop_banked,frametop_banked_000366_r020.0_pos,20.0,640.0,58.2,12.0,12.0,3,0,1
frametop_banked,frametop_banked_000367_r020.0_pos,20.0,640.0,58.2,12.0,12.0,3,0,1
frametop_banked,frametop_banked_000368_r020.0_pos,20.0,640.0,58.2,12.0,12.0,3,0,1
frametop_banked,frametop_banked_000369_r020.0_pos,20.0,640.0,58.2,12.0,12.0,3,0,1
frametop_banked,frametop_banked_000370_r020.0_pos,20.0,640.0,58.2,12.0,12.0,3,0,1
frametop_banked,frametop_banked_000371_r020.0_pos,20.0,640.0,58.2,12.0,12.0,3,0,1
frametop_banked,frametop_banked_000372_r020.0_pos,20.0,640.0,58.2,12.0,12.0,3,0,1
frametop_banked,frametop_banked_000373_r020.0_pos,20.0,640.0,58.2,12.0,12.0,3,0,1
frametop_banked,frametop_banked_000374_r020.0_pos,20.0,640.0,58.2,12.0,12.0,3,0,1
frametop_banked,frametop_banked_000375_r020.0_pos,20.0,640.0,58.2,12.0,12.0,3,0,1
frametop_banked,frametop_banked_000376_r020.0_pos,20.0,640.0,58.2,12.0,12.0,3,0,1
frametop_banked,frametop_banked_000377_r020.0_pos,20.0,640.0,58.2,12.0,12.0,3,0,1
frametop_banked,frametop_banked_000378_r020.0_pos,20.0,640.0,58.2,12.0,12.0,3,0,1
frametop_banked,frametop_banked_000379_r020.0_pos,20.0,640.0,58.2,12.0,12.0,3,0,1
frametop_banked,frametop_banked_000380_r020.0_pos,20.0,640.0,58.2,12.0,12.0,3,0,1
frametop_banked,frametop_banked_000381_r020.0_pos,20.0,640.0,58.2,12.0,12.0,3,0,1
frametop_banked,frametop_banked_000382_r020.0_pos,20.0,640.0,58.2,12.0,12.0,3,0,1
frametop_banked,frametop_banked_000383_r020.0_pos,20.0,640.0,58.2,12.0,12.0,3,0,1
frametop_banked,frametop_banked_000384_r020.0_pos,20.0,640.0,58.2,12.0,12.0,3,0,1
frametop_banked,frametop_banked_000385_r020.0_pos,20.0,640.0,58.2,12.0,12.0,3,0,1
frametop_banked,frametop_banked_000386_r020.0_pos,20.0,640.0,58.2,12.0,12.0,3,0,1
frametop_banked,frametop_banked_000387_r020.0_pos,20.0,640.0,58.2,12.0,12.0,3,0,1
frametop_banked,frametop_banked_000388_r020.0_pos,20.0,640.0,58.2,12.0,12.0,3,0,1
frametop_banked,frametop_banked_000389_r020.0_pos,20.0,640.0,58.2,12.0,12.0,3,0,1
frametop_banked,frametop_banked_000390_r020.0_pos,20.0,640.0,58.2,12.0,12.0,3,0,1
frametop_banked,frametop_banked_000391_r020.0_pos,20.0,640.0,58.2,12.0,12.0,3,0,1
frametop_banked,frametop_banked_000392_r020.0_pos,20.0,640.0,58.2,12.0,12.0,3,0,1
frametop_banked,frametop_banked_000393_r020.0_pos,20.0,640.0,58.2,12.0,12.0,3,0,1
frametop_banked,frametop_banked_000394_r020.0_pos,20.0,640.0,58.2,12.0,12.0,3,0,1
frametop_banked,frametop_banked_000395_r020.0_pos,20.0,640.0,58.2,12.0,12.0,3,0,1
frametop_banked,frametop_banked_000396_r020.0_pos,20.0,640.0,58.2,12.0,12.0,3,0,1
frametop_banked,frametop_banked_000397_r020.0_pos,20.0,640.0,58.2,12.0,12.0,3,0,1
frametop_banked,frametop_banked_000398_r020.0_pos,20.0,640.0,58.2,12.0,12.0,3,0,1
frametop_banked,frametop_banked_000399_r020.0_pos,20.0,640.0,58.2,12.0,12.0,3,0,1
frametop_banked,frametop_banked_000400_r020.0_pos,20.0,640.0,58.2,12.0,12.0,3,0,1
frametop_banked,frametop_banked_000401_r020.0_pos,20.0,640.0,58.2,12.0,12.0,3,0,1
frametop_banked,frametop_banked_000402_r020.0_pos,20.0,640.0,58.2,12.0,12.0,3,0,1
frametop_banked,frametop_banked_000403_r020.0_pos,20.0,640.0,58.2,12.0,12.0,3,0,1
frametop_banked,frametop_banked_000404_r020.0_pos,20.0,640.0,58.2,12.0,12.0,3,0,1
frametop_banked,frametop_banked_000405_r020.0_pos,20.0,640.0,58.2,12.0,12.0,3,0,1
frametop_banked,frametop_banked_000406_r020.0_pos,20.0,640.0,58.2,12.0,12.0,3,0,1
frametop_banked,frametop_banked_000407_r020.0_pos,20.0,640.0,58.2,12.0,12.0,3,0,1
frametop_banked,frametop_banked_000408_r020.0_pos,20.0,640.0,58.2,12.0,12.0,3,0,1
frametop_banked,frametop_banked_000409_r020.0_pos,20.0,640.0,58.2,12.0,12.0,3,0,1
frametop_banked,frametop_banked_000410_r020.0_pos,20.0,640.0,58.2,12.0,12.0,3,0,1
frametop_banked,frametop_banked_000411_r020.0_pos,20.0,640.0,58.2,12.0,12.0,3,0,1
frametop_banked,frametop_banked_000412_r020.0_pos,20.0,640.0,58.2,12.0,12.0,3,0,1
frametop_banked,frametop_banked_000413_r020.0_pos,20.0,640.0,58.2,12.0,12.0,3,0,1
frametop_banked,frametop_banked_000414_r020.0_pos,20.0,640.0,58.2,12.0,12.0,3,0,1
frametop_banked,frametop_banked_000415_r020.0_pos,20.0,640.0,58.2,12.0,12.0,3,0,1
frametop_banked,frametop_banked_000416_r020.0_pos,20.0,640.0,58.2,12.0,12.0,3,0,1
frametop_banked,frametop_banked_000417_r020.0_pos,20.0,640.0,58.2,12.0,12.0,3,0,1
frametop_banked,frametop_banked_000418_r020.0_pos,20.0,640.0,58.2,12.0,12.0,3,0,1
frametop_banked,frametop_banked_000419_r020.0_pos,20.0,640.0,58.2,12.0,12.0,3,0,1
frametop_banked,frametop_banked_000420_r020.0_pos,20.0,640.0,58.2,12.0,12.0,3,0,1
frametop_banked,frametop_banked_000421_r020.0_pos,20.0,640.0,58.2,12.0,12.0,3,0,1
frametop_banked,frametop_banked_000422_r020.0_pos,20.0,640.0,58.2,12.0,12.0,3,0,1
frametop_banked,frametop_banked_000423_r020.0_pos,20.0,640.0,58.2,12.0,12.0,3,0,1
frametop_banked,frametop_banked_000424_r020.0_pos,20.0,640.0,58.2,12.0,12.0,3,0,1
frametop_banked,frametop_banked_000425_r020.0_pos,20.0,640.0,58.2,12.0,12.0,3,0,1
frametop_banked,frametop_banked_000426_r020.0_pos,20.0,640.0,58.2,12.0,12.0,3,0,1
frametop_banked,frametop_banked_000427_r020.0_pos,20.0,640.0,58.2,12.0,12.0,3,0,1
frametop_banked,frametop_banked_000428_r020.0_pos,20.0,640.0,58.2,12.0,12.0,3,0,1
frametop_banked,frametop_banked_000429_r020.0_pos,20.0,640.0,58.2,12.0,12.0,3,0,1
frametop_banked,frametop_banked_000430_r020.0_pos,20.0,640.0,58.2,12.0,12.0,3,0,1
frametop_banked,frametop_banked_000431_r020.0_pos,20.0,640.0,58.2,12.0,12.0,3,0,1
frametop_banked,frametop_banked_000432_r020.0_pos,20.0,640.0,58.2,12.0,12.0,3,0,1
frametop_banked,frametop_banked_000433_r020.0_pos,20.0,640.0,58.2,12.0,12.0,3,0,1
frametop_banked,frametop_banked_000434_r020.0_pos,20.0,640.0,58.2,12.0,12.0,3,0,1
frametop_banked,frametop_banked_000435_r020.0_pos,20.0,640.0,58.2,12.0,12.0,3,0,1
frametop_banked,frametop_banked_000436_r025.0_pos,25.0,640.0,58.2,9.6,9.6,1,0,1
frametop_banked,frametop_banked_000437_r025.0_pos,25.0,640.0,58.2,9.6,9.6,1,0,1
frametop_banked,frametop_banked_000438_r025.0_pos,25.0,640.0,58.2,9.6,9.6,1,0,1
frametop_banked,frametop_banked_000439_r025.0_pos,25.0,640.0,58.2,9.6,9.6,1,0,1
frametop_banked,frametop_banked_000440_r025.0_pos,25.0,640.0,58.2,9.6,9.6,1,0,1
frametop_banked,frametop_banked_000441_r025.0_pos,25.0,640.0,58.2,9.6,9.6,1,0,1
frametop_banked,frametop_banked_000442_r025.0_pos,25.0,640.0,58.2,9.6,9.6,1,0,1
frametop_banked,frametop_banked_000443_r025.0_pos,25.0,640.0,58.2,9.6,9.6,1,0,1
frametop_banked,frametop_banked_000444_r025.0_pos,25.0,640.0,58.2,9.6,9.6,1,0,1
frametop_banked,frametop_banked_000445_r025.0_pos,25.0,640.0,58.2,9.6,9.6,1,0,1
frametop_banked,frametop_banked_000446_r025.0_pos,25.0,640.0,58.2,9.6,9.6,1,0,1
frametop_banked,frametop_banked_000447_r025.0_pos,25.0,640.0,58.2,9.6,9.6,1,0,1
frametop_banked,frametop_banked_000448_r025.0_pos,25.0,640.0,58.2,9.6,9.6,1,0,1
frametop_banked,frametop_banked_000449_r025.0_pos,25.0,640.0,58.2,9.6,9.6,1,0,1
frametop_banked,frametop_banked_000450_r025.0_pos,25.0,640.0,58.2,9.6,9.6,1,0,1
frametop_banked,frametop_banked_000451_r025.0_pos,25.0,640.0,58.2,9.6,9.6,1,0,1
frametop_banked,frametop_banked_000452_r025.0_pos,25.0,640.0,58.2,9.6,9.6,1,0,1
frametop_banked,frametop_banked_000453_r025.0_pos,25.0,640.0,58.2,9.6,9.6,1,0,1
frametop_banked,frametop_banked_000454_r025.0_pos,25.0,640.0,58.2,9.6,9.6,1,0,1
frametop_banked,frametop_banked_000455_r025.0_pos,25.0,640.0,58.2,9.6,9.6,1,0,1
frametop_banked,frametop_banked_000456_r025.0_pos,25.0,640.0,58.2,9.6,9.6,1,0,1
frametop_banked,frametop_banked_000457_r025.0_pos,25.0,640.0,58.2,9.6,9.6,1,0,1
frametop_banked,frametop_banked_000458_r025.0_pos,25.0,640.0,58.2,9.6,9.6,1,0,1
frametop_banked,frametop_banked_000459_r025.0_pos,25.0,640.0,58.2,9.6,9.6,1,0,1
frametop_banked,frametop_banked_000460_r025.0_pos,25.0,640.0,58.2,9.6,9.6,1,0,1
frametop_banked,frametop_banked_000461_r025.0_pos,25.0,640.0,58.2,9.6,9.6,1,0,1
frametop_banked,frametop_banked_000462_r025.0_pos,25.0,640.0,58.2,9.6,9.6,1,0,1
frametop_banked,frametop_banked_000463_r025.0_pos,25.0,640.0,58.2,9.6,9.6,1,0,1
frametop_banked,frametop_banked_000464_r025.0_pos,25.0,640.0,58.2,9.6,9.6,1,0,1
frametop_banked,frametop_banked_000465_r025.0_pos,25.0,640.0,58.2,9.6,9.6,1,0,1
frametop_banked,frametop_banked_000466_r025.0_pos,25.0,640.0,58.2,9.6,9.6,1,0,1
frametop_banked,frametop_banked_000467_r025.0_pos,25.0,640.0,58.2,9.6,9.6,1,0,1
frametop_banked,frametop_banked_000468_r025.0_pos,25.0,640.0,58.2,9.6,9.6,1,0,1
frametop_banked,frametop_banked_000469_r025.0_pos,25.0,640.0,58.2,9.6,9.6,1,0,1
frametop_banked,frametop_banked_000470_r025.0_pos,25.0,640.0,58.2,9.6,9.6,1,0,1
frametop_banked,frametop_banked_000471_r025.0_pos,25.0,640.0,58.2,9.6,9.6,1,0,1
frametop_banked,frametop_banked_000472_r025.0_pos,25.0,640.0,58.2,9.6,9.6,1,0,1
frametop_banked,frametop_banked_000473_r025.0_pos,25.0,640.0,58.2,9.6,9.6,1,0,1
frametop_banked,frametop_banked_000474_r025.0_pos,25.0,640.0,58.2,9.6,9.6,1,0,1
frametop_banked,frametop_banked_000475_r025.0_pos,25.0,640.0,58.2,9.6,9.6,1,0,1
frametop_banked,frametop_banked_000476_r025.0_pos,25.0,640.0,58.2,9.6,9.6,1,0,1
frametop_banked,frametop_banked_000477_r025.0_pos,25.0,640.0,58.2,9.6,9.6,1,0,1
frametop_banked,frametop_banked_000478_r025.0_pos,25.0,640.0,58.2,9.6,9.6,1,0,1
frametop_banked,frametop_banked_000479_r025.0_pos,25.0,640.0,58.2,9.6,9.6,1,0,1
frametop_banked,frametop_banked_000480_r025.0_pos,25.0,640.0,58.2,9.6,9.6,1,0,1
frametop_banked,frametop_banked_000481_r025.0_pos,25.0,640.0,58.2,9.6,9.6,1,0,1
frametop_banked,frametop_banked_000482_r025.0_pos,25.0,640.0,58.2,9.6,9.6,1,0,1
frametop_banked,frametop_banked_000483_r025.0_pos,25.0,640.0,58.2,9.6,9.6,1,0,1
frametop_banked,frametop_banked_000484_r025.0_pos,25.0,640.0,58.2,9.6,9.6,1,0,1
frametop_banked,frametop_banked_000485_r025.0_pos,25.0,640.0,58.2,9.6,9.6,1,0,1
frametop_banked,frametop_banked_000486_r025.0_pos,25.0,640.0,58.2,9.6,9.6,1,0,1
frametop_banked,frametop_banked_000487_r025.0_pos,25.0,640.0,58.2,9.6,9.6,1,0,1
frametop_banked,frametop_banked_000488_r025.0_pos,25.0,640.0,58.2,9.6,9.6,1,0,1
frametop_banked,frametop_banked_000489_r025.0_pos,25.0,640.0,58.2,9.6,9.6,1,0,1
frametop_banked,frametop_banked_000490_r025.0_pos,25.0,640.0,58.2,9.6,9.6,1,0,1
frametop_banked,frametop_banked_000491_r025.0_pos,25.0,640.0,58.2,9.6,9.6,1,0,1
frametop_banked,frametop_banked_000492_r025.0_pos,25.0,640.0,58.2,9.6,9.6,1,0,1
frametop_banked,frametop_banked_000493_r025.0_pos,25.0,640.0,58.2,9.6,9.6,1,0,1
frametop_banked,frametop_banked_000494_r025.0_pos,25.0,640.0,58.2,9.6,9.6,1,0,1
frametop_banked,frametop_banked_000495_r025.0_pos,25.0,640.0,58.2,9.6,9.6,1,0,1
frametop_banked,frametop_banked_000496_r025.0_pos,25.0,640.0,58.2,9.6,9.6,1,0,1
frametop_banked,frametop_banked_000497_r025.0_pos,25.0,640.0,58.2,9.6,9.6,1,0,1
frametop_banked,frametop_banked_000498_r025.0_pos,25.0,640.0,58.2,9.6,9.6,1,0,1
frametop_banked,frametop_banked_000499_r025.0_pos,25.0,640.0,58.2,9.6,9.6,1,0,1
frametop_banked,frametop_banked_000500_r025.0_pos,25.0,640.0,58.2,9.6,9.6,1,0,1
frametop_banked,frametop_banked_000501_r025.0_pos,25.0,640.0,58.2,9.6,9.6,1,0,1
frametop_banked,frametop_banked_000502_r025.0_pos,25.0,640.0,58.2,9.6,9.6,1,0,1
frametop_banked,frametop_banked_000503_r025.0_pos,25.0,640.0,58.2,9.6,9.6,1,0,1
frametop_banked,frametop_banked_000504_r025.0_pos,25.0,640.0,58.2,9.6,9.6,1,0,1
frametop_banked,frametop_banked_000505_r025.0_pos,25.0,640.0,58.2,9.6,9.6,1,0,1
frametop_banked,frametop_banked_000506_r025.0_pos,25.0,640.0,58.2,9.6,9.6,1,0,1
frametop_banked,frametop_banked_000507_r025.0_pos,25.0,640.0,58.2,9.6,9.6,1,0,1
frametop_banked,frametop_banked_000508_r025.0_pos,25.0,640.0,58.2,9.6,9.6,1,0,1
frametop_banked,frametop_banked_000509_r025.0_pos,25.0,640.0,58.2,9.6,9.6,1,0,1
frametop_banked,frametop_banked_000510_r025.0_pos,25.0,640.0,58.2,9.6,9.6,1,0,1
frametop_banked,frametop_banked_000511_r025.0_pos,25.0,640.0,58.2,9.6,9.6,1,0,1
frametop_banked,frametop_banked_000512_r025.0_pos,25.0,640.0,58.2,9.6,9.6,1,0,1
frametop_banked,frametop_banked_000513_r025.0_pos,25.0,640.0,58.2,9.6,9.6,1,0,1
frametop_banked,frametop_banked_000514_r025.0_pos,25.0,640.0,58.2,9.6,9.6,1,0,1
frametop_banked,frametop_banked_000515_r025.0_pos,25.0,640.0,58.2,9.6,9.6,1,0,1
frametop_banked,frametop_banked_000516_r025.0_pos,25.0,640.0,58.2,9.6,9.6,1,0,1
frametop_banked,frametop_banked_000517_r025.0_pos,25.0,640.0,58.2,9.6,9.6,1,0,1
frametop_banked,frametop_banked_000518_r025.0_pos,25.0,640.0,58.2,9.6,9.6,1,0,1
frametop_banked,frametop_banked_000519_r025.0_pos,25.0,640.0,58.2,9.6,9.6,1,0,1
frametop_banked,frametop_banked_000520_r025.0_pos,25.0,640.0,58.2,9.6,9.6,1,0,1
frametop_banked,frametop_banked_000521_r025.0_pos,25.0,640.0,58.2,9.6,9.6,1,0,1
frametop_banked,frametop_banked_000522_r025.0_pos,25.0,640.0,58.2,9.6,9.6,1,0,1
frametop_banked,frametop_banked_000523_r025.0_pos,25.0,640.0,58.2,9.6,9.6,1,0,1
frametop_banked,frametop_banked_000524_r025.0_pos,25.0,640.0,58.2,9.6,9.6,1,0,1
frametop_banked,frametop_banked_000525_r025.0_pos,25.0,640.0,58.2,9.6,9.6,1,0,1
frametop_banked,frametop_banked_000526_r025.0_pos,25.0,640.0,58.2,9.6,9.6,1,0,1
frametop_banked,frametop_banked_000527_r025.0_pos,25.0,640.0,58.2,9.6,9.6,1,0,1
frametop_banked,frametop_banked_000528_r025.0_pos,25.0,640.0,58.2,9.6,9.6,1,0,1
frametop_banked,frametop_banked_000529_r025.0_pos,25.0,640.0,58.2,9.6,9.6,1,0,1
frametop_banked,frametop_banked_000530_r025.0_pos,25.0,640.0,58.2,9.6,9.6,1,0,1
frametop_banked,frametop_banked_000531_r025.0_pos,25.0,640.0,58.2,9.6,9.6,1,0,1
frametop_banked,frametop_banked_000532_r025.0_pos,25.0,640.0,58.2,9.6,9.6,1,0,1
frametop_banked,frametop_banked_000533_r025.0_pos,25.0,640.0,58.2,9.6,9.6,1,0,1
frametop_banked,frametop_banked_000534_r025.0_pos,25.0,640.0,58.2,9.6,9.6,1,0,1
frametop_banked,frametop_banked_000535_r025.0_pos,25.0,640.0,58.2,9.6,9.6,1,0,1
frametop_banked,frametop_banked_000536_r025.0_pos,25.0,640.0,58.2,9.6,9.6,1,0,1
quad_approach,l2r_20260716T064738Z_000207_r006.2_pos,6.2,1239.7,12.4,80.6,24.8,3,0,0
quad_approach,l2r_20260716T064738Z_000208_r005.1_pos,5.1,1235.5,46.9,89.1,93.8,7,0,0
quad_approach,l2r_20260716T064738Z_000209_r004.3_pos,4.3,1259.4,88.5,41.3,177.0,22,1,1
quad_approach,l2r_20260716T064738Z_000284_r076.7_pos,76.7,1033.9,415.6,7.9,7.9,5,0,0
quad_approach,l2r_20260716T064738Z_000285_r077.2_pos,77.2,781.3,471.9,6.5,6.5,4,0,0
quad_approach,l2r_20260716T064738Z_000286_r077.6_pos,77.6,529.4,485.1,6.4,6.4,1,0,0
quad_approach,l2r_20260716T064738Z_000287_r078.1_pos,78.1,141.1,372.9,8.6,8.6,0,0,0
quad_approach,l2r_20260716T064738Z_000295_r081.1_pos,81.1,788.9,473.5,6.2,6.2,11,0,0
quad_approach,l2r_20260716T064738Z_000296_r081.3_pos,81.3,380.8,562.3,6.7,6.7,4,0,0
quad_approach,r2l_20260716T064738Z_000231_r011.3_pos,11.3,143.6,26.9,69.1,53.9,11,0,0
quad_approach,r2l_20260716T064738Z_000232_r010.5_pos,10.5,256.9,239.1,60.4,60.4,22,0,0
quad_approach,r2l_20260716T064738Z_000233_r009.9_pos,9.9,319.3,417.2,57.6,57.6,5,0,0
quad_approach,r2l_20260716T064738Z_000234_r009.0_pos,9.0,358.0,561.1,61.1,61.1,19,0,0
quad_approach,r2l_20260716T064738Z_000235_r008.2_pos,8.2,381.0,686.6,69.2,69.2,15,1,0
quad_approach,r2l_20260716T064738Z_000236_r007.6_pos,7.6,392.5,776.8,78.2,78.2,19,1,1
quad_approach,r2l_20260716T064738Z_000237_r006.7_pos,6.7,436.3,848.1,91.9,91.9,10,1,1
quad_approach,r2l_20260716T064738Z_000238_r006.1_pos,6.1,468.2,888.8,102.3,102.3,18,1,1
quad_approach,r2l_20260716T064738Z_000239_r005.4_pos,5.4,530.8,909.0,116.1,102.1,14,1,1
quad_approach,r2l_20260716T064738Z_000240_r004.8_pos,4.8,606.9,912.4,131.2,95.3,16,1,1
quad_approach,r2l_20260716T064738Z_000241_r004.2_pos,4.2,708.9,912.7,151.6,94.7,21,1,0
quad_approach,r2l_20260716T064738Z_000242_r003.8_pos,3.8,802.0,908.1,170.4,103.8,8,1,0
quad_approach,r2l_20260716T064738Z_000243_r003.4_pos,3.4,968.3,908.1,209.0,103.8,5,1,1
quad_approach,r2l_20260716T064738Z_000244_r003.2_pos,3.2,1132.6,903.5,249.2,113.0,14,1,1
quad_approach,r2l_20260716T064738Z_000307_r036.9_pos,36.9,27.8,499.9,19.9,19.9,15,1,0
quad_approach,r2l_20260716T064738Z_000308_r037.5_pos,37.5,53.0,500.6,19.1,19.1,0,0,0
quad_approach,r2l_20260716T064738Z_000309_r038.1_pos,38.1,67.0,500.8,18.6,18.6,6,0,0
quad_approach,r2l_20260716T064738Z_000310_r038.8_pos,38.8,73.5,501.2,18.2,18.2,7,0,0
quad_approach,r2l_20260716T064738Z_000311_r039.2_pos,39.2,73.4,501.5,18.0,18.0,0,0,0
quad_approach,r2l_20260716T064738Z_000312_r039.8_pos,39.8,68.7,501.2,17.8,17.8,0,0,0
quad_approach,r2l_20260716T064738Z_000313_r040.0_pos,40.0,58.5,500.6,17.8,17.8,5,0,0
quad_approach,r2l_20260716T064738Z_000314_r040.0_pos,40.0,43.1,498.0,18.1,18.1,0,0,0
quad_approach,r2l_20260716T064738Z_000315_r040.0_pos,40.0,26.9,495.1,18.4,18.4,14,0,0
quad_approach,r2l_20260716T064738Z_000316_r040.0_pos,40.0,10.6,492.8,18.7,18.7,0,0,0
