model,mode,image,n_gt,n_det25,tp25,fp25
v2_deployed,color,DT (165).jpg,1,1,0,1
v2_deployed,color,DT (19).jpg,1,1,0,1
v2_deployed,color,DT (526).jpg,1,2,0,2
v2_deployed,color,DT (151).jpg,1,0,0,0
v2_deployed,color,DT (276).jpg,1,1,0,1
v2_deployed,color,DT (528).jpg,1,3,0,3
v2_deployed,color,DT (22).jpg,1,1,0,1
v2_deployed,color,DT (56).jpg,1,1,0,1
v2_deployed,color,DT (229).jpg,1,2,0,2
v2_deployed,color,DT (366).jpg,1,1,0,1
v2_deployed,color,DT (387).jpg,1,2,0,2
v2_deployed,color,DT (218).jpg,1,1,0,1
v2_deployed,color,DT (160).jpg,1,1,0,1
v2_deployed,color,DT (295).jpg,1,1,0,1
v2_deployed,color,DT (356).jpg,1,1,0,1
v2_deployed,color,DT (281).jpg,1,1,0,1
v2_deployed,color,DT (180).jpg,1,0,0,0
v2_deployed,color,DT (114).jpg,1,1,0,1
v2_deployed,color,DT (506).jpg,1,6,0,6
v2_deployed,color,DT (459).jpg,1,0,0,0
v2_deployed,color,DT (343).jpg,1,2,0,2
v2_deployed,color,DT (237).jpg,1,1,0,1
v2_deployed,color,DT (122).jpg,1,0,0,0
v2_deployed,color,DT (194).jpg,1,0,0,0
v2_deployed,color,DT (27).jpg,1,2,0,2
v2_deployed,color,DT (351).jpg,1,1,0,1
v2_deployed,color,DT (260).jpg,1,1,0,1
v2_deployed,color,DT (283).jpg,1,1,0,1
v2_deployed,color,DT (234).jpg,1,1,0,1
v2_deployed,color,DT (400).jpg,1,2,0,2
v2_deployed,color,DT (197).jpg,1,0,0,0
v2_deployed,color,DT (401).jpg,1,2,0,2
v2_deployed,color,DT (15).jpg,1,2,0,2
v2_deployed,color,DT (40).jpg,1,2,0,2
v2_deployed,color,DT (26).jpg,1,2,0,2
v2_deployed,color,DT (450).jpg,1,3,0,3
v2_deployed,color,DT (399).jpg,1,2,0,2
v2_deployed,color,DT (215).jpg,1,2,0,2
v2_deployed,color,DT (272).jpg,1,1,0,1
v2_deployed,color,DT (211).jpg,1,1,0,1
v2_deployed,color,DT (240).jpg,1,1,0,1
v2_deployed,color,DT (311).jpg,1,1,0,1
v2_deployed,color,DT (236).jpg,1,1,0,1
v2_deployed,color,DT (53).jpg,1,2,0,2
v2_deployed,color,DT (221).jpg,1,1,0,1
v2_deployed,color,DT (417).jpg,1,1,0,1
v2_deployed,color,DT (318).jpg,1,1,0,1
v2_deployed,color,DT (380).jpg,1,3,0,3
v2_deployed,color,DT (64).jpg,1,2,0,2
v2_deployed,color,DT (203).jpg,1,0,0,0
v2_deployed,color,DT (353).jpg,1,0,0,0
v2_deployed,color,DT (37).jpg,1,3,0,3
v2_deployed,color,DT (376).jpg,1,4,0,4
v2_deployed,color,DT (451).jpg,1,2,0,2
v2_deployed,color,DT (216).jpg,1,1,0,1
v2_deployed,color,DT (302).jpg,1,1,0,1
v2_deployed,color,DT (139).jpg,1,1,0,1
v2_deployed,color,DT (83).jpg,1,4,0,4
v2_deployed,color,DT (157).jpg,1,1,0,1
v2_deployed,color,DT (359).jpg,1,1,0,1
v2_deployed,color,DT (91).jpg,1,4,0,4
v2_deployed,color,DT (460).jpg,1,0,0,0
v2_deployed,color,DT (472).jpg,1,0,0,0
v2_deployed,color,DT (120).jpg,1,0,0,0
v2_deployed,color,DT (493).jpg,1,2,0,2
v2_deployed,color,DT (181).jpg,1,0,0,0
v2_deployed,color,DT (217).jpg,1,1,0,1
v2_deployed,color,DT (444).jpg,1,3,0,3
v2_deployed,color,DT (524).jpg,1,1,0,1
v2_deployed,color,DT (175).jpg,1,0,0,0
v2_deployed,color,DT (336).jpg,1,2,0,2
v2_deployed,color,DT (123).jpg,1,2,0,2
v2_deployed,color,DT (155).jpg,1,0,0,0
v2_deployed,color,DT (150).jpg,1,0,0,0
v2_deployed,color,DT (411).jpg,1,1,0,1
v2_deployed,color,DT (268).jpg,1,1,0,1
v2_deployed,color,DT (448).jpg,1,1,0,1
v2_deployed,color,DT (273).jpg,1,1,0,1
v2_deployed,color,DT (45).jpg,1,2,0,2
v2_deployed,color,DT (10).jpg,1,3,0,3
v2_deployed,color,DT (143).jpg,1,1,0,1
v2_deployed,color,DT (525).jpg,1,1,0,1
v2_deployed,color,DT (124).jpg,1,1,0,1
v2_deployed,color,DT (269).jpg,1,1,0,1
v2_deployed,color,DT (62).jpg,1,2,0,2
v2_deployed,color,DT (329).jpg,1,2,0,2
v2_deployed,color,DT (44).jpg,1,2,0,2
v2_deployed,color,DT (69).jpg,1,3,0,3
v2_deployed,color,DT (277).jpg,1,1,0,1
v2_deployed,color,DT (507).jpg,1,5,0,5
v2_deployed,color,DT (294).jpg,1,1,0,1
v2_deployed,color,DT (301).jpg,1,1,0,1
v2_deployed,color,DT (458).jpg,1,0,0,0
v2_deployed,color,DT (439).jpg,1,4,1,3
v2_deployed,color,DT (496).jpg,1,2,0,2
v2_deployed,color,DT (406).jpg,1,2,0,2
v2_deployed,color,DT (314).jpg,1,1,0,1
v2_deployed,color,DT (251).jpg,1,1,0,1
v2_deployed,color,DT (285).jpg,1,1,0,1
v2_deployed,color,DT (397).jpg,1,2,0,2
v2_deployed,color,DT (504).jpg,1,3,0,3
v2_deployed,color,DT (111).jpg,1,0,0,0
v2_deployed,color,DT (491).jpg,1,0,0,0
v2_deployed,color,DT (112).jpg,1,1,0,1
v2_deployed,color,DT (433).jpg,1,0,0,0
v2_deployed,color,DT (192).jpg,1,0,0,0
v2_deployed,color,DT (299).jpg,1,1,0,1
v2_deployed,color,DT (138).jpg,1,0,0,0
v2_deployed,color,DT (363).jpg,1,1,0,1
v2_deployed,color,DT (213).jpg,1,1,0,1
v2_deployed,color,DT (322).jpg,1,2,0,2
v2_deployed,color,DT (66).jpg,1,3,0,3
v2_deployed,color,DT (410).jpg,1,2,0,2
v2_deployed,color,DT (235).jpg,1,1,0,1
v2_deployed,color,DT (205).jpg,1,0,0,0
v2_deployed,color,DT (59).jpg,1,1,0,1
v2_deployed,color,DT (288).jpg,1,1,0,1
v2_deployed,color,DT (377).jpg,1,4,0,4
v2_deployed,color,DT (28).jpg,1,3,0,3
v2_deployed,color,DT (224).jpg,1,1,0,1
v2_deployed,color,DT (92).jpg,1,3,0,3
v2_deployed,color,DT (247).jpg,1,2,0,2
v2_deployed,color,DT (198).jpg,1,0,0,0
v2_deployed,color,DT (119).jpg,1,1,0,1
v2_deployed,color,DT (421).jpg,1,1,0,1
v2_deployed,color,DT (513).jpg,1,3,0,3
v2_deployed,color,DT (441).jpg,1,0,0,0
v2_deployed,color,DT (405).jpg,1,2,0,2
v2_deployed,color,DT (333).jpg,1,2,0,2
v2_deployed,color,DT (335).jpg,1,2,0,2
v2_deployed,color,DT (78).jpg,1,4,0,4
v2_deployed,color,DT (33).jpg,1,1,0,1
v2_deployed,color,DT (292).jpg,1,1,0,1
v2_deployed,color,DT (435).jpg,1,2,0,2
v2_deployed,color,DT (490).jpg,1,0,0,0
v2_deployed,color,DT (230).jpg,1,2,0,2
v2_deployed,color,DT (338).jpg,1,1,0,1
v2_deployed,color,DT (266).jpg,1,1,0,1
v2_deployed,color,DT (357).jpg,1,2,0,2
v2_deployed,color,DT (305).jpg,1,1,0,1
v2_deployed,color,DT (31).jpg,1,1,0,1
v2_deployed,color,DT (99).jpg,1,3,0,3
v2_deployed,color,DT (398).jpg,1,2,0,2
v2_deployed,color,DT (432).jpg,1,2,0,2
v2_deployed,color,DT (176).jpg,1,0,0,0
v2_deployed,color,DT (347).jpg,1,1,0,1
v2_deployed,color,DT (133).jpg,1,2,0,2
v2_deployed,color,DT (388).jpg,1,2,0,2
v2_deployed,color,DT (100).jpg,1,1,0,1
v2_deployed,color,DT (418).jpg,1,2,0,2
v2_deployed,color,DT (518).jpg,1,4,0,4
v2_deployed,color,DT (147).jpg,1,1,0,1
v2_deployed,color,DT (462).jpg,1,0,0,0
v2_deployed,color,DT (222).jpg,1,1,0,1
v2_deployed,color,DT (483).jpg,1,0,0,0
v2_deployed,color,DT (2).jpg,1,1,0,1
v2_deployed,color,DT (204).jpg,1,0,0,0
v2_deployed,color,DT (479).jpg,1,0,0,0
v2_deployed,color,DT (275).jpg,1,1,0,1
v2_deployed,color,DT (257).jpg,1,1,0,1
v2_deployed,color,DT (494).jpg,1,2,0,2
v2_deployed,color,DT (183).jpg,1,0,0,0
v2_deployed,color,DT (298).jpg,1,1,0,1
v2_deployed,color,DT (9).jpg,1,2,0,2
v2_deployed,color,DT (89).jpg,1,3,0,3
v2_deployed,color,DT (146).jpg,1,0,0,0
v2_deployed,color,DT (466).jpg,1,0,0,0
v2_deployed,color,DT (108).jpg,1,1,0,1
v2_deployed,color,DT (102).jpg,1,1,0,1
v2_deployed,color,DT (423).jpg,1,2,0,2
v2_deployed,color,DT (134).jpg,1,3,0,3
v2_deployed,color,DT (372).jpg,1,1,0,1
v2_deployed,color,DT (179).jpg,1,0,0,0
v2_deployed,color,DT (248).jpg,1,1,0,1
v2_deployed,color,DT (282).jpg,1,1,0,1
v2_deployed,color,DT (374).jpg,1,1,0,1
v2_deployed,color,DT (250).jpg,1,2,0,2
v2_deployed,color,DT (13).jpg,1,1,0,1
v2_deployed,color,DT (158).jpg,1,1,0,1
v2_deployed,color,DT (369).jpg,1,1,0,1
v2_deployed,color,DT (202).jpg,1,0,0,0
v2_deployed,color,DT (162).jpg,1,1,0,1
v2_deployed,color,DT (103).jpg,1,2,0,2
v2_deployed,color,DT (379).jpg,1,3,0,3
v2_deployed,color,DT (243).jpg,1,1,0,1
v2_deployed,color,DT (190).jpg,1,0,0,0
v2_deployed,color,DT (208).jpg,1,1,0,1
v2_deployed,color,DT (323).jpg,1,2,0,2
v2_deployed,color,DT (403).jpg,1,2,0,2
v2_deployed,color,DT (259).jpg,1,1,0,1
v2_deployed,color,DT (163).jpg,1,1,0,1
v2_deployed,color,DT (169).jpg,1,1,0,1
v2_deployed,color,DT (76).jpg,1,4,0,4
v2_deployed,color,DT (51).jpg,1,2,0,2
v2_deployed,color,DT (239).jpg,1,1,0,1
v2_deployed,color,DT (126).jpg,1,4,0,4
v2_deployed,color,DT (391).jpg,1,2,0,2
v2_deployed,color,DT (121).jpg,1,0,0,0
v2_deployed,color,DT (24).jpg,1,2,0,2
v2_deployed,color,DT (313).jpg,1,1,0,1
v2_deployed,color,BT (112).jpg,0,0,0,0
v2_deployed,color,BT (177).jpg,0,1,0,1
v2_deployed,color,BT (192).jpg,0,0,0,0
v2_deployed,color,BT (21).jpg,0,2,0,2
v2_deployed,color,BT (266).jpg,0,1,0,1
v2_deployed,color,BT (77).jpg,0,2,0,2
v2_deployed,color,BT (222).jpg,0,0,0,0
v2_deployed,color,BT (175).jpg,0,1,0,1
v2_deployed,color,BT (40).jpg,0,2,0,2
v2_deployed,color,BT (308).jpg,0,0,0,0
v2_deployed,color,BT (299).jpg,0,0,0,0
v2_deployed,color,BT (11).jpg,0,1,0,1
v2_deployed,color,BT (102).jpg,0,2,0,2
v2_deployed,color,BT (190).jpg,0,0,0,0
v2_deployed,color,BT (99).jpg,0,3,0,3
v2_deployed,color,BT (53).jpg,0,2,0,2
v2_deployed,color,BT (139).jpg,0,1,0,1
v2_deployed,color,BT (81).jpg,0,0,0,0
v2_deployed,color,BT (101).jpg,0,2,0,2
v2_deployed,color,BT (93).jpg,0,0,0,0
v2_deployed,color,BT (64).jpg,0,1,0,1
v2_deployed,color,BT (82).jpg,0,0,0,0
v2_deployed,color,BT (106).jpg,0,2,0,2
v2_deployed,color,BT (45).jpg,0,1,0,1
v2_deployed,color,BT (20).jpg,0,1,0,1
v2_deployed,color,BT (191).jpg,0,0,0,0
v2_deployed,color,BT (271).jpg,0,1,0,1
v2_deployed,color,BT (144).jpg,0,1,0,1
v2_deployed,color,BT (297).jpg,0,0,0,0
v2_deployed,color,BT (357).jpg,0,3,0,3
v2_deployed,color,BT (160).jpg,0,0,0,0
v2_deployed,color,BT (41).jpg,0,2,0,2
v2_deployed,color,BT (87).jpg,0,2,0,2
v2_deployed,color,BT (290).jpg,0,0,0,0
v2_deployed,color,BT (256).jpg,0,1,0,1
v2_deployed,color,BT (37).jpg,0,2,0,2
v2_deployed,color,BT (165).jpg,0,1,0,1
v2_deployed,color,BT (321).jpg,0,2,0,2
v2_deployed,color,BT (143).jpg,0,1,0,1
v2_deployed,color,BT (294).jpg,0,1,0,1
v2_deployed,color,BT (3).jpg,0,3,0,3
v2_deployed,color,BT (27).jpg,0,1,0,1
v2_deployed,color,BT (137).jpg,0,1,0,1
v2_deployed,color,BT (348).jpg,0,0,0,0
v2_deployed,color,BT (298).jpg,0,0,0,0
v2_deployed,color,BT (72).jpg,0,0,0,0
v2_deployed,color,BT (231).jpg,0,1,0,1
v2_deployed,color,BT (79).jpg,0,0,0,0
v2_deployed,color,BT (293).jpg,0,0,0,0
v2_deployed,color,BT (284).jpg,0,0,0,0
v2_deployed,color,BT (225).jpg,0,0,0,0
v2_deployed,color,BT (334).jpg,0,2,0,2
v2_deployed,color,BT (161).jpg,0,0,0,0
v2_deployed,color,BT (286).jpg,0,0,0,0
v2_deployed,color,BT (170).jpg,0,1,0,1
v2_deployed,color,BT (218).jpg,0,1,0,1
v2_deployed,color,BT (344).jpg,0,0,0,0
v2_deployed,color,BT (282).jpg,0,0,0,0
v2_deployed,color,BT (86).jpg,0,1,0,1
v2_deployed,color,BT (233).jpg,0,1,0,1
v2_deployed,color,BT (107).jpg,0,2,0,2
v2_deployed,color,BT (341).jpg,0,0,0,0
v2_deployed,color,BT (13).jpg,0,2,0,2
v2_deployed,color,BT (322).jpg,0,2,0,2
v2_deployed,color,BT (244).jpg,0,1,0,1
v2_deployed,color,BT (25).jpg,0,1,0,1
v2_deployed,color,BT (123).jpg,0,1,0,1
v2_deployed,color,BT (211).jpg,0,1,0,1
v2_deployed,color,BT (207).jpg,0,0,0,0
v2_deployed,color,BT (178).jpg,0,0,0,0
v2_deployed,color,BT (33).jpg,0,2,0,2
v2_deployed,color,BT (188).jpg,0,0,0,0
v2_deployed,color,BT (217).jpg,0,1,0,1
v2_deployed,color,BT (154).jpg,0,1,0,1
v2_deployed,color,BT (32).jpg,0,0,0,0
v2_deployed,color,BT (260).jpg,0,0,0,0
v2_deployed,color,BT (88).jpg,0,2,0,2
v2_deployed,color,BT (242).jpg,0,2,0,2
v2_deployed,color,BT (350).jpg,0,0,0,0
v2_deployed,color,BT (97).jpg,0,1,0,1
v2_deployed,color,BT (36).jpg,0,2,0,2
v2_deployed,color,BT (52).jpg,0,2,0,2
v2_deployed,color,BT (119).jpg,0,0,0,0
v2_deployed,color,BT (70).jpg,0,1,0,1
v2_deployed,color,BT (193).jpg,0,0,0,0
v2_deployed,color,BT (85).jpg,0,1,0,1
v2_deployed,color,BT (356).jpg,0,5,0,5
v2_deployed,color,BT (228).jpg,0,0,0,0
v2_deployed,color,BT (24).jpg,0,3,0,3
v2_deployed,color,BT (249).jpg,0,1,0,1
v2_deployed,color,BT (354).jpg,0,7,0,7
v2_deployed,color,BT (163).jpg,0,1,0,1
v2_deployed,color,BT (111).jpg,0,1,0,1
v2_deployed,color,BT (130).jpg,0,1,0,1
v2_deployed,color,BT (110).jpg,0,1,0,1
v2_deployed,color,BT (312).jpg,0,0,0,0
v2_deployed,color,BT (304).jpg,0,0,0,0
v2_deployed,color,BT (224).jpg,0,0,0,0
v2_deployed,color,BT (317).jpg,0,2,0,2
v2_deployed,color,BT (2).jpg,0,2,0,2
v2_deployed,color,BT (90).jpg,0,2,0,2
v2_deployed,color,BT (200).jpg,0,0,0,0
v2_deployed,color,BT (39).jpg,0,2,0,2
v2_deployed,color,BT (29).jpg,0,0,0,0
v2_deployed,color,BT (323).jpg,0,1,0,1
v2_deployed,color,BT (274).jpg,0,0,0,0
v2_deployed,color,BT (262).jpg,0,1,0,1
v2_deployed,color,BT (142).jpg,0,1,0,1
v2_deployed,color,BT (246).jpg,0,1,0,1
v2_deployed,color,BT (351).jpg,0,0,0,0
v2_deployed,color,BT (204).jpg,0,1,0,1
v2_deployed,color,BT (223).jpg,0,0,0,0
v2_deployed,color,BT (227).jpg,0,0,0,0
v2_deployed,color,BT (345).jpg,0,1,0,1
v2_deployed,color,BT (89).jpg,0,1,0,1
v2_deployed,color,BT (324).jpg,0,1,0,1
v2_deployed,color,BT (6).jpg,0,2,0,2
v2_deployed,color,BT (172).jpg,0,0,0,0
v2_deployed,color,BT (212).jpg,0,0,0,0
v2_deployed,color,BT (148).jpg,0,1,0,1
v2_deployed,color,BT (240).jpg,0,1,0,1
v2_deployed,color,BT (358).jpg,0,3,0,3
v2_deployed,color,BT (205).jpg,0,0,0,0
v2_deployed,color,BT (285).jpg,0,0,0,0
v2_deployed,color,BT (245).jpg,0,1,0,1
v2_deployed,color,BT (162).jpg,0,0,0,0
v2_deployed,color,BT (329).jpg,0,1,0,1
v2_deployed,color,BT (220).jpg,0,1,0,1
v2_deployed,color,BT (328).jpg,0,2,0,2
v2_deployed,color,BT (267).jpg,0,0,0,0
v2_deployed,color,BT (335).jpg,0,2,0,2
v2_deployed,color,BT (19).jpg,0,1,0,1
v2_deployed,color,BT (103).jpg,0,1,0,1
v2_deployed,color,BT (247).jpg,0,2,0,2
v2_deployed,color,BT (327).jpg,0,1,0,1
v2_deployed,color,BT (8).jpg,0,2,0,2
v2_deployed,color,BT (185).jpg,0,1,0,1
v2_deployed,color,BT (241).jpg,0,1,0,1
v2_deployed,color,BT (255).jpg,0,1,0,1
v2_deployed,color,BT (153).jpg,0,1,0,1
v2_deployed,color,BT (96).jpg,0,1,0,1
v2_deployed,color,BT (58).jpg,0,1,0,1
v2_deployed,color,BT (171).jpg,0,1,0,1
v2_deployed,color,BT (150).jpg,0,1,0,1
v2_deployed,color,BT (128).jpg,0,1,0,1
v2_deployed,color,BT (30).jpg,0,1,0,1
v2_deployed,color,BT (336).jpg,0,2,0,2
v2_deployed,color,BT (135).jpg,0,1,0,1
v2_deployed,color,BT (301).jpg,0,0,0,0
v2_deployed,color,BT (71).jpg,0,2,0,2
v2_deployed,gray,DT (165).jpg,1,2,0,2
v2_deployed,gray,DT (19).jpg,1,2,0,2
v2_deployed,gray,DT (526).jpg,1,3,0,3
v2_deployed,gray,DT (151).jpg,1,3,0,3
v2_deployed,gray,DT (276).jpg,1,3,0,3
v2_deployed,gray,DT (528).jpg,1,3,0,3
v2_deployed,gray,DT (22).jpg,1,0,0,0
v2_deployed,gray,DT (56).jpg,1,3,0,3
v2_deployed,gray,DT (229).jpg,1,2,0,2
v2_deployed,gray,DT (366).jpg,1,7,0,7
v2_deployed,gray,DT (387).jpg,1,3,0,3
v2_deployed,gray,DT (218).jpg,1,1,0,1
v2_deployed,gray,DT (160).jpg,1,2,0,2
v2_deployed,gray,DT (295).jpg,1,2,0,2
v2_deployed,gray,DT (356).jpg,1,5,0,5
v2_deployed,gray,DT (281).jpg,1,4,0,4
v2_deployed,gray,DT (180).jpg,1,7,0,7
v2_deployed,gray,DT (114).jpg,1,4,0,4
v2_deployed,gray,DT (506).jpg,1,10,1,9
v2_deployed,gray,DT (459).jpg,1,1,0,1
v2_deployed,gray,DT (343).jpg,1,3,0,3
v2_deployed,gray,DT (237).jpg,1,3,0,3
v2_deployed,gray,DT (122).jpg,1,4,0,4
v2_deployed,gray,DT (194).jpg,1,7,0,7
v2_deployed,gray,DT (27).jpg,1,5,0,5
v2_deployed,gray,DT (351).jpg,1,6,0,6
v2_deployed,gray,DT (260).jpg,1,2,0,2
v2_deployed,gray,DT (283).jpg,1,3,0,3
v2_deployed,gray,DT (234).jpg,1,5,1,4
v2_deployed,gray,DT (400).jpg,1,3,0,3
v2_deployed,gray,DT (197).jpg,1,7,0,7
v2_deployed,gray,DT (401).jpg,1,3,0,3
v2_deployed,gray,DT (15).jpg,1,3,0,3
v2_deployed,gray,DT (40).jpg,1,5,0,5
v2_deployed,gray,DT (26).jpg,1,5,0,5
v2_deployed,gray,DT (450).jpg,1,0,0,0
v2_deployed,gray,DT (399).jpg,1,3,0,3
v2_deployed,gray,DT (215).jpg,1,2,0,2
v2_deployed,gray,DT (272).jpg,1,3,0,3
v2_deployed,gray,DT (211).jpg,1,3,0,3
v2_deployed,gray,DT (240).jpg,1,5,0,5
v2_deployed,gray,DT (311).jpg,1,3,0,3
v2_deployed,gray,DT (236).jpg,1,4,0,4
v2_deployed,gray,DT (53).jpg,1,4,0,4
v2_deployed,gray,DT (221).jpg,1,0,0,0
v2_deployed,gray,DT (417).jpg,1,3,0,3
v2_deployed,gray,DT (318).jpg,1,3,0,3
v2_deployed,gray,DT (380).jpg,1,3,0,3
v2_deployed,gray,DT (64).jpg,1,2,0,2
v2_deployed,gray,DT (203).jpg,1,7,0,7
v2_deployed,gray,DT (353).jpg,1,5,0,5
v2_deployed,gray,DT (37).jpg,1,5,0,5
v2_deployed,gray,DT (376).jpg,1,4,0,4
v2_deployed,gray,DT (451).jpg,1,0,0,0
v2_deployed,gray,DT (216).jpg,1,2,0,2
v2_deployed,gray,DT (302).jpg,1,4,0,4
v2_deployed,gray,DT (139).jpg,1,5,0,5
v2_deployed,gray,DT (83).jpg,1,6,0,6
v2_deployed,gray,DT (157).jpg,1,3,0,3
v2_deployed,gray,DT (359).jpg,1,5,0,5
v2_deployed,gray,DT (91).jpg,1,3,0,3
v2_deployed,gray,DT (460).jpg,1,0,0,0
v2_deployed,gray,DT (472).jpg,1,1,0,1
v2_deployed,gray,DT (120).jpg,1,3,0,3
v2_deployed,gray,DT (493).jpg,1,4,0,4
v2_deployed,gray,DT (181).jpg,1,7,0,7
v2_deployed,gray,DT (217).jpg,1,2,0,2
v2_deployed,gray,DT (444).jpg,1,1,0,1
v2_deployed,gray,DT (524).jpg,1,2,0,2
v2_deployed,gray,DT (175).jpg,1,4,0,4
v2_deployed,gray,DT (336).jpg,1,3,0,3
v2_deployed,gray,DT (123).jpg,1,4,0,4
v2_deployed,gray,DT (155).jpg,1,4,0,4
v2_deployed,gray,DT (150).jpg,1,6,0,6
v2_deployed,gray,DT (411).jpg,1,3,0,3
v2_deployed,gray,DT (268).jpg,1,3,0,3
v2_deployed,gray,DT (448).jpg,1,1,0,1
v2_deployed,gray,DT (273).jpg,1,3,0,3
v2_deployed,gray,DT (45).jpg,1,4,0,4
v2_deployed,gray,DT (10).jpg,1,3,0,3
v2_deployed,gray,DT (143).jpg,1,4,0,4
v2_deployed,gray,DT (525).jpg,1,1,0,1
v2_deployed,gray,DT (124).jpg,1,4,0,4
v2_deployed,gray,DT (269).jpg,1,3,0,3
v2_deployed,gray,DT (62).jpg,1,3,0,3
v2_deployed,gray,DT (329).jpg,1,4,0,4
v2_deployed,gray,DT (44).jpg,1,5,0,5
v2_deployed,gray,DT (69).jpg,1,3,0,3
v2_deployed,gray,DT (277).jpg,1,4,0,4
v2_deployed,gray,DT (507).jpg,1,11,1,10
v2_deployed,gray,DT (294).jpg,1,2,0,2
v2_deployed,gray,DT (301).jpg,1,3,0,3
v2_deployed,gray,DT (458).jpg,1,1,0,1
v2_deployed,gray,DT (439).jpg,1,3,0,3
v2_deployed,gray,DT (496).jpg,1,5,0,5
v2_deployed,gray,DT (406).jpg,1,4,0,4
v2_deployed,gray,DT (314).jpg,1,4,0,4
v2_deployed,gray,DT (251).jpg,1,4,0,4
v2_deployed,gray,DT (285).jpg,1,3,0,3
v2_deployed,gray,DT (397).jpg,1,3,0,3
v2_deployed,gray,DT (504).jpg,1,7,1,6
v2_deployed,gray,DT (111).jpg,1,3,0,3
v2_deployed,gray,DT (491).jpg,1,0,0,0
v2_deployed,gray,DT (112).jpg,1,3,0,3
v2_deployed,gray,DT (433).jpg,1,4,0,4
v2_deployed,gray,DT (192).jpg,1,6,0,6
v2_deployed,gray,DT (299).jpg,1,2,0,2
v2_deployed,gray,DT (138).jpg,1,6,0,6
v2_deployed,gray,DT (363).jpg,1,5,0,5
v2_deployed,gray,DT (213).jpg,1,2,0,2
v2_deployed,gray,DT (322).jpg,1,3,0,3
v2_deployed,gray,DT (66).jpg,1,3,0,3
v2_deployed,gray,DT (410).jpg,1,4,0,4
v2_deployed,gray,DT (235).jpg,1,5,0,5
v2_deployed,gray,DT (205).jpg,1,7,0,7
v2_deployed,gray,DT (59).jpg,1,1,0,1
v2_deployed,gray,DT (288).jpg,1,3,0,3
v2_deployed,gray,DT (377).jpg,1,6,0,6
v2_deployed,gray,DT (28).jpg,1,4,0,4
v2_deployed,gray,DT (224).jpg,1,4,0,4
v2_deployed,gray,DT (92).jpg,1,1,0,1
v2_deployed,gray,DT (247).jpg,1,4,0,4
v2_deployed,gray,DT (198).jpg,1,7,0,7
v2_deployed,gray,DT (119).jpg,1,3,0,3
v2_deployed,gray,DT (421).jpg,1,3,0,3
v2_deployed,gray,DT (513).jpg,1,8,0,8
v2_deployed,gray,DT (441).jpg,1,0,0,0
v2_deployed,gray,DT (405).jpg,1,4,0,4
v2_deployed,gray,DT (333).jpg,1,3,0,3
v2_deployed,gray,DT (335).jpg,1,3,0,3
v2_deployed,gray,DT (78).jpg,1,5,0,5
v2_deployed,gray,DT (33).jpg,1,3,0,3
v2_deployed,gray,DT (292).jpg,1,2,0,2
v2_deployed,gray,DT (435).jpg,1,3,0,3
v2_deployed,gray,DT (490).jpg,1,0,0,0
v2_deployed,gray,DT (230).jpg,1,3,0,3
v2_deployed,gray,DT (338).jpg,1,2,0,2
v2_deployed,gray,DT (266).jpg,1,3,1,2
v2_deployed,gray,DT (357).jpg,1,5,0,5
v2_deployed,gray,DT (305).jpg,1,2,0,2
v2_deployed,gray,DT (31).jpg,1,3,0,3
v2_deployed,gray,DT (99).jpg,1,2,0,2
v2_deployed,gray,DT (398).jpg,1,3,0,3
v2_deployed,gray,DT (432).jpg,1,3,0,3
v2_deployed,gray,DT (176).jpg,1,6,0,6
v2_deployed,gray,DT (347).jpg,1,3,0,3
v2_deployed,gray,DT (133).jpg,1,5,0,5
v2_deployed,gray,DT (388).jpg,1,3,0,3
v2_deployed,gray,DT (100).jpg,1,3,0,3
v2_deployed,gray,DT (418).jpg,1,3,0,3
v2_deployed,gray,DT (518).jpg,1,8,0,8
v2_deployed,gray,DT (147).jpg,1,4,0,4
v2_deployed,gray,DT (462).jpg,1,1,0,1
v2_deployed,gray,DT (222).jpg,1,2,0,2
v2_deployed,gray,DT (483).jpg,1,0,0,0
v2_deployed,gray,DT (2).jpg,1,3,0,3
v2_deployed,gray,DT (204).jpg,1,6,0,6
v2_deployed,gray,DT (479).jpg,1,1,0,1
v2_deployed,gray,DT (275).jpg,1,3,0,3
v2_deployed,gray,DT (257).jpg,1,3,0,3
v2_deployed,gray,DT (494).jpg,1,5,0,5
v2_deployed,gray,DT (183).jpg,1,7,0,7
v2_deployed,gray,DT (298).jpg,1,3,0,3
v2_deployed,gray,DT (9).jpg,1,2,0,2
v2_deployed,gray,DT (89).jpg,1,4,0,4
v2_deployed,gray,DT (146).jpg,1,5,0,5
v2_deployed,gray,DT (466).jpg,1,1,0,1
v2_deployed,gray,DT (108).jpg,1,4,0,4
v2_deployed,gray,DT (102).jpg,1,2,0,2
v2_deployed,gray,DT (423).jpg,1,3,0,3
v2_deployed,gray,DT (134).jpg,1,4,0,4
v2_deployed,gray,DT (372).jpg,1,5,0,5
v2_deployed,gray,DT (179).jpg,1,6,0,6
v2_deployed,gray,DT (248).jpg,1,4,0,4
v2_deployed,gray,DT (282).jpg,1,3,0,3
v2_deployed,gray,DT (374).jpg,1,5,0,5
v2_deployed,gray,DT (250).jpg,1,4,0,4
v2_deployed,gray,DT (13).jpg,1,0,0,0
v2_deployed,gray,DT (158).jpg,1,3,0,3
v2_deployed,gray,DT (369).jpg,1,7,0,7
v2_deployed,gray,DT (202).jpg,1,8,0,8
v2_deployed,gray,DT (162).jpg,1,3,0,3
v2_deployed,gray,DT (103).jpg,1,3,0,3
v2_deployed,gray,DT (379).jpg,1,4,0,4
v2_deployed,gray,DT (243).jpg,1,2,0,2
v2_deployed,gray,DT (190).jpg,1,6,0,6
v2_deployed,gray,DT (208).jpg,1,2,0,2
v2_deployed,gray,DT (323).jpg,1,3,0,3
v2_deployed,gray,DT (403).jpg,1,3,0,3
v2_deployed,gray,DT (259).jpg,1,1,1,0
v2_deployed,gray,DT (163).jpg,1,3,0,3
v2_deployed,gray,DT (169).jpg,1,2,0,2
v2_deployed,gray,DT (76).jpg,1,3,0,3
v2_deployed,gray,DT (51).jpg,1,4,0,4
v2_deployed,gray,DT (239).jpg,1,4,0,4
v2_deployed,gray,DT (126).jpg,1,5,0,5
v2_deployed,gray,DT (391).jpg,1,3,0,3
v2_deployed,gray,DT (121).jpg,1,4,0,4
v2_deployed,gray,DT (24).jpg,1,4,0,4
v2_deployed,gray,DT (313).jpg,1,4,0,4
v2_deployed,gray,BT (112).jpg,0,2,0,2
v2_deployed,gray,BT (177).jpg,0,3,0,3
v2_deployed,gray,BT (192).jpg,0,4,0,4
v2_deployed,gray,BT (21).jpg,0,1,0,1
v2_deployed,gray,BT (266).jpg,0,2,0,2
v2_deployed,gray,BT (77).jpg,0,2,0,2
v2_deployed,gray,BT (222).jpg,0,2,0,2
v2_deployed,gray,BT (175).jpg,0,2,0,2
v2_deployed,gray,BT (40).jpg,0,3,0,3
v2_deployed,gray,BT (308).jpg,0,4,0,4
v2_deployed,gray,BT (299).jpg,0,2,0,2
v2_deployed,gray,BT (11).jpg,0,1,0,1
v2_deployed,gray,BT (102).jpg,0,4,0,4
v2_deployed,gray,BT (190).jpg,0,3,0,3
v2_deployed,gray,BT (99).jpg,0,4,0,4
v2_deployed,gray,BT (53).jpg,0,3,0,3
v2_deployed,gray,BT (139).jpg,0,1,0,1
v2_deployed,gray,BT (81).jpg,0,2,0,2
v2_deployed,gray,BT (101).jpg,0,4,0,4
v2_deployed,gray,BT (93).jpg,0,2,0,2
v2_deployed,gray,BT (64).jpg,0,2,0,2
v2_deployed,gray,BT (82).jpg,0,2,0,2
v2_deployed,gray,BT (106).jpg,0,2,0,2
v2_deployed,gray,BT (45).jpg,0,3,0,3
v2_deployed,gray,BT (20).jpg,0,0,0,0
v2_deployed,gray,BT (191).jpg,0,4,0,4
v2_deployed,gray,BT (271).jpg,0,1,0,1
v2_deployed,gray,BT (144).jpg,0,1,0,1
v2_deployed,gray,BT (297).jpg,0,3,0,3
v2_deployed,gray,BT (357).jpg,0,3,0,3
v2_deployed,gray,BT (160).jpg,0,3,0,3
v2_deployed,gray,BT (41).jpg,0,3,0,3
v2_deployed,gray,BT (87).jpg,0,2,0,2
v2_deployed,gray,BT (290).jpg,0,3,0,3
v2_deployed,gray,BT (256).jpg,0,1,0,1
v2_deployed,gray,BT (37).jpg,0,3,0,3
v2_deployed,gray,BT (165).jpg,0,3,0,3
v2_deployed,gray,BT (321).jpg,0,7,0,7
v2_deployed,gray,BT (143).jpg,0,1,0,1
v2_deployed,gray,BT (294).jpg,0,6,0,6
v2_deployed,gray,BT (3).jpg,0,2,0,2
v2_deployed,gray,BT (27).jpg,0,1,0,1
v2_deployed,gray,BT (137).jpg,0,1,0,1
v2_deployed,gray,BT (348).jpg,0,4,0,4
v2_deployed,gray,BT (298).jpg,0,2,0,2
v2_deployed,gray,BT (72).jpg,0,0,0,0
v2_deployed,gray,BT (231).jpg,0,2,0,2
v2_deployed,gray,BT (79).jpg,0,2,0,2
v2_deployed,gray,BT (293).jpg,0,3,0,3
v2_deployed,gray,BT (284).jpg,0,3,0,3
v2_deployed,gray,BT (225).jpg,0,1,0,1
v2_deployed,gray,BT (334).jpg,0,4,0,4
v2_deployed,gray,BT (161).jpg,0,3,0,3
v2_deployed,gray,BT (286).jpg,0,2,0,2
v2_deployed,gray,BT (170).jpg,0,4,0,4
v2_deployed,gray,BT (218).jpg,0,2,0,2
v2_deployed,gray,BT (344).jpg,0,2,0,2
v2_deployed,gray,BT (282).jpg,0,6,0,6
v2_deployed,gray,BT (86).jpg,0,3,0,3
v2_deployed,gray,BT (233).jpg,0,2,0,2
v2_deployed,gray,BT (107).jpg,0,3,0,3
v2_deployed,gray,BT (341).jpg,0,1,0,1
v2_deployed,gray,BT (13).jpg,0,1,0,1
v2_deployed,gray,BT (322).jpg,0,6,0,6
v2_deployed,gray,BT (244).jpg,0,2,0,2
v2_deployed,gray,BT (25).jpg,0,2,0,2
v2_deployed,gray,BT (123).jpg,0,3,0,3
v2_deployed,gray,BT (211).jpg,0,1,0,1
v2_deployed,gray,BT (207).jpg,0,3,0,3
v2_deployed,gray,BT (178).jpg,0,2,0,2
v2_deployed,gray,BT (33).jpg,0,3,0,3
v2_deployed,gray,BT (188).jpg,0,3,0,3
v2_deployed,gray,BT (217).jpg,0,2,0,2
v2_deployed,gray,BT (154).jpg,0,2,0,2
v2_deployed,gray,BT (32).jpg,0,1,0,1
v2_deployed,gray,BT (260).jpg,0,1,0,1
v2_deployed,gray,BT (88).jpg,0,2,0,2
v2_deployed,gray,BT (242).jpg,0,2,0,2
v2_deployed,gray,BT (350).jpg,0,1,0,1
v2_deployed,gray,BT (97).jpg,0,2,0,2
v2_deployed,gray,BT (36).jpg,0,3,0,3
v2_deployed,gray,BT (52).jpg,0,2,0,2
v2_deployed,gray,BT (119).jpg,0,1,0,1
v2_deployed,gray,BT (70).jpg,0,2,0,2
v2_deployed,gray,BT (193).jpg,0,3,0,3
v2_deployed,gray,BT (85).jpg,0,4,0,4
v2_deployed,gray,BT (356).jpg,0,3,0,3
v2_deployed,gray,BT (228).jpg,0,2,0,2
v2_deployed,gray,BT (24).jpg,0,1,0,1
v2_deployed,gray,BT (249).jpg,0,1,0,1
v2_deployed,gray,BT (354).jpg,0,7,0,7
v2_deployed,gray,BT (163).jpg,0,3,0,3
v2_deployed,gray,BT (111).jpg,0,2,0,2
v2_deployed,gray,BT (130).jpg,0,1,0,1
v2_deployed,gray,BT (110).jpg,0,3,0,3
v2_deployed,gray,BT (312).jpg,0,3,0,3
v2_deployed,gray,BT (304).jpg,0,2,0,2
v2_deployed,gray,BT (224).jpg,0,0,0,0
v2_deployed,gray,BT (317).jpg,0,7,0,7
v2_deployed,gray,BT (2).jpg,0,1,0,1
v2_deployed,gray,BT (90).jpg,0,4,0,4
v2_deployed,gray,BT (200).jpg,0,3,0,3
v2_deployed,gray,BT (39).jpg,0,3,0,3
v2_deployed,gray,BT (29).jpg,0,2,0,2
v2_deployed,gray,BT (323).jpg,0,5,0,5
v2_deployed,gray,BT (274).jpg,0,1,0,1
v2_deployed,gray,BT (262).jpg,0,1,0,1
v2_deployed,gray,BT (142).jpg,0,1,0,1
v2_deployed,gray,BT (246).jpg,0,2,0,2
v2_deployed,gray,BT (351).jpg,0,1,0,1
v2_deployed,gray,BT (204).jpg,0,1,0,1
v2_deployed,gray,BT (223).jpg,0,0,0,0
v2_deployed,gray,BT (227).jpg,0,1,0,1
v2_deployed,gray,BT (345).jpg,0,3,0,3
v2_deployed,gray,BT (89).jpg,0,2,0,2
v2_deployed,gray,BT (324).jpg,0,6,0,6
v2_deployed,gray,BT (6).jpg,0,1,0,1
v2_deployed,gray,BT (172).jpg,0,3,0,3
v2_deployed,gray,BT (212).jpg,0,1,0,1
v2_deployed,gray,BT (148).jpg,0,1,0,1
v2_deployed,gray,BT (240).jpg,0,2,0,2
v2_deployed,gray,BT (358).jpg,0,4,0,4
v2_deployed,gray,BT (205).jpg,0,3,0,3
v2_deployed,gray,BT (285).jpg,0,2,0,2
v2_deployed,gray,BT (245).jpg,0,2,0,2
v2_deployed,gray,BT (162).jpg,0,4,0,4
v2_deployed,gray,BT (329).jpg,0,5,0,5
v2_deployed,gray,BT (220).jpg,0,3,0,3
v2_deployed,gray,BT (328).jpg,0,4,0,4
v2_deployed,gray,BT (267).jpg,0,0,0,0
v2_deployed,gray,BT (335).jpg,0,5,0,5
v2_deployed,gray,BT (19).jpg,0,1,0,1
v2_deployed,gray,BT (103).jpg,0,2,0,2
v2_deployed,gray,BT (247).jpg,0,2,0,2
v2_deployed,gray,BT (327).jpg,0,5,0,5
v2_deployed,gray,BT (8).jpg,0,1,0,1
v2_deployed,gray,BT (185).jpg,0,3,0,3
v2_deployed,gray,BT (241).jpg,0,2,0,2
v2_deployed,gray,BT (255).jpg,0,1,0,1
v2_deployed,gray,BT (153).jpg,0,4,0,4
v2_deployed,gray,BT (96).jpg,0,1,0,1
v2_deployed,gray,BT (58).jpg,0,1,0,1
v2_deployed,gray,BT (171).jpg,0,4,0,4
v2_deployed,gray,BT (150).jpg,0,3,0,3
v2_deployed,gray,BT (128).jpg,0,1,0,1
v2_deployed,gray,BT (30).jpg,0,1,0,1
v2_deployed,gray,BT (336).jpg,0,5,0,5
v2_deployed,gray,BT (135).jpg,0,1,0,1
v2_deployed,gray,BT (301).jpg,0,3,0,3
v2_deployed,gray,BT (71).jpg,0,2,0,2
quad_hardened,color,DT (165).jpg,1,0,0,0
quad_hardened,color,DT (19).jpg,1,3,0,3
quad_hardened,color,DT (526).jpg,1,0,0,0
quad_hardened,color,DT (151).jpg,1,1,0,1
quad_hardened,color,DT (276).jpg,1,0,0,0
quad_hardened,color,DT (528).jpg,1,0,0,0
quad_hardened,color,DT (22).jpg,1,5,0,5
quad_hardened,color,DT (56).jpg,1,0,0,0
quad_hardened,color,DT (229).jpg,1,0,0,0
quad_hardened,color,DT (366).jpg,1,0,0,0
quad_hardened,color,DT (387).jpg,1,0,0,0
quad_hardened,color,DT (218).jpg,1,0,0,0
quad_hardened,color,DT (160).jpg,1,0,0,0
quad_hardened,color,DT (295).jpg,1,0,0,0
quad_hardened,color,DT (356).jpg,1,0,0,0
quad_hardened,color,DT (281).jpg,1,0,0,0
quad_hardened,color,DT (180).jpg,1,0,0,0
quad_hardened,color,DT (114).jpg,1,0,0,0
quad_hardened,color,DT (506).jpg,1,0,0,0
quad_hardened,color,DT (459).jpg,1,0,0,0
quad_hardened,color,DT (343).jpg,1,0,0,0
quad_hardened,color,DT (237).jpg,1,0,0,0
quad_hardened,color,DT (122).jpg,1,0,0,0
quad_hardened,color,DT (194).jpg,1,0,0,0
quad_hardened,color,DT (27).jpg,1,0,0,0
quad_hardened,color,DT (351).jpg,1,0,0,0
quad_hardened,color,DT (260).jpg,1,0,0,0
quad_hardened,color,DT (283).jpg,1,0,0,0
quad_hardened,color,DT (234).jpg,1,0,0,0
quad_hardened,color,DT (400).jpg,1,0,0,0
quad_hardened,color,DT (197).jpg,1,0,0,0
quad_hardened,color,DT (401).jpg,1,0,0,0
quad_hardened,color,DT (15).jpg,1,3,0,3
quad_hardened,color,DT (40).jpg,1,0,0,0
quad_hardened,color,DT (26).jpg,1,0,0,0
quad_hardened,color,DT (450).jpg,1,1,0,1
quad_hardened,color,DT (399).jpg,1,0,0,0
quad_hardened,color,DT (215).jpg,1,0,0,0
quad_hardened,color,DT (272).jpg,1,0,0,0
quad_hardened,color,DT (211).jpg,1,0,0,0
quad_hardened,color,DT (240).jpg,1,0,0,0
quad_hardened,color,DT (311).jpg,1,0,0,0
quad_hardened,color,DT (236).jpg,1,0,0,0
quad_hardened,color,DT (53).jpg,1,0,0,0
quad_hardened,color,DT (221).jpg,1,0,0,0
quad_hardened,color,DT (417).jpg,1,0,0,0
quad_hardened,color,DT (318).jpg,1,0,0,0
quad_hardened,color,DT (380).jpg,1,0,0,0
quad_hardened,color,DT (64).jpg,1,0,0,0
quad_hardened,color,DT (203).jpg,1,1,0,1
quad_hardened,color,DT (353).jpg,1,0,0,0
quad_hardened,color,DT (37).jpg,1,0,0,0
quad_hardened,color,DT (376).jpg,1,0,0,0
quad_hardened,color,DT (451).jpg,1,1,0,1
quad_hardened,color,DT (216).jpg,1,0,0,0
quad_hardened,color,DT (302).jpg,1,0,0,0
quad_hardened,color,DT (139).jpg,1,0,0,0
quad_hardened,color,DT (83).jpg,1,0,0,0
quad_hardened,color,DT (157).jpg,1,1,0,1
quad_hardened,color,DT (359).jpg,1,0,0,0
quad_hardened,color,DT (91).jpg,1,0,0,0
quad_hardened,color,DT (460).jpg,1,0,0,0
quad_hardened,color,DT (472).jpg,1,0,0,0
quad_hardened,color,DT (120).jpg,1,0,0,0
quad_hardened,color,DT (493).jpg,1,0,0,0
quad_hardened,color,DT (181).jpg,1,0,0,0
quad_hardened,color,DT (217).jpg,1,0,0,0
quad_hardened,color,DT (444).jpg,1,0,0,0
quad_hardened,color,DT (524).jpg,1,0,0,0
quad_hardened,color,DT (175).jpg,1,0,0,0
quad_hardened,color,DT (336).jpg,1,0,0,0
quad_hardened,color,DT (123).jpg,1,0,0,0
quad_hardened,color,DT (155).jpg,1,1,0,1
quad_hardened,color,DT (150).jpg,1,1,0,1
quad_hardened,color,DT (411).jpg,1,0,0,0
quad_hardened,color,DT (268).jpg,1,0,0,0
quad_hardened,color,DT (448).jpg,1,0,0,0
quad_hardened,color,DT (273).jpg,1,0,0,0
quad_hardened,color,DT (45).jpg,1,0,0,0
quad_hardened,color,DT (10).jpg,1,1,0,1
quad_hardened,color,DT (143).jpg,1,0,0,0
quad_hardened,color,DT (525).jpg,1,0,0,0
quad_hardened,color,DT (124).jpg,1,0,0,0
quad_hardened,color,DT (269).jpg,1,0,0,0
quad_hardened,color,DT (62).jpg,1,0,0,0
quad_hardened,color,DT (329).jpg,1,0,0,0
quad_hardened,color,DT (44).jpg,1,0,0,0
quad_hardened,color,DT (69).jpg,1,0,0,0
quad_hardened,color,DT (277).jpg,1,0,0,0
quad_hardened,color,DT (507).jpg,1,0,0,0
quad_hardened,color,DT (294).jpg,1,0,0,0
quad_hardened,color,DT (301).jpg,1,0,0,0
quad_hardened,color,DT (458).jpg,1,0,0,0
quad_hardened,color,DT (439).jpg,1,1,0,1
quad_hardened,color,DT (496).jpg,1,0,0,0
quad_hardened,color,DT (406).jpg,1,0,0,0
quad_hardened,color,DT (314).jpg,1,0,0,0
quad_hardened,color,DT (251).jpg,1,1,0,1
quad_hardened,color,DT (285).jpg,1,0,0,0
quad_hardened,color,DT (397).jpg,1,0,0,0
quad_hardened,color,DT (504).jpg,1,0,0,0
quad_hardened,color,DT (111).jpg,1,0,0,0
quad_hardened,color,DT (491).jpg,1,0,0,0
quad_hardened,color,DT (112).jpg,1,0,0,0
quad_hardened,color,DT (433).jpg,1,0,0,0
quad_hardened,color,DT (192).jpg,1,0,0,0
quad_hardened,color,DT (299).jpg,1,0,0,0
quad_hardened,color,DT (138).jpg,1,0,0,0
quad_hardened,color,DT (363).jpg,1,1,0,1
quad_hardened,color,DT (213).jpg,1,0,0,0
quad_hardened,color,DT (322).jpg,1,0,0,0
quad_hardened,color,DT (66).jpg,1,0,0,0
quad_hardened,color,DT (410).jpg,1,0,0,0
quad_hardened,color,DT (235).jpg,1,0,0,0
quad_hardened,color,DT (205).jpg,1,0,0,0
quad_hardened,color,DT (59).jpg,1,0,0,0
quad_hardened,color,DT (288).jpg,1,0,0,0
quad_hardened,color,DT (377).jpg,1,0,0,0
quad_hardened,color,DT (28).jpg,1,0,0,0
quad_hardened,color,DT (224).jpg,1,0,0,0
quad_hardened,color,DT (92).jpg,1,0,0,0
quad_hardened,color,DT (247).jpg,1,0,0,0
quad_hardened,color,DT (198).jpg,1,0,0,0
quad_hardened,color,DT (119).jpg,1,0,0,0
quad_hardened,color,DT (421).jpg,1,0,0,0
quad_hardened,color,DT (513).jpg,1,0,0,0
quad_hardened,color,DT (441).jpg,1,2,0,2
quad_hardened,color,DT (405).jpg,1,0,0,0
quad_hardened,color,DT (333).jpg,1,0,0,0
quad_hardened,color,DT (335).jpg,1,0,0,0
quad_hardened,color,DT (78).jpg,1,0,0,0
quad_hardened,color,DT (33).jpg,1,0,0,0
quad_hardened,color,DT (292).jpg,1,0,0,0
quad_hardened,color,DT (435).jpg,1,0,0,0
quad_hardened,color,DT (490).jpg,1,0,0,0
quad_hardened,color,DT (230).jpg,1,0,0,0
quad_hardened,color,DT (338).jpg,1,0,0,0
quad_hardened,color,DT (266).jpg,1,0,0,0
quad_hardened,color,DT (357).jpg,1,0,0,0
quad_hardened,color,DT (305).jpg,1,0,0,0
quad_hardened,color,DT (31).jpg,1,0,0,0
quad_hardened,color,DT (99).jpg,1,0,0,0
quad_hardened,color,DT (398).jpg,1,0,0,0
quad_hardened,color,DT (432).jpg,1,0,0,0
quad_hardened,color,DT (176).jpg,1,0,0,0
quad_hardened,color,DT (347).jpg,1,0,0,0
quad_hardened,color,DT (133).jpg,1,0,0,0
quad_hardened,color,DT (388).jpg,1,0,0,0
quad_hardened,color,DT (100).jpg,1,0,0,0
quad_hardened,color,DT (418).jpg,1,0,0,0
quad_hardened,color,DT (518).jpg,1,0,0,0
quad_hardened,color,DT (147).jpg,1,0,0,0
quad_hardened,color,DT (462).jpg,1,0,0,0
quad_hardened,color,DT (222).jpg,1,0,0,0
quad_hardened,color,DT (483).jpg,1,0,0,0
quad_hardened,color,DT (2).jpg,1,0,0,0
quad_hardened,color,DT (204).jpg,1,0,0,0
quad_hardened,color,DT (479).jpg,1,0,0,0
quad_hardened,color,DT (275).jpg,1,0,0,0
quad_hardened,color,DT (257).jpg,1,0,0,0
quad_hardened,color,DT (494).jpg,1,0,0,0
quad_hardened,color,DT (183).jpg,1,0,0,0
quad_hardened,color,DT (298).jpg,1,0,0,0
quad_hardened,color,DT (9).jpg,1,1,0,1
quad_hardened,color,DT (89).jpg,1,0,0,0
quad_hardened,color,DT (146).jpg,1,0,0,0
quad_hardened,color,DT (466).jpg,1,0,0,0
quad_hardened,color,DT (108).jpg,1,0,0,0
quad_hardened,color,DT (102).jpg,1,0,0,0
quad_hardened,color,DT (423).jpg,1,0,0,0
quad_hardened,color,DT (134).jpg,1,0,0,0
quad_hardened,color,DT (372).jpg,1,0,0,0
quad_hardened,color,DT (179).jpg,1,0,0,0
quad_hardened,color,DT (248).jpg,1,0,0,0
quad_hardened,color,DT (282).jpg,1,0,0,0
quad_hardened,color,DT (374).jpg,1,0,0,0
quad_hardened,color,DT (250).jpg,1,0,0,0
quad_hardened,color,DT (13).jpg,1,4,0,4
quad_hardened,color,DT (158).jpg,1,1,0,1
quad_hardened,color,DT (369).jpg,1,0,0,0
quad_hardened,color,DT (202).jpg,1,0,0,0
quad_hardened,color,DT (162).jpg,1,0,0,0
quad_hardened,color,DT (103).jpg,1,0,0,0
quad_hardened,color,DT (379).jpg,1,0,0,0
quad_hardened,color,DT (243).jpg,1,0,0,0
quad_hardened,color,DT (190).jpg,1,0,0,0
quad_hardened,color,DT (208).jpg,1,0,0,0
quad_hardened,color,DT (323).jpg,1,0,0,0
quad_hardened,color,DT (403).jpg,1,0,0,0
quad_hardened,color,DT (259).jpg,1,0,0,0
quad_hardened,color,DT (163).jpg,1,0,0,0
quad_hardened,color,DT (169).jpg,1,0,0,0
quad_hardened,color,DT (76).jpg,1,0,0,0
quad_hardened,color,DT (51).jpg,1,0,0,0
quad_hardened,color,DT (239).jpg,1,0,0,0
quad_hardened,color,DT (126).jpg,1,0,0,0
quad_hardened,color,DT (391).jpg,1,0,0,0
quad_hardened,color,DT (121).jpg,1,0,0,0
quad_hardened,color,DT (24).jpg,1,0,0,0
quad_hardened,color,DT (313).jpg,1,0,0,0
quad_hardened,color,BT (112).jpg,0,0,0,0
quad_hardened,color,BT (177).jpg,0,1,0,1
quad_hardened,color,BT (192).jpg,0,1,0,1
quad_hardened,color,BT (21).jpg,0,0,0,0
quad_hardened,color,BT (266).jpg,0,0,0,0
quad_hardened,color,BT (77).jpg,0,0,0,0
quad_hardened,color,BT (222).jpg,0,0,0,0
quad_hardened,color,BT (175).jpg,0,1,0,1
quad_hardened,color,BT (40).jpg,0,0,0,0
quad_hardened,color,BT (308).jpg,0,0,0,0
quad_hardened,color,BT (299).jpg,0,0,0,0
quad_hardened,color,BT (11).jpg,0,0,0,0
quad_hardened,color,BT (102).jpg,0,0,0,0
quad_hardened,color,BT (190).jpg,0,1,0,1
quad_hardened,color,BT (99).jpg,0,0,0,0
quad_hardened,color,BT (53).jpg,0,0,0,0
quad_hardened,color,BT (139).jpg,0,0,0,0
quad_hardened,color,BT (81).jpg,0,0,0,0
quad_hardened,color,BT (101).jpg,0,0,0,0
quad_hardened,color,BT (93).jpg,0,0,0,0
quad_hardened,color,BT (64).jpg,0,0,0,0
quad_hardened,color,BT (82).jpg,0,0,0,0
quad_hardened,color,BT (106).jpg,0,0,0,0
quad_hardened,color,BT (45).jpg,0,0,0,0
quad_hardened,color,BT (20).jpg,0,0,0,0
quad_hardened,color,BT (191).jpg,0,0,0,0
quad_hardened,color,BT (271).jpg,0,0,0,0
quad_hardened,color,BT (144).jpg,0,0,0,0
quad_hardened,color,BT (297).jpg,0,0,0,0
quad_hardened,color,BT (357).jpg,0,1,0,1
quad_hardened,color,BT (160).jpg,0,0,0,0
quad_hardened,color,BT (41).jpg,0,0,0,0
quad_hardened,color,BT (87).jpg,0,0,0,0
quad_hardened,color,BT (290).jpg,0,0,0,0
quad_hardened,color,BT (256).jpg,0,5,0,5
quad_hardened,color,BT (37).jpg,0,0,0,0
quad_hardened,color,BT (165).jpg,0,1,0,1
quad_hardened,color,BT (321).jpg,0,0,0,0
quad_hardened,color,BT (143).jpg,0,0,0,0
quad_hardened,color,BT (294).jpg,0,0,0,0
quad_hardened,color,BT (3).jpg,0,0,0,0
quad_hardened,color,BT (27).jpg,0,0,0,0
quad_hardened,color,BT (137).jpg,0,0,0,0
quad_hardened,color,BT (348).jpg,0,0,0,0
quad_hardened,color,BT (298).jpg,0,0,0,0
quad_hardened,color,BT (72).jpg,0,0,0,0
quad_hardened,color,BT (231).jpg,0,0,0,0
quad_hardened,color,BT (79).jpg,0,0,0,0
quad_hardened,color,BT (293).jpg,0,0,0,0
quad_hardened,color,BT (284).jpg,0,0,0,0
quad_hardened,color,BT (225).jpg,0,0,0,0
quad_hardened,color,BT (334).jpg,0,0,0,0
quad_hardened,color,BT (161).jpg,0,0,0,0
quad_hardened,color,BT (286).jpg,0,0,0,0
quad_hardened,color,BT (170).jpg,0,0,0,0
quad_hardened,color,BT (218).jpg,0,0,0,0
quad_hardened,color,BT (344).jpg,0,0,0,0
quad_hardened,color,BT (282).jpg,0,0,0,0
quad_hardened,color,BT (86).jpg,0,0,0,0
quad_hardened,color,BT (233).jpg,0,0,0,0
quad_hardened,color,BT (107).jpg,0,0,0,0
quad_hardened,color,BT (341).jpg,0,0,0,0
quad_hardened,color,BT (13).jpg,0,0,0,0
quad_hardened,color,BT (322).jpg,0,0,0,0
quad_hardened,color,BT (244).jpg,0,0,0,0
quad_hardened,color,BT (25).jpg,0,0,0,0
quad_hardened,color,BT (123).jpg,0,0,0,0
quad_hardened,color,BT (211).jpg,0,0,0,0
quad_hardened,color,BT (207).jpg,0,0,0,0
quad_hardened,color,BT (178).jpg,0,1,0,1
quad_hardened,color,BT (33).jpg,0,0,0,0
quad_hardened,color,BT (188).jpg,0,1,0,1
quad_hardened,color,BT (217).jpg,0,0,0,0
quad_hardened,color,BT (154).jpg,0,0,0,0
quad_hardened,color,BT (32).jpg,0,0,0,0
quad_hardened,color,BT (260).jpg,0,0,0,0
quad_hardened,color,BT (88).jpg,0,0,0,0
quad_hardened,color,BT (242).jpg,0,0,0,0
quad_hardened,color,BT (350).jpg,0,0,0,0
quad_hardened,color,BT (97).jpg,0,0,0,0
quad_hardened,color,BT (36).jpg,0,0,0,0
quad_hardened,color,BT (52).jpg,0,0,0,0
quad_hardened,color,BT (119).jpg,0,0,0,0
quad_hardened,color,BT (70).jpg,0,0,0,0
quad_hardened,color,BT (193).jpg,0,0,0,0
quad_hardened,color,BT (85).jpg,0,0,0,0
quad_hardened,color,BT (356).jpg,0,2,0,2
quad_hardened,color,BT (228).jpg,0,0,0,0
quad_hardened,color,BT (24).jpg,0,0,0,0
quad_hardened,color,BT (249).jpg,0,3,0,3
quad_hardened,color,BT (354).jpg,0,3,0,3
quad_hardened,color,BT (163).jpg,0,1,0,1
quad_hardened,color,BT (111).jpg,0,0,0,0
quad_hardened,color,BT (130).jpg,0,0,0,0
quad_hardened,color,BT (110).jpg,0,0,0,0
quad_hardened,color,BT (312).jpg,0,0,0,0
quad_hardened,color,BT (304).jpg,0,0,0,0
quad_hardened,color,BT (224).jpg,0,0,0,0
quad_hardened,color,BT (317).jpg,0,0,0,0
quad_hardened,color,BT (2).jpg,0,0,0,0
quad_hardened,color,BT (90).jpg,0,0,0,0
quad_hardened,color,BT (200).jpg,0,1,0,1
quad_hardened,color,BT (39).jpg,0,0,0,0
quad_hardened,color,BT (29).jpg,0,0,0,0
quad_hardened,color,BT (323).jpg,0,0,0,0
quad_hardened,color,BT (274).jpg,0,0,0,0
quad_hardened,color,BT (262).jpg,0,0,0,0
quad_hardened,color,BT (142).jpg,0,0,0,0
quad_hardened,color,BT (246).jpg,0,0,0,0
quad_hardened,color,BT (351).jpg,0,0,0,0
quad_hardened,color,BT (204).jpg,0,0,0,0
quad_hardened,color,BT (223).jpg,0,0,0,0
quad_hardened,color,BT (227).jpg,0,1,0,1
quad_hardened,color,BT (345).jpg,0,0,0,0
quad_hardened,color,BT (89).jpg,0,0,0,0
quad_hardened,color,BT (324).jpg,0,0,0,0
quad_hardened,color,BT (6).jpg,0,0,0,0
quad_hardened,color,BT (172).jpg,0,1,0,1
quad_hardened,color,BT (212).jpg,0,0,0,0
quad_hardened,color,BT (148).jpg,0,0,0,0
quad_hardened,color,BT (240).jpg,0,0,0,0
quad_hardened,color,BT (358).jpg,0,1,0,1
quad_hardened,color,BT (205).jpg,0,0,0,0
quad_hardened,color,BT (285).jpg,0,0,0,0
quad_hardened,color,BT (245).jpg,0,0,0,0
quad_hardened,color,BT (162).jpg,0,0,0,0
quad_hardened,color,BT (329).jpg,0,0,0,0
quad_hardened,color,BT (220).jpg,0,0,0,0
quad_hardened,color,BT (328).jpg,0,0,0,0
quad_hardened,color,BT (267).jpg,0,0,0,0
quad_hardened,color,BT (335).jpg,0,0,0,0
quad_hardened,color,BT (19).jpg,0,0,0,0
quad_hardened,color,BT (103).jpg,0,0,0,0
quad_hardened,color,BT (247).jpg,0,0,0,0
quad_hardened,color,BT (327).jpg,0,0,0,0
quad_hardened,color,BT (8).jpg,0,0,0,0
quad_hardened,color,BT (185).jpg,0,0,0,0
quad_hardened,color,BT (241).jpg,0,0,0,0
quad_hardened,color,BT (255).jpg,0,1,0,1
quad_hardened,color,BT (153).jpg,0,0,0,0
quad_hardened,color,BT (96).jpg,0,0,0,0
quad_hardened,color,BT (58).jpg,0,0,0,0
quad_hardened,color,BT (171).jpg,0,0,0,0
quad_hardened,color,BT (150).jpg,0,0,0,0
quad_hardened,color,BT (128).jpg,0,0,0,0
quad_hardened,color,BT (30).jpg,0,0,0,0
quad_hardened,color,BT (336).jpg,0,0,0,0
quad_hardened,color,BT (135).jpg,0,0,0,0
quad_hardened,color,BT (301).jpg,0,0,0,0
quad_hardened,color,BT (71).jpg,0,0,0,0
quad_hardened,gray,DT (165).jpg,1,0,0,0
quad_hardened,gray,DT (19).jpg,1,0,0,0
quad_hardened,gray,DT (526).jpg,1,0,0,0
quad_hardened,gray,DT (151).jpg,1,0,0,0
quad_hardened,gray,DT (276).jpg,1,0,0,0
quad_hardened,gray,DT (528).jpg,1,0,0,0
quad_hardened,gray,DT (22).jpg,1,0,0,0
quad_hardened,gray,DT (56).jpg,1,0,0,0
quad_hardened,gray,DT (229).jpg,1,0,0,0
quad_hardened,gray,DT (366).jpg,1,0,0,0
quad_hardened,gray,DT (387).jpg,1,0,0,0
quad_hardened,gray,DT (218).jpg,1,0,0,0
quad_hardened,gray,DT (160).jpg,1,0,0,0
quad_hardened,gray,DT (295).jpg,1,0,0,0
quad_hardened,gray,DT (356).jpg,1,0,0,0
quad_hardened,gray,DT (281).jpg,1,0,0,0
quad_hardened,gray,DT (180).jpg,1,0,0,0
quad_hardened,gray,DT (114).jpg,1,0,0,0
quad_hardened,gray,DT (506).jpg,1,0,0,0
quad_hardened,gray,DT (459).jpg,1,0,0,0
quad_hardened,gray,DT (343).jpg,1,0,0,0
quad_hardened,gray,DT (237).jpg,1,0,0,0
quad_hardened,gray,DT (122).jpg,1,0,0,0
quad_hardened,gray,DT (194).jpg,1,0,0,0
quad_hardened,gray,DT (27).jpg,1,0,0,0
quad_hardened,gray,DT (351).jpg,1,0,0,0
quad_hardened,gray,DT (260).jpg,1,0,0,0
quad_hardened,gray,DT (283).jpg,1,0,0,0
quad_hardened,gray,DT (234).jpg,1,0,0,0
quad_hardened,gray,DT (400).jpg,1,0,0,0
quad_hardened,gray,DT (197).jpg,1,0,0,0
quad_hardened,gray,DT (401).jpg,1,0,0,0
quad_hardened,gray,DT (15).jpg,1,0,0,0
quad_hardened,gray,DT (40).jpg,1,0,0,0
quad_hardened,gray,DT (26).jpg,1,0,0,0
quad_hardened,gray,DT (450).jpg,1,0,0,0
quad_hardened,gray,DT (399).jpg,1,0,0,0
quad_hardened,gray,DT (215).jpg,1,0,0,0
quad_hardened,gray,DT (272).jpg,1,0,0,0
quad_hardened,gray,DT (211).jpg,1,0,0,0
quad_hardened,gray,DT (240).jpg,1,0,0,0
quad_hardened,gray,DT (311).jpg,1,0,0,0
quad_hardened,gray,DT (236).jpg,1,0,0,0
quad_hardened,gray,DT (53).jpg,1,0,0,0
quad_hardened,gray,DT (221).jpg,1,0,0,0
quad_hardened,gray,DT (417).jpg,1,0,0,0
quad_hardened,gray,DT (318).jpg,1,0,0,0
quad_hardened,gray,DT (380).jpg,1,0,0,0
quad_hardened,gray,DT (64).jpg,1,0,0,0
quad_hardened,gray,DT (203).jpg,1,0,0,0
quad_hardened,gray,DT (353).jpg,1,0,0,0
quad_hardened,gray,DT (37).jpg,1,0,0,0
quad_hardened,gray,DT (376).jpg,1,0,0,0
quad_hardened,gray,DT (451).jpg,1,0,0,0
quad_hardened,gray,DT (216).jpg,1,0,0,0
quad_hardened,gray,DT (302).jpg,1,0,0,0
quad_hardened,gray,DT (139).jpg,1,0,0,0
quad_hardened,gray,DT (83).jpg,1,0,0,0
quad_hardened,gray,DT (157).jpg,1,0,0,0
quad_hardened,gray,DT (359).jpg,1,0,0,0
quad_hardened,gray,DT (91).jpg,1,0,0,0
quad_hardened,gray,DT (460).jpg,1,0,0,0
quad_hardened,gray,DT (472).jpg,1,0,0,0
quad_hardened,gray,DT (120).jpg,1,0,0,0
quad_hardened,gray,DT (493).jpg,1,1,0,1
quad_hardened,gray,DT (181).jpg,1,0,0,0
quad_hardened,gray,DT (217).jpg,1,0,0,0
quad_hardened,gray,DT (444).jpg,1,0,0,0
quad_hardened,gray,DT (524).jpg,1,0,0,0
quad_hardened,gray,DT (175).jpg,1,0,0,0
quad_hardened,gray,DT (336).jpg,1,0,0,0
quad_hardened,gray,DT (123).jpg,1,0,0,0
quad_hardened,gray,DT (155).jpg,1,0,0,0
quad_hardened,gray,DT (150).jpg,1,0,0,0
quad_hardened,gray,DT (411).jpg,1,0,0,0
quad_hardened,gray,DT (268).jpg,1,0,0,0
quad_hardened,gray,DT (448).jpg,1,0,0,0
quad_hardened,gray,DT (273).jpg,1,0,0,0
quad_hardened,gray,DT (45).jpg,1,0,0,0
quad_hardened,gray,DT (10).jpg,1,0,0,0
quad_hardened,gray,DT (143).jpg,1,0,0,0
quad_hardened,gray,DT (525).jpg,1,0,0,0
quad_hardened,gray,DT (124).jpg,1,0,0,0
quad_hardened,gray,DT (269).jpg,1,0,0,0
quad_hardened,gray,DT (62).jpg,1,0,0,0
quad_hardened,gray,DT (329).jpg,1,0,0,0
quad_hardened,gray,DT (44).jpg,1,0,0,0
quad_hardened,gray,DT (69).jpg,1,0,0,0
quad_hardened,gray,DT (277).jpg,1,0,0,0
quad_hardened,gray,DT (507).jpg,1,0,0,0
quad_hardened,gray,DT (294).jpg,1,0,0,0
quad_hardened,gray,DT (301).jpg,1,0,0,0
quad_hardened,gray,DT (458).jpg,1,0,0,0
quad_hardened,gray,DT (439).jpg,1,0,0,0
quad_hardened,gray,DT (496).jpg,1,1,0,1
quad_hardened,gray,DT (406).jpg,1,0,0,0
quad_hardened,gray,DT (314).jpg,1,0,0,0
quad_hardened,gray,DT (251).jpg,1,0,0,0
quad_hardened,gray,DT (285).jpg,1,0,0,0
quad_hardened,gray,DT (397).jpg,1,0,0,0
quad_hardened,gray,DT (504).jpg,1,0,0,0
quad_hardened,gray,DT (111).jpg,1,0,0,0
quad_hardened,gray,DT (491).jpg,1,0,0,0
quad_hardened,gray,DT (112).jpg,1,0,0,0
quad_hardened,gray,DT (433).jpg,1,0,0,0
quad_hardened,gray,DT (192).jpg,1,0,0,0
quad_hardened,gray,DT (299).jpg,1,0,0,0
quad_hardened,gray,DT (138).jpg,1,0,0,0
quad_hardened,gray,DT (363).jpg,1,0,0,0
quad_hardened,gray,DT (213).jpg,1,0,0,0
quad_hardened,gray,DT (322).jpg,1,0,0,0
quad_hardened,gray,DT (66).jpg,1,0,0,0
quad_hardened,gray,DT (410).jpg,1,0,0,0
quad_hardened,gray,DT (235).jpg,1,0,0,0
quad_hardened,gray,DT (205).jpg,1,0,0,0
quad_hardened,gray,DT (59).jpg,1,0,0,0
quad_hardened,gray,DT (288).jpg,1,0,0,0
quad_hardened,gray,DT (377).jpg,1,0,0,0
quad_hardened,gray,DT (28).jpg,1,0,0,0
quad_hardened,gray,DT (224).jpg,1,0,0,0
quad_hardened,gray,DT (92).jpg,1,0,0,0
quad_hardened,gray,DT (247).jpg,1,0,0,0
quad_hardened,gray,DT (198).jpg,1,0,0,0
quad_hardened,gray,DT (119).jpg,1,0,0,0
quad_hardened,gray,DT (421).jpg,1,0,0,0
quad_hardened,gray,DT (513).jpg,1,0,0,0
quad_hardened,gray,DT (441).jpg,1,0,0,0
quad_hardened,gray,DT (405).jpg,1,0,0,0
quad_hardened,gray,DT (333).jpg,1,0,0,0
quad_hardened,gray,DT (335).jpg,1,0,0,0
quad_hardened,gray,DT (78).jpg,1,0,0,0
quad_hardened,gray,DT (33).jpg,1,0,0,0
quad_hardened,gray,DT (292).jpg,1,0,0,0
quad_hardened,gray,DT (435).jpg,1,0,0,0
quad_hardened,gray,DT (490).jpg,1,0,0,0
quad_hardened,gray,DT (230).jpg,1,0,0,0
quad_hardened,gray,DT (338).jpg,1,0,0,0
quad_hardened,gray,DT (266).jpg,1,0,0,0
quad_hardened,gray,DT (357).jpg,1,0,0,0
quad_hardened,gray,DT (305).jpg,1,0,0,0
quad_hardened,gray,DT (31).jpg,1,1,0,1
quad_hardened,gray,DT (99).jpg,1,0,0,0
quad_hardened,gray,DT (398).jpg,1,0,0,0
quad_hardened,gray,DT (432).jpg,1,0,0,0
quad_hardened,gray,DT (176).jpg,1,0,0,0
quad_hardened,gray,DT (347).jpg,1,0,0,0
quad_hardened,gray,DT (133).jpg,1,0,0,0
quad_hardened,gray,DT (388).jpg,1,0,0,0
quad_hardened,gray,DT (100).jpg,1,0,0,0
quad_hardened,gray,DT (418).jpg,1,0,0,0
quad_hardened,gray,DT (518).jpg,1,0,0,0
quad_hardened,gray,DT (147).jpg,1,0,0,0
quad_hardened,gray,DT (462).jpg,1,0,0,0
quad_hardened,gray,DT (222).jpg,1,0,0,0
quad_hardened,gray,DT (483).jpg,1,0,0,0
quad_hardened,gray,DT (2).jpg,1,0,0,0
quad_hardened,gray,DT (204).jpg,1,0,0,0
quad_hardened,gray,DT (479).jpg,1,0,0,0
quad_hardened,gray,DT (275).jpg,1,0,0,0
quad_hardened,gray,DT (257).jpg,1,0,0,0
quad_hardened,gray,DT (494).jpg,1,0,0,0
quad_hardened,gray,DT (183).jpg,1,0,0,0
quad_hardened,gray,DT (298).jpg,1,0,0,0
quad_hardened,gray,DT (9).jpg,1,0,0,0
quad_hardened,gray,DT (89).jpg,1,0,0,0
quad_hardened,gray,DT (146).jpg,1,0,0,0
quad_hardened,gray,DT (466).jpg,1,0,0,0
quad_hardened,gray,DT (108).jpg,1,0,0,0
quad_hardened,gray,DT (102).jpg,1,0,0,0
quad_hardened,gray,DT (423).jpg,1,0,0,0
quad_hardened,gray,DT (134).jpg,1,0,0,0
quad_hardened,gray,DT (372).jpg,1,0,0,0
quad_hardened,gray,DT (179).jpg,1,0,0,0
quad_hardened,gray,DT (248).jpg,1,0,0,0
quad_hardened,gray,DT (282).jpg,1,0,0,0
quad_hardened,gray,DT (374).jpg,1,0,0,0
quad_hardened,gray,DT (250).jpg,1,0,0,0
quad_hardened,gray,DT (13).jpg,1,0,0,0
quad_hardened,gray,DT (158).jpg,1,0,0,0
quad_hardened,gray,DT (369).jpg,1,0,0,0
quad_hardened,gray,DT (202).jpg,1,0,0,0
quad_hardened,gray,DT (162).jpg,1,0,0,0
quad_hardened,gray,DT (103).jpg,1,0,0,0
quad_hardened,gray,DT (379).jpg,1,0,0,0
quad_hardened,gray,DT (243).jpg,1,0,0,0
quad_hardened,gray,DT (190).jpg,1,0,0,0
quad_hardened,gray,DT (208).jpg,1,0,0,0
quad_hardened,gray,DT (323).jpg,1,0,0,0
quad_hardened,gray,DT (403).jpg,1,0,0,0
quad_hardened,gray,DT (259).jpg,1,0,0,0
quad_hardened,gray,DT (163).jpg,1,0,0,0
quad_hardened,gray,DT (169).jpg,1,0,0,0
quad_hardened,gray,DT (76).jpg,1,0,0,0
quad_hardened,gray,DT (51).jpg,1,0,0,0
quad_hardened,gray,DT (239).jpg,1,0,0,0
quad_hardened,gray,DT (126).jpg,1,0,0,0
quad_hardened,gray,DT (391).jpg,1,0,0,0
quad_hardened,gray,DT (121).jpg,1,0,0,0
quad_hardened,gray,DT (24).jpg,1,0,0,0
quad_hardened,gray,DT (313).jpg,1,0,0,0
quad_hardened,gray,BT (112).jpg,0,0,0,0
quad_hardened,gray,BT (177).jpg,0,0,0,0
quad_hardened,gray,BT (192).jpg,0,0,0,0
quad_hardened,gray,BT (21).jpg,0,0,0,0
quad_hardened,gray,BT (266).jpg,0,0,0,0
quad_hardened,gray,BT (77).jpg,0,0,0,0
quad_hardened,gray,BT (222).jpg,0,1,0,1
quad_hardened,gray,BT (175).jpg,0,0,0,0
quad_hardened,gray,BT (40).jpg,0,0,0,0
quad_hardened,gray,BT (308).jpg,0,0,0,0
quad_hardened,gray,BT (299).jpg,0,0,0,0
quad_hardened,gray,BT (11).jpg,0,0,0,0
quad_hardened,gray,BT (102).jpg,0,0,0,0
quad_hardened,gray,BT (190).jpg,0,0,0,0
quad_hardened,gray,BT (99).jpg,0,0,0,0
quad_hardened,gray,BT (53).jpg,0,0,0,0
quad_hardened,gray,BT (139).jpg,0,0,0,0
quad_hardened,gray,BT (81).jpg,0,0,0,0
quad_hardened,gray,BT (101).jpg,0,0,0,0
quad_hardened,gray,BT (93).jpg,0,0,0,0
quad_hardened,gray,BT (64).jpg,0,0,0,0
quad_hardened,gray,BT (82).jpg,0,0,0,0
quad_hardened,gray,BT (106).jpg,0,0,0,0
quad_hardened,gray,BT (45).jpg,0,0,0,0
quad_hardened,gray,BT (20).jpg,0,0,0,0
quad_hardened,gray,BT (191).jpg,0,0,0,0
quad_hardened,gray,BT (271).jpg,0,0,0,0
quad_hardened,gray,BT (144).jpg,0,0,0,0
quad_hardened,gray,BT (297).jpg,0,0,0,0
quad_hardened,gray,BT (357).jpg,0,0,0,0
quad_hardened,gray,BT (160).jpg,0,0,0,0
quad_hardened,gray,BT (41).jpg,0,0,0,0
quad_hardened,gray,BT (87).jpg,0,0,0,0
quad_hardened,gray,BT (290).jpg,0,0,0,0
quad_hardened,gray,BT (256).jpg,0,0,0,0
quad_hardened,gray,BT (37).jpg,0,0,0,0
quad_hardened,gray,BT (165).jpg,0,0,0,0
quad_hardened,gray,BT (321).jpg,0,0,0,0
quad_hardened,gray,BT (143).jpg,0,0,0,0
quad_hardened,gray,BT (294).jpg,0,0,0,0
quad_hardened,gray,BT (3).jpg,0,0,0,0
quad_hardened,gray,BT (27).jpg,0,0,0,0
quad_hardened,gray,BT (137).jpg,0,0,0,0
quad_hardened,gray,BT (348).jpg,0,0,0,0
quad_hardened,gray,BT (298).jpg,0,0,0,0
quad_hardened,gray,BT (72).jpg,0,0,0,0
quad_hardened,gray,BT (231).jpg,0,0,0,0
quad_hardened,gray,BT (79).jpg,0,0,0,0
quad_hardened,gray,BT (293).jpg,0,0,0,0
quad_hardened,gray,BT (284).jpg,0,0,0,0
quad_hardened,gray,BT (225).jpg,0,0,0,0
quad_hardened,gray,BT (334).jpg,0,0,0,0
quad_hardened,gray,BT (161).jpg,0,0,0,0
quad_hardened,gray,BT (286).jpg,0,0,0,0
quad_hardened,gray,BT (170).jpg,0,0,0,0
quad_hardened,gray,BT (218).jpg,0,0,0,0
quad_hardened,gray,BT (344).jpg,0,0,0,0
quad_hardened,gray,BT (282).jpg,0,0,0,0
quad_hardened,gray,BT (86).jpg,0,0,0,0
quad_hardened,gray,BT (233).jpg,0,0,0,0
quad_hardened,gray,BT (107).jpg,0,0,0,0
quad_hardened,gray,BT (341).jpg,0,0,0,0
quad_hardened,gray,BT (13).jpg,0,0,0,0
quad_hardened,gray,BT (322).jpg,0,0,0,0
quad_hardened,gray,BT (244).jpg,0,0,0,0
quad_hardened,gray,BT (25).jpg,0,0,0,0
quad_hardened,gray,BT (123).jpg,0,0,0,0
quad_hardened,gray,BT (211).jpg,0,0,0,0
quad_hardened,gray,BT (207).jpg,0,0,0,0
quad_hardened,gray,BT (178).jpg,0,0,0,0
quad_hardened,gray,BT (33).jpg,0,0,0,0
quad_hardened,gray,BT (188).jpg,0,0,0,0
quad_hardened,gray,BT (217).jpg,0,0,0,0
quad_hardened,gray,BT (154).jpg,0,0,0,0
quad_hardened,gray,BT (32).jpg,0,0,0,0
quad_hardened,gray,BT (260).jpg,0,0,0,0
quad_hardened,gray,BT (88).jpg,0,0,0,0
quad_hardened,gray,BT (242).jpg,0,0,0,0
quad_hardened,gray,BT (350).jpg,0,0,0,0
quad_hardened,gray,BT (97).jpg,0,0,0,0
quad_hardened,gray,BT (36).jpg,0,0,0,0
quad_hardened,gray,BT (52).jpg,0,0,0,0
quad_hardened,gray,BT (119).jpg,0,0,0,0
quad_hardened,gray,BT (70).jpg,0,0,0,0
quad_hardened,gray,BT (193).jpg,0,0,0,0
quad_hardened,gray,BT (85).jpg,0,0,0,0
quad_hardened,gray,BT (356).jpg,0,0,0,0
quad_hardened,gray,BT (228).jpg,0,0,0,0
quad_hardened,gray,BT (24).jpg,0,0,0,0
quad_hardened,gray,BT (249).jpg,0,0,0,0
quad_hardened,gray,BT (354).jpg,0,0,0,0
quad_hardened,gray,BT (163).jpg,0,0,0,0
quad_hardened,gray,BT (111).jpg,0,0,0,0
quad_hardened,gray,BT (130).jpg,0,0,0,0
quad_hardened,gray,BT (110).jpg,0,0,0,0
quad_hardened,gray,BT (312).jpg,0,0,0,0
quad_hardened,gray,BT (304).jpg,0,0,0,0
quad_hardened,gray,BT (224).jpg,0,0,0,0
quad_hardened,gray,BT (317).jpg,0,0,0,0
quad_hardened,gray,BT (2).jpg,0,0,0,0
quad_hardened,gray,BT (90).jpg,0,0,0,0
quad_hardened,gray,BT (200).jpg,0,0,0,0
quad_hardened,gray,BT (39).jpg,0,0,0,0
quad_hardened,gray,BT (29).jpg,0,0,0,0
quad_hardened,gray,BT (323).jpg,0,0,0,0
quad_hardened,gray,BT (274).jpg,0,0,0,0
quad_hardened,gray,BT (262).jpg,0,0,0,0
quad_hardened,gray,BT (142).jpg,0,0,0,0
quad_hardened,gray,BT (246).jpg,0,0,0,0
quad_hardened,gray,BT (351).jpg,0,0,0,0
quad_hardened,gray,BT (204).jpg,0,0,0,0
quad_hardened,gray,BT (223).jpg,0,0,0,0
quad_hardened,gray,BT (227).jpg,0,0,0,0
quad_hardened,gray,BT (345).jpg,0,0,0,0
quad_hardened,gray,BT (89).jpg,0,0,0,0
quad_hardened,gray,BT (324).jpg,0,0,0,0
quad_hardened,gray,BT (6).jpg,0,0,0,0
quad_hardened,gray,BT (172).jpg,0,0,0,0
quad_hardened,gray,BT (212).jpg,0,0,0,0
quad_hardened,gray,BT (148).jpg,0,0,0,0
quad_hardened,gray,BT (240).jpg,0,0,0,0
quad_hardened,gray,BT (358).jpg,0,0,0,0
quad_hardened,gray,BT (205).jpg,0,0,0,0
quad_hardened,gray,BT (285).jpg,0,0,0,0
quad_hardened,gray,BT (245).jpg,0,0,0,0
quad_hardened,gray,BT (162).jpg,0,0,0,0
quad_hardened,gray,BT (329).jpg,0,0,0,0
quad_hardened,gray,BT (220).jpg,0,0,0,0
quad_hardened,gray,BT (328).jpg,0,0,0,0
quad_hardened,gray,BT (267).jpg,0,0,0,0
quad_hardened,gray,BT (335).jpg,0,0,0,0
quad_hardened,gray,BT (19).jpg,0,0,0,0
quad_hardened,gray,BT (103).jpg,0,0,0,0
quad_hardened,gray,BT (247).jpg,0,0,0,0
quad_hardened,gray,BT (327).jpg,0,0,0,0
quad_hardened,gray,BT (8).jpg,0,0,0,0
quad_hardened,gray,BT (185).jpg,0,0,0,0
quad_hardened,gray,BT (241).jpg,0,0,0,0
quad_hardened,gray,BT (255).jpg,0,0,0,0
quad_hardened,gray,BT (153).jpg,0,0,0,0
quad_hardened,gray,BT (96).jpg,0,0,0,0
quad_hardened,gray,BT (58).jpg,0,0,0,0
quad_hardened,gray,BT (171).jpg,0,0,0,0
quad_hardened,gray,BT (150).jpg,0,0,0,0
quad_hardened,gray,BT (128).jpg,0,0,0,0
quad_hardened,gray,BT (30).jpg,0,0,0,0
quad_hardened,gray,BT (336).jpg,0,0,0,0
quad_hardened,gray,BT (135).jpg,0,0,0,0
quad_hardened,gray,BT (301).jpg,0,0,0,0
quad_hardened,gray,BT (71).jpg,0,0,0,0
quad_rebal,color,DT (165).jpg,1,0,0,0
quad_rebal,color,DT (19).jpg,1,0,0,0
quad_rebal,color,DT (526).jpg,1,0,0,0
quad_rebal,color,DT (151).jpg,1,0,0,0
quad_rebal,color,DT (276).jpg,1,1,0,1
quad_rebal,color,DT (528).jpg,1,0,0,0
quad_rebal,color,DT (22).jpg,1,0,0,0
quad_rebal,color,DT (56).jpg,1,0,0,0
quad_rebal,color,DT (229).jpg,1,0,0,0
quad_rebal,color,DT (366).jpg,1,0,0,0
quad_rebal,color,DT (387).jpg,1,0,0,0
quad_rebal,color,DT (218).jpg,1,0,0,0
quad_rebal,color,DT (160).jpg,1,1,0,1
quad_rebal,color,DT (295).jpg,1,1,0,1
quad_rebal,color,DT (356).jpg,1,0,0,0
quad_rebal,color,DT (281).jpg,1,1,0,1
quad_rebal,color,DT (180).jpg,1,1,0,1
quad_rebal,color,DT (114).jpg,1,0,0,0
quad_rebal,color,DT (506).jpg,1,2,0,2
quad_rebal,color,DT (459).jpg,1,0,0,0
quad_rebal,color,DT (343).jpg,1,1,0,1
quad_rebal,color,DT (237).jpg,1,0,0,0
quad_rebal,color,DT (122).jpg,1,0,0,0
quad_rebal,color,DT (194).jpg,1,1,0,1
quad_rebal,color,DT (27).jpg,1,0,0,0
quad_rebal,color,DT (351).jpg,1,0,0,0
quad_rebal,color,DT (260).jpg,1,0,0,0
quad_rebal,color,DT (283).jpg,1,1,0,1
quad_rebal,color,DT (234).jpg,1,0,0,0
quad_rebal,color,DT (400).jpg,1,0,0,0
quad_rebal,color,DT (197).jpg,1,1,0,1
quad_rebal,color,DT (401).jpg,1,0,0,0
quad_rebal,color,DT (15).jpg,1,0,0,0
quad_rebal,color,DT (40).jpg,1,0,0,0
quad_rebal,color,DT (26).jpg,1,0,0,0
quad_rebal,color,DT (450).jpg,1,0,0,0
quad_rebal,color,DT (399).jpg,1,0,0,0
quad_rebal,color,DT (215).jpg,1,0,0,0
quad_rebal,color,DT (272).jpg,1,1,0,1
quad_rebal,color,DT (211).jpg,1,0,0,0
quad_rebal,color,DT (240).jpg,1,0,0,0
quad_rebal,color,DT (311).jpg,1,0,0,0
quad_rebal,color,DT (236).jpg,1,0,0,0
quad_rebal,color,DT (53).jpg,1,0,0,0
quad_rebal,color,DT (221).jpg,1,0,0,0
quad_rebal,color,DT (417).jpg,1,0,0,0
quad_rebal,color,DT (318).jpg,1,1,0,1
quad_rebal,color,DT (380).jpg,1,0,0,0
quad_rebal,color,DT (64).jpg,1,0,0,0
quad_rebal,color,DT (203).jpg,1,1,0,1
quad_rebal,color,DT (353).jpg,1,0,0,0
quad_rebal,color,DT (37).jpg,1,0,0,0
quad_rebal,color,DT (376).jpg,1,0,0,0
quad_rebal,color,DT (451).jpg,1,0,0,0
quad_rebal,color,DT (216).jpg,1,0,0,0
quad_rebal,color,DT (302).jpg,1,1,0,1
quad_rebal,color,DT (139).jpg,1,0,0,0
quad_rebal,color,DT (83).jpg,1,0,0,0
quad_rebal,color,DT (157).jpg,1,0,0,0
quad_rebal,color,DT (359).jpg,1,0,0,0
quad_rebal,color,DT (91).jpg,1,0,0,0
quad_rebal,color,DT (460).jpg,1,0,0,0
quad_rebal,color,DT (472).jpg,1,0,0,0
quad_rebal,color,DT (120).jpg,1,0,0,0
quad_rebal,color,DT (493).jpg,1,1,0,1
quad_rebal,color,DT (181).jpg,1,1,0,1
quad_rebal,color,DT (217).jpg,1,0,0,0
quad_rebal,color,DT (444).jpg,1,0,0,0
quad_rebal,color,DT (524).jpg,1,0,0,0
quad_rebal,color,DT (175).jpg,1,1,0,1
quad_rebal,color,DT (336).jpg,1,0,0,0
quad_rebal,color,DT (123).jpg,1,0,0,0
quad_rebal,color,DT (155).jpg,1,0,0,0
quad_rebal,color,DT (150).jpg,1,0,0,0
quad_rebal,color,DT (411).jpg,1,0,0,0
quad_rebal,color,DT (268).jpg,1,0,0,0
quad_rebal,color,DT (448).jpg,1,0,0,0
quad_rebal,color,DT (273).jpg,1,1,0,1
quad_rebal,color,DT (45).jpg,1,0,0,0
quad_rebal,color,DT (10).jpg,1,0,0,0
quad_rebal,color,DT (143).jpg,1,0,0,0
quad_rebal,color,DT (525).jpg,1,0,0,0
quad_rebal,color,DT (124).jpg,1,0,0,0
quad_rebal,color,DT (269).jpg,1,0,0,0
quad_rebal,color,DT (62).jpg,1,0,0,0
quad_rebal,color,DT (329).jpg,1,1,0,1
quad_rebal,color,DT (44).jpg,1,0,0,0
quad_rebal,color,DT (69).jpg,1,0,0,0
quad_rebal,color,DT (277).jpg,1,1,0,1
quad_rebal,color,DT (507).jpg,1,2,0,2
quad_rebal,color,DT (294).jpg,1,0,0,0
quad_rebal,color,DT (301).jpg,1,1,0,1
quad_rebal,color,DT (458).jpg,1,0,0,0
quad_rebal,color,DT (439).jpg,1,0,0,0
quad_rebal,color,DT (496).jpg,1,1,0,1
quad_rebal,color,DT (406).jpg,1,0,0,0
quad_rebal,color,DT (314).jpg,1,0,0,0
quad_rebal,color,DT (251).jpg,1,0,0,0
quad_rebal,color,DT (285).jpg,1,1,0,1
quad_rebal,color,DT (397).jpg,1,0,0,0
quad_rebal,color,DT (504).jpg,1,1,0,1
quad_rebal,color,DT (111).jpg,1,0,0,0
quad_rebal,color,DT (491).jpg,1,0,0,0
quad_rebal,color,DT (112).jpg,1,0,0,0
quad_rebal,color,DT (433).jpg,1,0,0,0
quad_rebal,color,DT (192).jpg,1,1,0,1
quad_rebal,color,DT (299).jpg,1,1,0,1
quad_rebal,color,DT (138).jpg,1,0,0,0
quad_rebal,color,DT (363).jpg,1,0,0,0
quad_rebal,color,DT (213).jpg,1,0,0,0
quad_rebal,color,DT (322).jpg,1,0,0,0
quad_rebal,color,DT (66).jpg,1,0,0,0
quad_rebal,color,DT (410).jpg,1,0,0,0
quad_rebal,color,DT (235).jpg,1,0,0,0
quad_rebal,color,DT (205).jpg,1,1,0,1
quad_rebal,color,DT (59).jpg,1,0,0,0
quad_rebal,color,DT (288).jpg,1,0,0,0
quad_rebal,color,DT (377).jpg,1,0,0,0
quad_rebal,color,DT (28).jpg,1,0,0,0
quad_rebal,color,DT (224).jpg,1,0,0,0
quad_rebal,color,DT (92).jpg,1,0,0,0
quad_rebal,color,DT (247).jpg,1,0,0,0
quad_rebal,color,DT (198).jpg,1,1,0,1
quad_rebal,color,DT (119).jpg,1,0,0,0
quad_rebal,color,DT (421).jpg,1,0,0,0
quad_rebal,color,DT (513).jpg,1,0,0,0
quad_rebal,color,DT (441).jpg,1,0,0,0
quad_rebal,color,DT (405).jpg,1,0,0,0
quad_rebal,color,DT (333).jpg,1,1,0,1
quad_rebal,color,DT (335).jpg,1,1,0,1
quad_rebal,color,DT (78).jpg,1,0,0,0
quad_rebal,color,DT (33).jpg,1,0,0,0
quad_rebal,color,DT (292).jpg,1,0,0,0
quad_rebal,color,DT (435).jpg,1,0,0,0
quad_rebal,color,DT (490).jpg,1,0,0,0
quad_rebal,color,DT (230).jpg,1,0,0,0
quad_rebal,color,DT (338).jpg,1,1,0,1
quad_rebal,color,DT (266).jpg,1,0,0,0
quad_rebal,color,DT (357).jpg,1,0,0,0
quad_rebal,color,DT (305).jpg,1,0,0,0
quad_rebal,color,DT (31).jpg,1,0,0,0
quad_rebal,color,DT (99).jpg,1,0,0,0
quad_rebal,color,DT (398).jpg,1,0,0,0
quad_rebal,color,DT (432).jpg,1,0,0,0
quad_rebal,color,DT (176).jpg,1,1,0,1
quad_rebal,color,DT (347).jpg,1,1,0,1
quad_rebal,color,DT (133).jpg,1,0,0,0
quad_rebal,color,DT (388).jpg,1,0,0,0
quad_rebal,color,DT (100).jpg,1,0,0,0
quad_rebal,color,DT (418).jpg,1,0,0,0
quad_rebal,color,DT (518).jpg,1,0,0,0
quad_rebal,color,DT (147).jpg,1,0,0,0
quad_rebal,color,DT (462).jpg,1,0,0,0
quad_rebal,color,DT (222).jpg,1,0,0,0
quad_rebal,color,DT (483).jpg,1,0,0,0
quad_rebal,color,DT (2).jpg,1,0,0,0
quad_rebal,color,DT (204).jpg,1,1,0,1
quad_rebal,color,DT (479).jpg,1,0,0,0
quad_rebal,color,DT (275).jpg,1,0,0,0
quad_rebal,color,DT (257).jpg,1,0,0,0
quad_rebal,color,DT (494).jpg,1,1,0,1
quad_rebal,color,DT (183).jpg,1,1,0,1
quad_rebal,color,DT (298).jpg,1,1,0,1
quad_rebal,color,DT (9).jpg,1,0,0,0
quad_rebal,color,DT (89).jpg,1,0,0,0
quad_rebal,color,DT (146).jpg,1,0,0,0
quad_rebal,color,DT (466).jpg,1,0,0,0
quad_rebal,color,DT (108).jpg,1,0,0,0
quad_rebal,color,DT (102).jpg,1,0,0,0
quad_rebal,color,DT (423).jpg,1,1,0,1
quad_rebal,color,DT (134).jpg,1,0,0,0
quad_rebal,color,DT (372).jpg,1,0,0,0
quad_rebal,color,DT (179).jpg,1,1,0,1
quad_rebal,color,DT (248).jpg,1,0,0,0
quad_rebal,color,DT (282).jpg,1,1,0,1
quad_rebal,color,DT (374).jpg,1,0,0,0
quad_rebal,color,DT (250).jpg,1,0,0,0
quad_rebal,color,DT (13).jpg,1,0,0,0
quad_rebal,color,DT (158).jpg,1,0,0,0
quad_rebal,color,DT (369).jpg,1,0,0,0
quad_rebal,color,DT (202).jpg,1,1,0,1
quad_rebal,color,DT (162).jpg,1,0,0,0
quad_rebal,color,DT (103).jpg,1,0,0,0
quad_rebal,color,DT (379).jpg,1,0,0,0
quad_rebal,color,DT (243).jpg,1,0,0,0
quad_rebal,color,DT (190).jpg,1,1,0,1
quad_rebal,color,DT (208).jpg,1,0,0,0
quad_rebal,color,DT (323).jpg,1,1,0,1
quad_rebal,color,DT (403).jpg,1,0,0,0
quad_rebal,color,DT (259).jpg,1,0,0,0
quad_rebal,color,DT (163).jpg,1,0,0,0
quad_rebal,color,DT (169).jpg,1,0,0,0
quad_rebal,color,DT (76).jpg,1,0,0,0
quad_rebal,color,DT (51).jpg,1,0,0,0
quad_rebal,color,DT (239).jpg,1,0,0,0
quad_rebal,color,DT (126).jpg,1,0,0,0
quad_rebal,color,DT (391).jpg,1,0,0,0
quad_rebal,color,DT (121).jpg,1,0,0,0
quad_rebal,color,DT (24).jpg,1,0,0,0
quad_rebal,color,DT (313).jpg,1,0,0,0
quad_rebal,color,BT (112).jpg,0,0,0,0
quad_rebal,color,BT (177).jpg,0,4,0,4
quad_rebal,color,BT (192).jpg,0,3,0,3
quad_rebal,color,BT (21).jpg,0,0,0,0
quad_rebal,color,BT (266).jpg,0,0,0,0
quad_rebal,color,BT (77).jpg,0,0,0,0
quad_rebal,color,BT (222).jpg,0,0,0,0
quad_rebal,color,BT (175).jpg,0,5,0,5
quad_rebal,color,BT (40).jpg,0,0,0,0
quad_rebal,color,BT (308).jpg,0,0,0,0
quad_rebal,color,BT (299).jpg,0,0,0,0
quad_rebal,color,BT (11).jpg,0,0,0,0
quad_rebal,color,BT (102).jpg,0,0,0,0
quad_rebal,color,BT (190).jpg,0,4,0,4
quad_rebal,color,BT (99).jpg,0,0,0,0
quad_rebal,color,BT (53).jpg,0,0,0,0
quad_rebal,color,BT (139).jpg,0,0,0,0
quad_rebal,color,BT (81).jpg,0,0,0,0
quad_rebal,color,BT (101).jpg,0,0,0,0
quad_rebal,color,BT (93).jpg,0,1,0,1
quad_rebal,color,BT (64).jpg,0,1,0,1
quad_rebal,color,BT (82).jpg,0,0,0,0
quad_rebal,color,BT (106).jpg,0,0,0,0
quad_rebal,color,BT (45).jpg,0,0,0,0
quad_rebal,color,BT (20).jpg,0,0,0,0
quad_rebal,color,BT (191).jpg,0,2,0,2
quad_rebal,color,BT (271).jpg,0,0,0,0
quad_rebal,color,BT (144).jpg,0,0,0,0
quad_rebal,color,BT (297).jpg,0,0,0,0
quad_rebal,color,BT (357).jpg,0,0,0,0
quad_rebal,color,BT (160).jpg,0,3,0,3
quad_rebal,color,BT (41).jpg,0,0,0,0
quad_rebal,color,BT (87).jpg,0,0,0,0
quad_rebal,color,BT (290).jpg,0,0,0,0
quad_rebal,color,BT (256).jpg,0,1,0,1
quad_rebal,color,BT (37).jpg,0,0,0,0
quad_rebal,color,BT (165).jpg,0,6,0,6
quad_rebal,color,BT (321).jpg,0,3,0,3
quad_rebal,color,BT (143).jpg,0,0,0,0
quad_rebal,color,BT (294).jpg,0,0,0,0
quad_rebal,color,BT (3).jpg,0,0,0,0
quad_rebal,color,BT (27).jpg,0,0,0,0
quad_rebal,color,BT (137).jpg,0,0,0,0
quad_rebal,color,BT (348).jpg,0,1,0,1
quad_rebal,color,BT (298).jpg,0,0,0,0
quad_rebal,color,BT (72).jpg,0,0,0,0
quad_rebal,color,BT (231).jpg,0,0,0,0
quad_rebal,color,BT (79).jpg,0,0,0,0
quad_rebal,color,BT (293).jpg,0,0,0,0
quad_rebal,color,BT (284).jpg,0,0,0,0
quad_rebal,color,BT (225).jpg,0,0,0,0
quad_rebal,color,BT (334).jpg,0,2,0,2
quad_rebal,color,BT (161).jpg,0,3,0,3
quad_rebal,color,BT (286).jpg,0,0,0,0
quad_rebal,color,BT (170).jpg,0,4,0,4
quad_rebal,color,BT (218).jpg,0,0,0,0
quad_rebal,color,BT (344).jpg,0,1,0,1
quad_rebal,color,BT (282).jpg,0,0,0,0
quad_rebal,color,BT (86).jpg,0,0,0,0
quad_rebal,color,BT (233).jpg,0,0,0,0
quad_rebal,color,BT (107).jpg,0,0,0,0
quad_rebal,color,BT (341).jpg,0,1,0,1
quad_rebal,color,BT (13).jpg,0,0,0,0
quad_rebal,color,BT (322).jpg,0,2,0,2
quad_rebal,color,BT (244).jpg,0,0,0,0
quad_rebal,color,BT (25).jpg,0,0,0,0
quad_rebal,color,BT (123).jpg,0,0,0,0
quad_rebal,color,BT (211).jpg,0,1,0,1
quad_rebal,color,BT (207).jpg,0,0,0,0
quad_rebal,color,BT (178).jpg,0,4,0,4
quad_rebal,color,BT (33).jpg,0,0,0,0
quad_rebal,color,BT (188).jpg,0,3,0,3
quad_rebal,color,BT (217).jpg,0,1,0,1
quad_rebal,color,BT (154).jpg,0,2,0,2
quad_rebal,color,BT (32).jpg,0,0,0,0
quad_rebal,color,BT (260).jpg,0,0,0,0
quad_rebal,color,BT (88).jpg,0,0,0,0
quad_rebal,color,BT (242).jpg,0,0,0,0
quad_rebal,color,BT (350).jpg,0,1,0,1
quad_rebal,color,BT (97).jpg,0,1,0,1
quad_rebal,color,BT (36).jpg,0,0,0,0
quad_rebal,color,BT (52).jpg,0,0,0,0
quad_rebal,color,BT (119).jpg,0,0,0,0
quad_rebal,color,BT (70).jpg,0,0,0,0
quad_rebal,color,BT (193).jpg,0,2,0,2
quad_rebal,color,BT (85).jpg,0,0,0,0
quad_rebal,color,BT (356).jpg,0,0,0,0
quad_rebal,color,BT (228).jpg,0,0,0,0
quad_rebal,color,BT (24).jpg,0,0,0,0
quad_rebal,color,BT (249).jpg,0,1,0,1
quad_rebal,color,BT (354).jpg,0,1,0,1
quad_rebal,color,BT (163).jpg,0,5,0,5
quad_rebal,color,BT (111).jpg,0,0,0,0
quad_rebal,color,BT (130).jpg,0,0,0,0
quad_rebal,color,BT (110).jpg,0,0,0,0
quad_rebal,color,BT (312).jpg,0,0,0,0
quad_rebal,color,BT (304).jpg,0,0,0,0
quad_rebal,color,BT (224).jpg,0,0,0,0
quad_rebal,color,BT (317).jpg,0,2,0,2
quad_rebal,color,BT (2).jpg,0,0,0,0
quad_rebal,color,BT (90).jpg,0,1,0,1
quad_rebal,color,BT (200).jpg,0,3,0,3
quad_rebal,color,BT (39).jpg,0,0,0,0
quad_rebal,color,BT (29).jpg,0,0,0,0
quad_rebal,color,BT (323).jpg,0,3,0,3
quad_rebal,color,BT (274).jpg,0,0,0,0
quad_rebal,color,BT (262).jpg,0,0,0,0
quad_rebal,color,BT (142).jpg,0,0,0,0
quad_rebal,color,BT (246).jpg,0,0,0,0
quad_rebal,color,BT (351).jpg,0,2,0,2
quad_rebal,color,BT (204).jpg,0,0,0,0
quad_rebal,color,BT (223).jpg,0,0,0,0
quad_rebal,color,BT (227).jpg,0,0,0,0
quad_rebal,color,BT (345).jpg,0,1,0,1
quad_rebal,color,BT (89).jpg,0,0,0,0
quad_rebal,color,BT (324).jpg,0,2,0,2
quad_rebal,color,BT (6).jpg,0,0,0,0
quad_rebal,color,BT (172).jpg,0,4,0,4
quad_rebal,color,BT (212).jpg,0,0,0,0
quad_rebal,color,BT (148).jpg,0,0,0,0
quad_rebal,color,BT (240).jpg,0,0,0,0
quad_rebal,color,BT (358).jpg,0,0,0,0
quad_rebal,color,BT (205).jpg,0,0,0,0
quad_rebal,color,BT (285).jpg,0,0,0,0
quad_rebal,color,BT (245).jpg,0,0,0,0
quad_rebal,color,BT (162).jpg,0,5,0,5
quad_rebal,color,BT (329).jpg,0,1,0,1
quad_rebal,color,BT (220).jpg,0,0,0,0
quad_rebal,color,BT (328).jpg,0,2,0,2
quad_rebal,color,BT (267).jpg,0,0,0,0
quad_rebal,color,BT (335).jpg,0,2,0,2
quad_rebal,color,BT (19).jpg,0,0,0,0
quad_rebal,color,BT (103).jpg,0,1,0,1
quad_rebal,color,BT (247).jpg,0,0,0,0
quad_rebal,color,BT (327).jpg,0,3,0,3
quad_rebal,color,BT (8).jpg,0,0,0,0
quad_rebal,color,BT (185).jpg,0,3,0,3
quad_rebal,color,BT (241).jpg,0,0,0,0
quad_rebal,color,BT (255).jpg,0,1,0,1
quad_rebal,color,BT (153).jpg,0,2,0,2
quad_rebal,color,BT (96).jpg,0,0,0,0
quad_rebal,color,BT (58).jpg,0,0,0,0
quad_rebal,color,BT (171).jpg,0,2,0,2
quad_rebal,color,BT (150).jpg,0,2,0,2
quad_rebal,color,BT (128).jpg,0,0,0,0
quad_rebal,color,BT (30).jpg,0,0,0,0
quad_rebal,color,BT (336).jpg,0,2,0,2
quad_rebal,color,BT (135).jpg,0,0,0,0
quad_rebal,color,BT (301).jpg,0,0,0,0
quad_rebal,color,BT (71).jpg,0,0,0,0
quad_rebal,gray,DT (165).jpg,1,0,0,0
quad_rebal,gray,DT (19).jpg,1,0,0,0
quad_rebal,gray,DT (526).jpg,1,0,0,0
quad_rebal,gray,DT (151).jpg,1,0,0,0
quad_rebal,gray,DT (276).jpg,1,0,0,0
quad_rebal,gray,DT (528).jpg,1,0,0,0
quad_rebal,gray,DT (22).jpg,1,0,0,0
quad_rebal,gray,DT (56).jpg,1,0,0,0
quad_rebal,gray,DT (229).jpg,1,0,0,0
quad_rebal,gray,DT (366).jpg,1,0,0,0
quad_rebal,gray,DT (387).jpg,1,0,0,0
quad_rebal,gray,DT (218).jpg,1,0,0,0
quad_rebal,gray,DT (160).jpg,1,0,0,0
quad_rebal,gray,DT (295).jpg,1,0,0,0
quad_rebal,gray,DT (356).jpg,1,0,0,0
quad_rebal,gray,DT (281).jpg,1,0,0,0
quad_rebal,gray,DT (180).jpg,1,0,0,0
quad_rebal,gray,DT (114).jpg,1,0,0,0
quad_rebal,gray,DT (506).jpg,1,4,0,4
quad_rebal,gray,DT (459).jpg,1,0,0,0
quad_rebal,gray,DT (343).jpg,1,0,0,0
quad_rebal,gray,DT (237).jpg,1,0,0,0
quad_rebal,gray,DT (122).jpg,1,0,0,0
quad_rebal,gray,DT (194).jpg,1,0,0,0
quad_rebal,gray,DT (27).jpg,1,0,0,0
quad_rebal,gray,DT (351).jpg,1,0,0,0
quad_rebal,gray,DT (260).jpg,1,0,0,0
quad_rebal,gray,DT (283).jpg,1,0,0,0
quad_rebal,gray,DT (234).jpg,1,0,0,0
quad_rebal,gray,DT (400).jpg,1,0,0,0
quad_rebal,gray,DT (197).jpg,1,0,0,0
quad_rebal,gray,DT (401).jpg,1,0,0,0
quad_rebal,gray,DT (15).jpg,1,0,0,0
quad_rebal,gray,DT (40).jpg,1,0,0,0
quad_rebal,gray,DT (26).jpg,1,0,0,0
quad_rebal,gray,DT (450).jpg,1,0,0,0
quad_rebal,gray,DT (399).jpg,1,0,0,0
quad_rebal,gray,DT (215).jpg,1,0,0,0
quad_rebal,gray,DT (272).jpg,1,0,0,0
quad_rebal,gray,DT (211).jpg,1,0,0,0
quad_rebal,gray,DT (240).jpg,1,0,0,0
quad_rebal,gray,DT (311).jpg,1,0,0,0
quad_rebal,gray,DT (236).jpg,1,0,0,0
quad_rebal,gray,DT (53).jpg,1,0,0,0
quad_rebal,gray,DT (221).jpg,1,0,0,0
quad_rebal,gray,DT (417).jpg,1,0,0,0
quad_rebal,gray,DT (318).jpg,1,0,0,0
quad_rebal,gray,DT (380).jpg,1,0,0,0
quad_rebal,gray,DT (64).jpg,1,0,0,0
quad_rebal,gray,DT (203).jpg,1,0,0,0
quad_rebal,gray,DT (353).jpg,1,0,0,0
quad_rebal,gray,DT (37).jpg,1,0,0,0
quad_rebal,gray,DT (376).jpg,1,0,0,0
quad_rebal,gray,DT (451).jpg,1,0,0,0
quad_rebal,gray,DT (216).jpg,1,0,0,0
quad_rebal,gray,DT (302).jpg,1,0,0,0
quad_rebal,gray,DT (139).jpg,1,0,0,0
quad_rebal,gray,DT (83).jpg,1,0,0,0
quad_rebal,gray,DT (157).jpg,1,0,0,0
quad_rebal,gray,DT (359).jpg,1,0,0,0
quad_rebal,gray,DT (91).jpg,1,0,0,0
quad_rebal,gray,DT (460).jpg,1,0,0,0
quad_rebal,gray,DT (472).jpg,1,0,0,0
quad_rebal,gray,DT (120).jpg,1,0,0,0
quad_rebal,gray,DT (493).jpg,1,1,0,1
quad_rebal,gray,DT (181).jpg,1,0,0,0
quad_rebal,gray,DT (217).jpg,1,0,0,0
quad_rebal,gray,DT (444).jpg,1,0,0,0
quad_rebal,gray,DT (524).jpg,1,0,0,0
quad_rebal,gray,DT (175).jpg,1,0,0,0
quad_rebal,gray,DT (336).jpg,1,0,0,0
quad_rebal,gray,DT (123).jpg,1,0,0,0
quad_rebal,gray,DT (155).jpg,1,0,0,0
quad_rebal,gray,DT (150).jpg,1,0,0,0
quad_rebal,gray,DT (411).jpg,1,0,0,0
quad_rebal,gray,DT (268).jpg,1,0,0,0
quad_rebal,gray,DT (448).jpg,1,0,0,0
quad_rebal,gray,DT (273).jpg,1,0,0,0
quad_rebal,gray,DT (45).jpg,1,0,0,0
quad_rebal,gray,DT (10).jpg,1,0,0,0
quad_rebal,gray,DT (143).jpg,1,0,0,0
quad_rebal,gray,DT (525).jpg,1,0,0,0
quad_rebal,gray,DT (124).jpg,1,0,0,0
quad_rebal,gray,DT (269).jpg,1,0,0,0
quad_rebal,gray,DT (62).jpg,1,0,0,0
quad_rebal,gray,DT (329).jpg,1,0,0,0
quad_rebal,gray,DT (44).jpg,1,0,0,0
quad_rebal,gray,DT (69).jpg,1,0,0,0
quad_rebal,gray,DT (277).jpg,1,0,0,0
quad_rebal,gray,DT (507).jpg,1,4,0,4
quad_rebal,gray,DT (294).jpg,1,0,0,0
quad_rebal,gray,DT (301).jpg,1,0,0,0
quad_rebal,gray,DT (458).jpg,1,0,0,0
quad_rebal,gray,DT (439).jpg,1,0,0,0
quad_rebal,gray,DT (496).jpg,1,1,0,1
quad_rebal,gray,DT (406).jpg,1,0,0,0
quad_rebal,gray,DT (314).jpg,1,0,0,0
quad_rebal,gray,DT (251).jpg,1,0,0,0
quad_rebal,gray,DT (285).jpg,1,0,0,0
quad_rebal,gray,DT (397).jpg,1,0,0,0
quad_rebal,gray,DT (504).jpg,1,2,0,2
quad_rebal,gray,DT (111).jpg,1,0,0,0
quad_rebal,gray,DT (491).jpg,1,0,0,0
quad_rebal,gray,DT (112).jpg,1,0,0,0
quad_rebal,gray,DT (433).jpg,1,0,0,0
quad_rebal,gray,DT (192).jpg,1,0,0,0
quad_rebal,gray,DT (299).jpg,1,0,0,0
quad_rebal,gray,DT (138).jpg,1,0,0,0
quad_rebal,gray,DT (363).jpg,1,0,0,0
quad_rebal,gray,DT (213).jpg,1,0,0,0
quad_rebal,gray,DT (322).jpg,1,0,0,0
quad_rebal,gray,DT (66).jpg,1,0,0,0
quad_rebal,gray,DT (410).jpg,1,0,0,0
quad_rebal,gray,DT (235).jpg,1,0,0,0
quad_rebal,gray,DT (205).jpg,1,0,0,0
quad_rebal,gray,DT (59).jpg,1,0,0,0
quad_rebal,gray,DT (288).jpg,1,0,0,0
quad_rebal,gray,DT (377).jpg,1,0,0,0
quad_rebal,gray,DT (28).jpg,1,0,0,0
quad_rebal,gray,DT (224).jpg,1,0,0,0
quad_rebal,gray,DT (92).jpg,1,0,0,0
quad_rebal,gray,DT (247).jpg,1,0,0,0
quad_rebal,gray,DT (198).jpg,1,0,0,0
quad_rebal,gray,DT (119).jpg,1,0,0,0
quad_rebal,gray,DT (421).jpg,1,0,0,0
quad_rebal,gray,DT (513).jpg,1,0,0,0
quad_rebal,gray,DT (441).jpg,1,0,0,0
quad_rebal,gray,DT (405).jpg,1,0,0,0
quad_rebal,gray,DT (333).jpg,1,0,0,0
quad_rebal,gray,DT (335).jpg,1,0,0,0
quad_rebal,gray,DT (78).jpg,1,0,0,0
quad_rebal,gray,DT (33).jpg,1,0,0,0
quad_rebal,gray,DT (292).jpg,1,0,0,0
quad_rebal,gray,DT (435).jpg,1,0,0,0
quad_rebal,gray,DT (490).jpg,1,0,0,0
quad_rebal,gray,DT (230).jpg,1,0,0,0
quad_rebal,gray,DT (338).jpg,1,0,0,0
quad_rebal,gray,DT (266).jpg,1,0,0,0
quad_rebal,gray,DT (357).jpg,1,0,0,0
quad_rebal,gray,DT (305).jpg,1,0,0,0
quad_rebal,gray,DT (31).jpg,1,0,0,0
quad_rebal,gray,DT (99).jpg,1,0,0,0
quad_rebal,gray,DT (398).jpg,1,0,0,0
quad_rebal,gray,DT (432).jpg,1,0,0,0
quad_rebal,gray,DT (176).jpg,1,0,0,0
quad_rebal,gray,DT (347).jpg,1,1,0,1
quad_rebal,gray,DT (133).jpg,1,0,0,0
quad_rebal,gray,DT (388).jpg,1,0,0,0
quad_rebal,gray,DT (100).jpg,1,0,0,0
quad_rebal,gray,DT (418).jpg,1,0,0,0
quad_rebal,gray,DT (518).jpg,1,0,0,0
quad_rebal,gray,DT (147).jpg,1,0,0,0
quad_rebal,gray,DT (462).jpg,1,0,0,0
quad_rebal,gray,DT (222).jpg,1,0,0,0
quad_rebal,gray,DT (483).jpg,1,0,0,0
quad_rebal,gray,DT (2).jpg,1,0,0,0
quad_rebal,gray,DT (204).jpg,1,0,0,0
quad_rebal,gray,DT (479).jpg,1,0,0,0
quad_rebal,gray,DT (275).jpg,1,0,0,0
quad_rebal,gray,DT (257).jpg,1,0,0,0
quad_rebal,gray,DT (494).jpg,1,2,0,2
quad_rebal,gray,DT (183).jpg,1,0,0,0
quad_rebal,gray,DT (298).jpg,1,0,0,0
quad_rebal,gray,DT (9).jpg,1,0,0,0
quad_rebal,gray,DT (89).jpg,1,0,0,0
quad_rebal,gray,DT (146).jpg,1,0,0,0
quad_rebal,gray,DT (466).jpg,1,0,0,0
quad_rebal,gray,DT (108).jpg,1,0,0,0
quad_rebal,gray,DT (102).jpg,1,0,0,0
quad_rebal,gray,DT (423).jpg,1,0,0,0
quad_rebal,gray,DT (134).jpg,1,0,0,0
quad_rebal,gray,DT (372).jpg,1,0,0,0
quad_rebal,gray,DT (179).jpg,1,0,0,0
quad_rebal,gray,DT (248).jpg,1,0,0,0
quad_rebal,gray,DT (282).jpg,1,0,0,0
quad_rebal,gray,DT (374).jpg,1,0,0,0
quad_rebal,gray,DT (250).jpg,1,0,0,0
quad_rebal,gray,DT (13).jpg,1,0,0,0
quad_rebal,gray,DT (158).jpg,1,0,0,0
quad_rebal,gray,DT (369).jpg,1,0,0,0
quad_rebal,gray,DT (202).jpg,1,0,0,0
quad_rebal,gray,DT (162).jpg,1,0,0,0
quad_rebal,gray,DT (103).jpg,1,0,0,0
quad_rebal,gray,DT (379).jpg,1,0,0,0
quad_rebal,gray,DT (243).jpg,1,0,0,0
quad_rebal,gray,DT (190).jpg,1,0,0,0
quad_rebal,gray,DT (208).jpg,1,0,0,0
quad_rebal,gray,DT (323).jpg,1,0,0,0
quad_rebal,gray,DT (403).jpg,1,0,0,0
quad_rebal,gray,DT (259).jpg,1,0,0,0
quad_rebal,gray,DT (163).jpg,1,0,0,0
quad_rebal,gray,DT (169).jpg,1,0,0,0
quad_rebal,gray,DT (76).jpg,1,0,0,0
quad_rebal,gray,DT (51).jpg,1,0,0,0
quad_rebal,gray,DT (239).jpg,1,0,0,0
quad_rebal,gray,DT (126).jpg,1,0,0,0
quad_rebal,gray,DT (391).jpg,1,0,0,0
quad_rebal,gray,DT (121).jpg,1,0,0,0
quad_rebal,gray,DT (24).jpg,1,0,0,0
quad_rebal,gray,DT (313).jpg,1,0,0,0
quad_rebal,gray,BT (112).jpg,0,0,0,0
quad_rebal,gray,BT (177).jpg,0,0,0,0
quad_rebal,gray,BT (192).jpg,0,0,0,0
quad_rebal,gray,BT (21).jpg,0,0,0,0
quad_rebal,gray,BT (266).jpg,0,0,0,0
quad_rebal,gray,BT (77).jpg,0,0,0,0
quad_rebal,gray,BT (222).jpg,0,0,0,0
quad_rebal,gray,BT (175).jpg,0,0,0,0
quad_rebal,gray,BT (40).jpg,0,0,0,0
quad_rebal,gray,BT (308).jpg,0,0,0,0
quad_rebal,gray,BT (299).jpg,0,0,0,0
quad_rebal,gray,BT (11).jpg,0,0,0,0
quad_rebal,gray,BT (102).jpg,0,0,0,0
quad_rebal,gray,BT (190).jpg,0,0,0,0
quad_rebal,gray,BT (99).jpg,0,0,0,0
quad_rebal,gray,BT (53).jpg,0,0,0,0
quad_rebal,gray,BT (139).jpg,0,0,0,0
quad_rebal,gray,BT (81).jpg,0,0,0,0
quad_rebal,gray,BT (101).jpg,0,0,0,0
quad_rebal,gray,BT (93).jpg,0,1,0,1
quad_rebal,gray,BT (64).jpg,0,1,0,1
quad_rebal,gray,BT (82).jpg,0,0,0,0
quad_rebal,gray,BT (106).jpg,0,0,0,0
quad_rebal,gray,BT (45).jpg,0,0,0,0
quad_rebal,gray,BT (20).jpg,0,0,0,0
quad_rebal,gray,BT (191).jpg,0,0,0,0
quad_rebal,gray,BT (271).jpg,0,0,0,0
quad_rebal,gray,BT (144).jpg,0,0,0,0
quad_rebal,gray,BT (297).jpg,0,0,0,0
quad_rebal,gray,BT (357).jpg,0,0,0,0
quad_rebal,gray,BT (160).jpg,0,0,0,0
quad_rebal,gray,BT (41).jpg,0,0,0,0
quad_rebal,gray,BT (87).jpg,0,0,0,0
quad_rebal,gray,BT (290).jpg,0,0,0,0
quad_rebal,gray,BT (256).jpg,0,1,0,1
quad_rebal,gray,BT (37).jpg,0,0,0,0
quad_rebal,gray,BT (165).jpg,0,0,0,0
quad_rebal,gray,BT (321).jpg,0,0,0,0
quad_rebal,gray,BT (143).jpg,0,0,0,0
quad_rebal,gray,BT (294).jpg,0,0,0,0
quad_rebal,gray,BT (3).jpg,0,0,0,0
quad_rebal,gray,BT (27).jpg,0,0,0,0
quad_rebal,gray,BT (137).jpg,0,0,0,0
quad_rebal,gray,BT (348).jpg,0,0,0,0
quad_rebal,gray,BT (298).jpg,0,0,0,0
quad_rebal,gray,BT (72).jpg,0,0,0,0
quad_rebal,gray,BT (231).jpg,0,0,0,0
quad_rebal,gray,BT (79).jpg,0,0,0,0
quad_rebal,gray,BT (293).jpg,0,0,0,0
quad_rebal,gray,BT (284).jpg,0,0,0,0
quad_rebal,gray,BT (225).jpg,0,0,0,0
quad_rebal,gray,BT (334).jpg,0,0,0,0
quad_rebal,gray,BT (161).jpg,0,0,0,0
quad_rebal,gray,BT (286).jpg,0,0,0,0
quad_rebal,gray,BT (170).jpg,0,0,0,0
quad_rebal,gray,BT (218).jpg,0,0,0,0
quad_rebal,gray,BT (344).jpg,0,0,0,0
quad_rebal,gray,BT (282).jpg,0,0,0,0
quad_rebal,gray,BT (86).jpg,0,0,0,0
quad_rebal,gray,BT (233).jpg,0,0,0,0
quad_rebal,gray,BT (107).jpg,0,0,0,0
quad_rebal,gray,BT (341).jpg,0,0,0,0
quad_rebal,gray,BT (13).jpg,0,0,0,0
quad_rebal,gray,BT (322).jpg,0,0,0,0
quad_rebal,gray,BT (244).jpg,0,0,0,0
quad_rebal,gray,BT (25).jpg,0,0,0,0
quad_rebal,gray,BT (123).jpg,0,0,0,0
quad_rebal,gray,BT (211).jpg,0,0,0,0
quad_rebal,gray,BT (207).jpg,0,0,0,0
quad_rebal,gray,BT (178).jpg,0,0,0,0
quad_rebal,gray,BT (33).jpg,0,0,0,0
quad_rebal,gray,BT (188).jpg,0,0,0,0
quad_rebal,gray,BT (217).jpg,0,0,0,0
quad_rebal,gray,BT (154).jpg,0,0,0,0
quad_rebal,gray,BT (32).jpg,0,0,0,0
quad_rebal,gray,BT (260).jpg,0,0,0,0
quad_rebal,gray,BT (88).jpg,0,0,0,0
quad_rebal,gray,BT (242).jpg,0,0,0,0
quad_rebal,gray,BT (350).jpg,0,0,0,0
quad_rebal,gray,BT (97).jpg,0,0,0,0
quad_rebal,gray,BT (36).jpg,0,0,0,0
quad_rebal,gray,BT (52).jpg,0,0,0,0
quad_rebal,gray,BT (119).jpg,0,0,0,0
quad_rebal,gray,BT (70).jpg,0,0,0,0
quad_rebal,gray,BT (193).jpg,0,0,0,0
quad_rebal,gray,BT (85).jpg,0,0,0,0
quad_rebal,gray,BT (356).jpg,0,0,0,0
quad_rebal,gray,BT (228).jpg,0,0,0,0
quad_rebal,gray,BT (24).jpg,0,0,0,0
quad_rebal,gray,BT (249).jpg,0,0,0,0
quad_rebal,gray,BT (354).jpg,0,1,0,1
quad_rebal,gray,BT (163).jpg,0,0,0,0
quad_rebal,gray,BT (111).jpg,0,0,0,0
quad_rebal,gray,BT (130).jpg,0,0,0,0
quad_rebal,gray,BT (110).jpg,0,0,0,0
quad_rebal,gray,BT (312).jpg,0,0,0,0
quad_rebal,gray,BT (304).jpg,0,0,0,0
quad_rebal,gray,BT (224).jpg,0,0,0,0
quad_rebal,gray,BT (317).jpg,0,0,0,0
quad_rebal,gray,BT (2).jpg,0,0,0,0
quad_rebal,gray,BT (90).jpg,0,1,0,1
quad_rebal,gray,BT (200).jpg,0,0,0,0
quad_rebal,gray,BT (39).jpg,0,0,0,0
quad_rebal,gray,BT (29).jpg,0,0,0,0
quad_rebal,gray,BT (323).jpg,0,0,0,0
quad_rebal,gray,BT (274).jpg,0,0,0,0
quad_rebal,gray,BT (262).jpg,0,0,0,0
quad_rebal,gray,BT (142).jpg,0,0,0,0
quad_rebal,gray,BT (246).jpg,0,0,0,0
quad_rebal,gray,BT (351).jpg,0,0,0,0
quad_rebal,gray,BT (204).jpg,0,0,0,0
quad_rebal,gray,BT (223).jpg,0,0,0,0
quad_rebal,gray,BT (227).jpg,0,0,0,0
quad_rebal,gray,BT (345).jpg,0,0,0,0
quad_rebal,gray,BT (89).jpg,0,0,0,0
quad_rebal,gray,BT (324).jpg,0,0,0,0
quad_rebal,gray,BT (6).jpg,0,0,0,0
quad_rebal,gray,BT (172).jpg,0,0,0,0
quad_rebal,gray,BT (212).jpg,0,0,0,0
quad_rebal,gray,BT (148).jpg,0,0,0,0
quad_rebal,gray,BT (240).jpg,0,0,0,0
quad_rebal,gray,BT (358).jpg,0,0,0,0
quad_rebal,gray,BT (205).jpg,0,0,0,0
quad_rebal,gray,BT (285).jpg,0,0,0,0
quad_rebal,gray,BT (245).jpg,0,0,0,0
quad_rebal,gray,BT (162).jpg,0,0,0,0
quad_rebal,gray,BT (329).jpg,0,0,0,0
quad_rebal,gray,BT (220).jpg,0,0,0,0
quad_rebal,gray,BT (328).jpg,0,0,0,0
quad_rebal,gray,BT (267).jpg,0,0,0,0
quad_rebal,gray,BT (335).jpg,0,0,0,0
quad_rebal,gray,BT (19).jpg,0,0,0,0
quad_rebal,gray,BT (103).jpg,0,0,0,0
quad_rebal,gray,BT (247).jpg,0,0,0,0
quad_rebal,gray,BT (327).jpg,0,0,0,0
quad_rebal,gray,BT (8).jpg,0,0,0,0
quad_rebal,gray,BT (185).jpg,0,0,0,0
quad_rebal,gray,BT (241).jpg,0,0,0,0
quad_rebal,gray,BT (255).jpg,0,1,0,1
quad_rebal,gray,BT (153).jpg,0,0,0,0
quad_rebal,gray,BT (96).jpg,0,0,0,0
quad_rebal,gray,BT (58).jpg,0,0,0,0
quad_rebal,gray,BT (171).jpg,0,0,0,0
quad_rebal,gray,BT (150).jpg,0,0,0,0
quad_rebal,gray,BT (128).jpg,0,0,0,0
quad_rebal,gray,BT (30).jpg,0,0,0,0
quad_rebal,gray,BT (336).jpg,0,0,0,0
quad_rebal,gray,BT (135).jpg,0,0,0,0
quad_rebal,gray,BT (301).jpg,0,0,0,0
quad_rebal,gray,BT (71).jpg,0,0,0,0
yolo11x_mit,color,DT (165).jpg,1,1,1,0
yolo11x_mit,color,DT (19).jpg,1,1,1,0
yolo11x_mit,color,DT (526).jpg,1,2,0,2
yolo11x_mit,color,DT (151).jpg,1,1,1,0
yolo11x_mit,color,DT (276).jpg,1,1,1,0
yolo11x_mit,color,DT (528).jpg,1,1,0,1
yolo11x_mit,color,DT (22).jpg,1,1,1,0
yolo11x_mit,color,DT (56).jpg,1,2,1,1
yolo11x_mit,color,DT (229).jpg,1,3,0,3
yolo11x_mit,color,DT (366).jpg,1,1,0,1
yolo11x_mit,color,DT (387).jpg,1,1,1,0
yolo11x_mit,color,DT (218).jpg,1,1,0,1
yolo11x_mit,color,DT (160).jpg,1,1,1,0
yolo11x_mit,color,DT (295).jpg,1,1,1,0
yolo11x_mit,color,DT (356).jpg,1,0,0,0
yolo11x_mit,color,DT (281).jpg,1,1,1,0
yolo11x_mit,color,DT (180).jpg,1,0,0,0
yolo11x_mit,color,DT (114).jpg,1,1,1,0
yolo11x_mit,color,DT (506).jpg,1,2,1,1
yolo11x_mit,color,DT (459).jpg,1,2,0,2
yolo11x_mit,color,DT (343).jpg,1,1,1,0
yolo11x_mit,color,DT (237).jpg,1,1,0,1
yolo11x_mit,color,DT (122).jpg,1,1,1,0
yolo11x_mit,color,DT (194).jpg,1,0,0,0
yolo11x_mit,color,DT (27).jpg,1,2,1,1
yolo11x_mit,color,DT (351).jpg,1,1,0,1
yolo11x_mit,color,DT (260).jpg,1,2,0,2
yolo11x_mit,color,DT (283).jpg,1,1,1,0
yolo11x_mit,color,DT (234).jpg,1,1,1,0
yolo11x_mit,color,DT (400).jpg,1,1,1,0
yolo11x_mit,color,DT (197).jpg,1,1,1,0
yolo11x_mit,color,DT (401).jpg,1,1,1,0
yolo11x_mit,color,DT (15).jpg,1,1,1,0
yolo11x_mit,color,DT (40).jpg,1,1,0,1
yolo11x_mit,color,DT (26).jpg,1,1,0,1
yolo11x_mit,color,DT (450).jpg,1,1,1,0
yolo11x_mit,color,DT (399).jpg,1,1,1,0
yolo11x_mit,color,DT (215).jpg,1,1,1,0
yolo11x_mit,color,DT (272).jpg,1,1,1,0
yolo11x_mit,color,DT (211).jpg,1,1,1,0
yolo11x_mit,color,DT (240).jpg,1,1,0,1
yolo11x_mit,color,DT (311).jpg,1,2,1,1
yolo11x_mit,color,DT (236).jpg,1,1,1,0
yolo11x_mit,color,DT (53).jpg,1,1,0,1
yolo11x_mit,color,DT (221).jpg,1,1,0,1
yolo11x_mit,color,DT (417).jpg,1,1,1,0
yolo11x_mit,color,DT (318).jpg,1,1,1,0
yolo11x_mit,color,DT (380).jpg,1,1,0,1
yolo11x_mit,color,DT (64).jpg,1,1,0,1
yolo11x_mit,color,DT (203).jpg,1,1,1,0
yolo11x_mit,color,DT (353).jpg,1,1,0,1
yolo11x_mit,color,DT (37).jpg,1,3,1,2
yolo11x_mit,color,DT (376).jpg,1,1,1,0
yolo11x_mit,color,DT (451).jpg,1,1,1,0
yolo11x_mit,color,DT (216).jpg,1,1,1,0
yolo11x_mit,color,DT (302).jpg,1,1,1,0
yolo11x_mit,color,DT (139).jpg,1,1,1,0
yolo11x_mit,color,DT (83).jpg,1,2,1,1
yolo11x_mit,color,DT (157).jpg,1,1,1,0
yolo11x_mit,color,DT (359).jpg,1,0,0,0
yolo11x_mit,color,DT (91).jpg,1,1,0,1
yolo11x_mit,color,DT (460).jpg,1,3,0,3
yolo11x_mit,color,DT (472).jpg,1,1,0,1
yolo11x_mit,color,DT (120).jpg,1,1,1,0
yolo11x_mit,color,DT (493).jpg,1,1,1,0
yolo11x_mit,color,DT (181).jpg,1,0,0,0
yolo11x_mit,color,DT (217).jpg,1,1,1,0
yolo11x_mit,color,DT (444).jpg,1,1,0,1
yolo11x_mit,color,DT (524).jpg,1,2,0,2
yolo11x_mit,color,DT (175).jpg,1,1,1,0
yolo11x_mit,color,DT (336).jpg,1,1,1,0
yolo11x_mit,color,DT (123).jpg,1,1,1,0
yolo11x_mit,color,DT (155).jpg,1,1,1,0
yolo11x_mit,color,DT (150).jpg,1,1,1,0
yolo11x_mit,color,DT (411).jpg,1,1,1,0
yolo11x_mit,color,DT (268).jpg,1,1,1,0
yolo11x_mit,color,DT (448).jpg,1,0,0,0
yolo11x_mit,color,DT (273).jpg,1,2,1,1
yolo11x_mit,color,DT (45).jpg,1,1,0,1
yolo11x_mit,color,DT (10).jpg,1,1,1,0
yolo11x_mit,color,DT (143).jpg,1,0,0,0
yolo11x_mit,color,DT (525).jpg,1,2,0,2
yolo11x_mit,color,DT (124).jpg,1,1,1,0
yolo11x_mit,color,DT (269).jpg,1,1,1,0
yolo11x_mit,color,DT (62).jpg,1,2,1,1
yolo11x_mit,color,DT (329).jpg,1,1,1,0
yolo11x_mit,color,DT (44).jpg,1,1,0,1
yolo11x_mit,color,DT (69).jpg,1,1,0,1
yolo11x_mit,color,DT (277).jpg,1,1,1,0
yolo11x_mit,color,DT (507).jpg,1,2,1,1
yolo11x_mit,color,DT (294).jpg,1,1,1,0
yolo11x_mit,color,DT (301).jpg,1,1,1,0
yolo11x_mit,color,DT (458).jpg,1,2,0,2
yolo11x_mit,color,DT (439).jpg,1,2,1,1
yolo11x_mit,color,DT (496).jpg,1,1,0,1
yolo11x_mit,color,DT (406).jpg,1,1,1,0
yolo11x_mit,color,DT (314).jpg,1,2,1,1
yolo11x_mit,color,DT (251).jpg,1,1,0,1
yolo11x_mit,color,DT (285).jpg,1,1,1,0
yolo11x_mit,color,DT (397).jpg,1,1,1,0
yolo11x_mit,color,DT (504).jpg,1,2,1,1
yolo11x_mit,color,DT (111).jpg,1,0,0,0
yolo11x_mit,color,DT (491).jpg,1,5,0,5
yolo11x_mit,color,DT (112).jpg,1,0,0,0
yolo11x_mit,color,DT (433).jpg,1,2,0,2
yolo11x_mit,color,DT (192).jpg,1,0,0,0
yolo11x_mit,color,DT (299).jpg,1,1,1,0
yolo11x_mit,color,DT (138).jpg,1,0,0,0
yolo11x_mit,color,DT (363).jpg,1,1,1,0
yolo11x_mit,color,DT (213).jpg,1,1,1,0
yolo11x_mit,color,DT (322).jpg,1,1,1,0
yolo11x_mit,color,DT (66).jpg,1,2,1,1
yolo11x_mit,color,DT (410).jpg,1,1,1,0
yolo11x_mit,color,DT (235).jpg,1,1,0,1
yolo11x_mit,color,DT (205).jpg,1,0,0,0
yolo11x_mit,color,DT (59).jpg,1,2,1,1
yolo11x_mit,color,DT (288).jpg,1,0,0,0
yolo11x_mit,color,DT (377).jpg,1,1,0,1
yolo11x_mit,color,DT (28).jpg,1,3,1,2
yolo11x_mit,color,DT (224).jpg,1,2,0,2
yolo11x_mit,color,DT (92).jpg,1,2,0,2
yolo11x_mit,color,DT (247).jpg,1,1,0,1
yolo11x_mit,color,DT (198).jpg,1,1,1,0
yolo11x_mit,color,DT (119).jpg,1,1,1,0
yolo11x_mit,color,DT (421).jpg,1,1,1,0
yolo11x_mit,color,DT (513).jpg,1,1,1,0
yolo11x_mit,color,DT (441).jpg,1,1,1,0
yolo11x_mit,color,DT (405).jpg,1,1,1,0
yolo11x_mit,color,DT (333).jpg,1,1,0,1
yolo11x_mit,color,DT (335).jpg,1,1,1,0
yolo11x_mit,color,DT (78).jpg,1,1,0,1
yolo11x_mit,color,DT (33).jpg,1,1,0,1
yolo11x_mit,color,DT (292).jpg,1,1,1,0
yolo11x_mit,color,DT (435).jpg,1,2,1,1
yolo11x_mit,color,DT (490).jpg,1,4,0,4
yolo11x_mit,color,DT (230).jpg,1,2,0,2
yolo11x_mit,color,DT (338).jpg,1,1,1,0
yolo11x_mit,color,DT (266).jpg,1,1,1,0
yolo11x_mit,color,DT (357).jpg,1,0,0,0
yolo11x_mit,color,DT (305).jpg,1,2,1,1
yolo11x_mit,color,DT (31).jpg,1,1,0,1
yolo11x_mit,color,DT (99).jpg,1,1,1,0
yolo11x_mit,color,DT (398).jpg,1,1,1,0
yolo11x_mit,color,DT (432).jpg,1,3,1,2
yolo11x_mit,color,DT (176).jpg,1,0,0,0
yolo11x_mit,color,DT (347).jpg,1,1,1,0
yolo11x_mit,color,DT (133).jpg,1,1,1,0
yolo11x_mit,color,DT (388).jpg,1,1,1,0
yolo11x_mit,color,DT (100).jpg,1,1,1,0
yolo11x_mit,color,DT (418).jpg,1,1,1,0
yolo11x_mit,color,DT (518).jpg,1,1,0,1
yolo11x_mit,color,DT (147).jpg,1,0,0,0
yolo11x_mit,color,DT (462).jpg,1,2,0,2
yolo11x_mit,color,DT (222).jpg,1,1,1,0
yolo11x_mit,color,DT (483).jpg,1,2,0,2
yolo11x_mit,color,DT (2).jpg,1,1,1,0
yolo11x_mit,color,DT (204).jpg,1,1,1,0
yolo11x_mit,color,DT (479).jpg,1,2,0,2
yolo11x_mit,color,DT (275).jpg,1,2,1,1
yolo11x_mit,color,DT (257).jpg,1,1,1,0
yolo11x_mit,color,DT (494).jpg,1,1,1,0
yolo11x_mit,color,DT (183).jpg,1,0,0,0
yolo11x_mit,color,DT (298).jpg,1,0,0,0
yolo11x_mit,color,DT (9).jpg,1,1,1,0
yolo11x_mit,color,DT (89).jpg,1,1,0,1
yolo11x_mit,color,DT (146).jpg,1,0,0,0
yolo11x_mit,color,DT (466).jpg,1,1,1,0
yolo11x_mit,color,DT (108).jpg,1,0,0,0
yolo11x_mit,color,DT (102).jpg,1,1,1,0
yolo11x_mit,color,DT (423).jpg,1,1,1,0
yolo11x_mit,color,DT (134).jpg,1,1,1,0
yolo11x_mit,color,DT (372).jpg,1,1,0,1
yolo11x_mit,color,DT (179).jpg,1,0,0,0
yolo11x_mit,color,DT (248).jpg,1,1,0,1
yolo11x_mit,color,DT (282).jpg,1,1,1,0
yolo11x_mit,color,DT (374).jpg,1,1,0,1
yolo11x_mit,color,DT (250).jpg,1,1,0,1
yolo11x_mit,color,DT (13).jpg,1,1,1,0
yolo11x_mit,color,DT (158).jpg,1,1,1,0
yolo11x_mit,color,DT (369).jpg,1,1,1,0
yolo11x_mit,color,DT (202).jpg,1,1,1,0
yolo11x_mit,color,DT (162).jpg,1,1,1,0
yolo11x_mit,color,DT (103).jpg,1,0,0,0
yolo11x_mit,color,DT (379).jpg,1,1,0,1
yolo11x_mit,color,DT (243).jpg,1,1,0,1
yolo11x_mit,color,DT (190).jpg,1,0,0,0
yolo11x_mit,color,DT (208).jpg,1,1,1,0
yolo11x_mit,color,DT (323).jpg,1,1,1,0
yolo11x_mit,color,DT (403).jpg,1,1,1,0
yolo11x_mit,color,DT (259).jpg,1,1,0,1
yolo11x_mit,color,DT (163).jpg,1,1,1,0
yolo11x_mit,color,DT (169).jpg,1,1,1,0
yolo11x_mit,color,DT (76).jpg,1,2,1,1
yolo11x_mit,color,DT (51).jpg,1,2,0,2
yolo11x_mit,color,DT (239).jpg,1,1,1,0
yolo11x_mit,color,DT (126).jpg,1,1,1,0
yolo11x_mit,color,DT (391).jpg,1,1,1,0
yolo11x_mit,color,DT (121).jpg,1,1,1,0
yolo11x_mit,color,DT (24).jpg,1,2,1,1
yolo11x_mit,color,DT (313).jpg,1,2,1,1
yolo11x_mit,color,BT (112).jpg,0,0,0,0
yolo11x_mit,color,BT (177).jpg,0,2,0,2
yolo11x_mit,color,BT (192).jpg,0,2,0,2
yolo11x_mit,color,BT (21).jpg,0,1,0,1
yolo11x_mit,color,BT (266).jpg,0,0,0,0
yolo11x_mit,color,BT (77).jpg,0,0,0,0
yolo11x_mit,color,BT (222).jpg,0,0,0,0
yolo11x_mit,color,BT (175).jpg,0,1,0,1
yolo11x_mit,color,BT (40).jpg,0,0,0,0
yolo11x_mit,color,BT (308).jpg,0,1,0,1
yolo11x_mit,color,BT (299).jpg,0,0,0,0
yolo11x_mit,color,BT (11).jpg,0,0,0,0
yolo11x_mit,color,BT (102).jpg,0,0,0,0
yolo11x_mit,color,BT (190).jpg,0,2,0,2
yolo11x_mit,color,BT (99).jpg,0,0,0,0
yolo11x_mit,color,BT (53).jpg,0,0,0,0
yolo11x_mit,color,BT (139).jpg,0,1,0,1
yolo11x_mit,color,BT (81).jpg,0,0,0,0
yolo11x_mit,color,BT (101).jpg,0,0,0,0
yolo11x_mit,color,BT (93).jpg,0,1,0,1
yolo11x_mit,color,BT (64).jpg,0,1,0,1
yolo11x_mit,color,BT (82).jpg,0,0,0,0
yolo11x_mit,color,BT (106).jpg,0,0,0,0
yolo11x_mit,color,BT (45).jpg,0,0,0,0
yolo11x_mit,color,BT (20).jpg,0,0,0,0
yolo11x_mit,color,BT (191).jpg,0,1,0,1
yolo11x_mit,color,BT (271).jpg,0,1,0,1
yolo11x_mit,color,BT (144).jpg,0,1,0,1
yolo11x_mit,color,BT (297).jpg,0,0,0,0
yolo11x_mit,color,BT (357).jpg,0,0,0,0
yolo11x_mit,color,BT (160).jpg,0,3,0,3
yolo11x_mit,color,BT (41).jpg,0,1,0,1
yolo11x_mit,color,BT (87).jpg,0,0,0,0
yolo11x_mit,color,BT (290).jpg,0,1,0,1
yolo11x_mit,color,BT (256).jpg,0,0,0,0
yolo11x_mit,color,BT (37).jpg,0,0,0,0
yolo11x_mit,color,BT (165).jpg,0,2,0,2
yolo11x_mit,color,BT (321).jpg,0,1,0,1
yolo11x_mit,color,BT (143).jpg,0,1,0,1
yolo11x_mit,color,BT (294).jpg,0,2,0,2
yolo11x_mit,color,BT (3).jpg,0,0,0,0
yolo11x_mit,color,BT (27).jpg,0,0,0,0
yolo11x_mit,color,BT (137).jpg,0,1,0,1
yolo11x_mit,color,BT (348).jpg,0,1,0,1
yolo11x_mit,color,BT (298).jpg,0,0,0,0
yolo11x_mit,color,BT (72).jpg,0,0,0,0
yolo11x_mit,color,BT (231).jpg,0,0,0,0
yolo11x_mit,color,BT (79).jpg,0,0,0,0
yolo11x_mit,color,BT (293).jpg,0,1,0,1
yolo11x_mit,color,BT (284).jpg,0,0,0,0
yolo11x_mit,color,BT (225).jpg,0,0,0,0
yolo11x_mit,color,BT (334).jpg,0,2,0,2
yolo11x_mit,color,BT (161).jpg,0,1,0,1
yolo11x_mit,color,BT (286).jpg,0,0,0,0
yolo11x_mit,color,BT (170).jpg,0,1,0,1
yolo11x_mit,color,BT (218).jpg,0,0,0,0
yolo11x_mit,color,BT (344).jpg,0,0,0,0
yolo11x_mit,color,BT (282).jpg,0,1,0,1
yolo11x_mit,color,BT (86).jpg,0,0,0,0
yolo11x_mit,color,BT (233).jpg,0,0,0,0
yolo11x_mit,color,BT (107).jpg,0,0,0,0
yolo11x_mit,color,BT (341).jpg,0,1,0,1
yolo11x_mit,color,BT (13).jpg,0,1,0,1
yolo11x_mit,color,BT (322).jpg,0,1,0,1
yolo11x_mit,color,BT (244).jpg,0,0,0,0
yolo11x_mit,color,BT (25).jpg,0,0,0,0
yolo11x_mit,color,BT (123).jpg,0,1,0,1
yolo11x_mit,color,BT (211).jpg,0,0,0,0
yolo11x_mit,color,BT (207).jpg,0,0,0,0
yolo11x_mit,color,BT (178).jpg,0,0,0,0
yolo11x_mit,color,BT (33).jpg,0,0,0,0
yolo11x_mit,color,BT (188).jpg,0,3,0,3
yolo11x_mit,color,BT (217).jpg,0,0,0,0
yolo11x_mit,color,BT (154).jpg,0,2,0,2
yolo11x_mit,color,BT (32).jpg,0,0,0,0
yolo11x_mit,color,BT (260).jpg,0,0,0,0
yolo11x_mit,color,BT (88).jpg,0,0,0,0
yolo11x_mit,color,BT (242).jpg,0,0,0,0
yolo11x_mit,color,BT (350).jpg,0,1,0,1
yolo11x_mit,color,BT (97).jpg,0,0,0,0
yolo11x_mit,color,BT (36).jpg,0,0,0,0
yolo11x_mit,color,BT (52).jpg,0,0,0,0
yolo11x_mit,color,BT (119).jpg,0,0,0,0
yolo11x_mit,color,BT (70).jpg,0,0,0,0
yolo11x_mit,color,BT (193).jpg,0,1,0,1
yolo11x_mit,color,BT (85).jpg,0,0,0,0
yolo11x_mit,color,BT (356).jpg,0,0,0,0
yolo11x_mit,color,BT (228).jpg,0,0,0,0
yolo11x_mit,color,BT (24).jpg,0,2,0,2
yolo11x_mit,color,BT (249).jpg,0,0,0,0
yolo11x_mit,color,BT (354).jpg,0,0,0,0
yolo11x_mit,color,BT (163).jpg,0,1,0,1
yolo11x_mit,color,BT (111).jpg,0,0,0,0
yolo11x_mit,color,BT (130).jpg,0,2,0,2
yolo11x_mit,color,BT (110).jpg,0,0,0,0
yolo11x_mit,color,BT (312).jpg,0,0,0,0
yolo11x_mit,color,BT (304).jpg,0,1,0,1
yolo11x_mit,color,BT (224).jpg,0,0,0,0
yolo11x_mit,color,BT (317).jpg,0,1,0,1
yolo11x_mit,color,BT (2).jpg,0,0,0,0
yolo11x_mit,color,BT (90).jpg,0,1,0,1
yolo11x_mit,color,BT (200).jpg,0,3,0,3
yolo11x_mit,color,BT (39).jpg,0,0,0,0
yolo11x_mit,color,BT (29).jpg,0,0,0,0
yolo11x_mit,color,BT (323).jpg,0,1,0,1
yolo11x_mit,color,BT (274).jpg,0,1,0,1
yolo11x_mit,color,BT (262).jpg,0,0,0,0
yolo11x_mit,color,BT (142).jpg,0,1,0,1
yolo11x_mit,color,BT (246).jpg,0,0,0,0
yolo11x_mit,color,BT (351).jpg,0,0,0,0
yolo11x_mit,color,BT (204).jpg,0,0,0,0
yolo11x_mit,color,BT (223).jpg,0,0,0,0
yolo11x_mit,color,BT (227).jpg,0,0,0,0
yolo11x_mit,color,BT (345).jpg,0,1,0,1
yolo11x_mit,color,BT (89).jpg,0,0,0,0
yolo11x_mit,color,BT (324).jpg,0,2,0,2
yolo11x_mit,color,BT (6).jpg,0,0,0,0
yolo11x_mit,color,BT (172).jpg,0,2,0,2
yolo11x_mit,color,BT (212).jpg,0,0,0,0
yolo11x_mit,color,BT (148).jpg,0,1,0,1
yolo11x_mit,color,BT (240).jpg,0,0,0,0
yolo11x_mit,color,BT (358).jpg,0,0,0,0
yolo11x_mit,color,BT (205).jpg,0,0,0,0
yolo11x_mit,color,BT (285).jpg,0,0,0,0
yolo11x_mit,color,BT (245).jpg,0,0,0,0
yolo11x_mit,color,BT (162).jpg,0,1,0,1
yolo11x_mit,color,BT (329).jpg,0,1,0,1
yolo11x_mit,color,BT (220).jpg,0,0,0,0
yolo11x_mit,color,BT (328).jpg,0,1,0,1
yolo11x_mit,color,BT (267).jpg,0,1,0,1
yolo11x_mit,color,BT (335).jpg,0,1,0,1
yolo11x_mit,color,BT (19).jpg,0,0,0,0
yolo11x_mit,color,BT (103).jpg,0,0,0,0
yolo11x_mit,color,BT (247).jpg,0,1,0,1
yolo11x_mit,color,BT (327).jpg,0,1,0,1
yolo11x_mit,color,BT (8).jpg,0,0,0,0
yolo11x_mit,color,BT (185).jpg,0,1,0,1
yolo11x_mit,color,BT (241).jpg,0,0,0,0
yolo11x_mit,color,BT (255).jpg,0,0,0,0
yolo11x_mit,color,BT (153).jpg,0,1,0,1
yolo11x_mit,color,BT (96).jpg,0,0,0,0
yolo11x_mit,color,BT (58).jpg,0,0,0,0
yolo11x_mit,color,BT (171).jpg,0,1,0,1
yolo11x_mit,color,BT (150).jpg,0,1,0,1
yolo11x_mit,color,BT (128).jpg,0,2,0,2
yolo11x_mit,color,BT (30).jpg,0,0,0,0
yolo11x_mit,color,BT (336).jpg,0,1,0,1
yolo11x_mit,color,BT (135).jpg,0,1,0,1
yolo11x_mit,color,BT (301).jpg,0,0,0,0
yolo11x_mit,color,BT (71).jpg,0,0,0,0
yolo11x_mit,gray,DT (165).jpg,1,2,1,1
yolo11x_mit,gray,DT (19).jpg,1,1,1,0
yolo11x_mit,gray,DT (526).jpg,1,2,0,2
yolo11x_mit,gray,DT (151).jpg,1,0,0,0
yolo11x_mit,gray,DT (276).jpg,1,2,1,1
yolo11x_mit,gray,DT (528).jpg,1,1,0,1
yolo11x_mit,gray,DT (22).jpg,1,1,1,0
yolo11x_mit,gray,DT (56).jpg,1,4,1,3
yolo11x_mit,gray,DT (229).jpg,1,1,1,0
yolo11x_mit,gray,DT (366).jpg,1,1,0,1
yolo11x_mit,gray,DT (387).jpg,1,1,1,0
yolo11x_mit,gray,DT (218).jpg,1,1,0,1
yolo11x_mit,gray,DT (160).jpg,1,1,0,1
yolo11x_mit,gray,DT (295).jpg,1,2,1,1
yolo11x_mit,gray,DT (356).jpg,1,1,1,0
yolo11x_mit,gray,DT (281).jpg,1,2,1,1
yolo11x_mit,gray,DT (180).jpg,1,0,0,0
yolo11x_mit,gray,DT (114).jpg,1,1,0,1
yolo11x_mit,gray,DT (506).jpg,1,2,1,1
yolo11x_mit,gray,DT (459).jpg,1,4,0,4
yolo11x_mit,gray,DT (343).jpg,1,1,1,0
yolo11x_mit,gray,DT (237).jpg,1,1,0,1
yolo11x_mit,gray,DT (122).jpg,1,0,0,0
yolo11x_mit,gray,DT (194).jpg,1,0,0,0
yolo11x_mit,gray,DT (27).jpg,1,5,1,4
yolo11x_mit,gray,DT (351).jpg,1,2,1,1
yolo11x_mit,gray,DT (260).jpg,1,1,0,1
yolo11x_mit,gray,DT (283).jpg,1,2,1,1
yolo11x_mit,gray,DT (234).jpg,1,1,0,1
yolo11x_mit,gray,DT (400).jpg,1,1,1,0
yolo11x_mit,gray,DT (197).jpg,1,0,0,0
yolo11x_mit,gray,DT (401).jpg,1,2,1,1
yolo11x_mit,gray,DT (15).jpg,1,1,1,0
yolo11x_mit,gray,DT (40).jpg,1,2,0,2
yolo11x_mit,gray,DT (26).jpg,1,4,1,3
yolo11x_mit,gray,DT (450).jpg,1,1,0,1
yolo11x_mit,gray,DT (399).jpg,1,1,1,0
yolo11x_mit,gray,DT (215).jpg,1,1,0,1
yolo11x_mit,gray,DT (272).jpg,1,3,1,2
yolo11x_mit,gray,DT (211).jpg,1,1,1,0
yolo11x_mit,gray,DT (240).jpg,1,1,0,1
yolo11x_mit,gray,DT (311).jpg,1,2,1,1
yolo11x_mit,gray,DT (236).jpg,1,1,0,1
yolo11x_mit,gray,DT (53).jpg,1,2,0,2
yolo11x_mit,gray,DT (221).jpg,1,1,0,1
yolo11x_mit,gray,DT (417).jpg,1,1,1,0
yolo11x_mit,gray,DT (318).jpg,1,2,1,1
yolo11x_mit,gray,DT (380).jpg,1,1,1,0
yolo11x_mit,gray,DT (64).jpg,1,3,0,3
yolo11x_mit,gray,DT (203).jpg,1,0,0,0
yolo11x_mit,gray,DT (353).jpg,1,1,0,1
yolo11x_mit,gray,DT (37).jpg,1,3,0,3
yolo11x_mit,gray,DT (376).jpg,1,1,1,0
yolo11x_mit,gray,DT (451).jpg,1,1,1,0
yolo11x_mit,gray,DT (216).jpg,1,1,1,0
yolo11x_mit,gray,DT (302).jpg,1,3,1,2
yolo11x_mit,gray,DT (139).jpg,1,0,0,0
yolo11x_mit,gray,DT (83).jpg,1,4,0,4
yolo11x_mit,gray,DT (157).jpg,1,0,0,0
yolo11x_mit,gray,DT (359).jpg,1,1,0,1
yolo11x_mit,gray,DT (91).jpg,1,3,0,3
yolo11x_mit,gray,DT (460).jpg,1,4,0,4
yolo11x_mit,gray,DT (472).jpg,1,6,0,6
yolo11x_mit,gray,DT (120).jpg,1,0,0,0
yolo11x_mit,gray,DT (493).jpg,1,2,1,1
yolo11x_mit,gray,DT (181).jpg,1,0,0,0
yolo11x_mit,gray,DT (217).jpg,1,1,0,1
yolo11x_mit,gray,DT (444).jpg,1,2,0,2
yolo11x_mit,gray,DT (524).jpg,1,2,0,2
yolo11x_mit,gray,DT (175).jpg,1,3,1,2
yolo11x_mit,gray,DT (336).jpg,1,1,1,0
yolo11x_mit,gray,DT (123).jpg,1,0,0,0
yolo11x_mit,gray,DT (155).jpg,1,0,0,0
yolo11x_mit,gray,DT (150).jpg,1,0,0,0
yolo11x_mit,gray,DT (411).jpg,1,1,1,0
yolo11x_mit,gray,DT (268).jpg,1,2,1,1
yolo11x_mit,gray,DT (448).jpg,1,2,0,2
yolo11x_mit,gray,DT (273).jpg,1,3,1,2
yolo11x_mit,gray,DT (45).jpg,1,4,0,4
yolo11x_mit,gray,DT (10).jpg,1,1,1,0
yolo11x_mit,gray,DT (143).jpg,1,0,0,0
yolo11x_mit,gray,DT (525).jpg,1,2,0,2
yolo11x_mit,gray,DT (124).jpg,1,0,0,0
yolo11x_mit,gray,DT (269).jpg,1,2,1,1
yolo11x_mit,gray,DT (62).jpg,1,4,0,4
yolo11x_mit,gray,DT (329).jpg,1,1,1,0
yolo11x_mit,gray,DT (44).jpg,1,3,0,3
yolo11x_mit,gray,DT (69).jpg,1,3,0,3
yolo11x_mit,gray,DT (277).jpg,1,3,1,2
yolo11x_mit,gray,DT (507).jpg,1,2,1,1
yolo11x_mit,gray,DT (294).jpg,1,4,1,3
yolo11x_mit,gray,DT (301).jpg,1,3,1,2
yolo11x_mit,gray,DT (458).jpg,1,4,0,4
yolo11x_mit,gray,DT (439).jpg,1,1,0,1
yolo11x_mit,gray,DT (496).jpg,1,1,1,0
yolo11x_mit,gray,DT (406).jpg,1,1,1,0
yolo11x_mit,gray,DT (314).jpg,1,2,1,1
yolo11x_mit,gray,DT (251).jpg,1,1,0,1
yolo11x_mit,gray,DT (285).jpg,1,2,1,1
yolo11x_mit,gray,DT (397).jpg,1,1,1,0
yolo11x_mit,gray,DT (504).jpg,1,2,1,1
yolo11x_mit,gray,DT (111).jpg,1,0,0,0
yolo11x_mit,gray,DT (491).jpg,1,4,0,4
yolo11x_mit,gray,DT (112).jpg,1,0,0,0
yolo11x_mit,gray,DT (433).jpg,1,2,0,2
yolo11x_mit,gray,DT (192).jpg,1,0,0,0
yolo11x_mit,gray,DT (299).jpg,1,2,1,1
yolo11x_mit,gray,DT (138).jpg,1,0,0,0
yolo11x_mit,gray,DT (363).jpg,1,1,1,0
yolo11x_mit,gray,DT (213).jpg,1,1,1,0
yolo11x_mit,gray,DT (322).jpg,1,1,1,0
yolo11x_mit,gray,DT (66).jpg,1,3,0,3
yolo11x_mit,gray,DT (410).jpg,1,1,1,0
yolo11x_mit,gray,DT (235).jpg,1,1,0,1
yolo11x_mit,gray,DT (205).jpg,1,0,0,0
yolo11x_mit,gray,DT (59).jpg,1,3,1,2
yolo11x_mit,gray,DT (288).jpg,1,2,1,1
yolo11x_mit,gray,DT (377).jpg,1,1,0,1
yolo11x_mit,gray,DT (28).jpg,1,4,1,3
yolo11x_mit,gray,DT (224).jpg,1,1,0,1
yolo11x_mit,gray,DT (92).jpg,1,3,0,3
yolo11x_mit,gray,DT (247).jpg,1,1,0,1
yolo11x_mit,gray,DT (198).jpg,1,0,0,0
yolo11x_mit,gray,DT (119).jpg,1,0,0,0
yolo11x_mit,gray,DT (421).jpg,1,1,1,0
yolo11x_mit,gray,DT (513).jpg,1,1,1,0
yolo11x_mit,gray,DT (441).jpg,1,1,0,1
yolo11x_mit,gray,DT (405).jpg,1,1,1,0
yolo11x_mit,gray,DT (333).jpg,1,1,0,1
yolo11x_mit,gray,DT (335).jpg,1,1,1,0
yolo11x_mit,gray,DT (78).jpg,1,4,0,4
yolo11x_mit,gray,DT (33).jpg,1,3,0,3
yolo11x_mit,gray,DT (292).jpg,1,2,1,1
yolo11x_mit,gray,DT (435).jpg,1,0,0,0
yolo11x_mit,gray,DT (490).jpg,1,4,0,4
yolo11x_mit,gray,DT (230).jpg,1,1,0,1
yolo11x_mit,gray,DT (338).jpg,1,1,1,0
yolo11x_mit,gray,DT (266).jpg,1,1,1,0
yolo11x_mit,gray,DT (357).jpg,1,1,1,0
yolo11x_mit,gray,DT (305).jpg,1,2,1,1
yolo11x_mit,gray,DT (31).jpg,1,3,0,3
yolo11x_mit,gray,DT (99).jpg,1,3,1,2
yolo11x_mit,gray,DT (398).jpg,1,1,1,0
yolo11x_mit,gray,DT (432).jpg,1,3,1,2
yolo11x_mit,gray,DT (176).jpg,1,1,0,1
yolo11x_mit,gray,DT (347).jpg,1,1,1,0
yolo11x_mit,gray,DT (133).jpg,1,0,0,0
yolo11x_mit,gray,DT (388).jpg,1,2,1,1
yolo11x_mit,gray,DT (100).jpg,1,0,0,0
yolo11x_mit,gray,DT (418).jpg,1,1,1,0
yolo11x_mit,gray,DT (518).jpg,1,1,0,1
yolo11x_mit,gray,DT (147).jpg,1,0,0,0
yolo11x_mit,gray,DT (462).jpg,1,4,0,4
yolo11x_mit,gray,DT (222).jpg,1,1,0,1
yolo11x_mit,gray,DT (483).jpg,1,5,0,5
yolo11x_mit,gray,DT (2).jpg,1,2,1,1
yolo11x_mit,gray,DT (204).jpg,1,1,0,1
yolo11x_mit,gray,DT (479).jpg,1,5,0,5
yolo11x_mit,gray,DT (275).jpg,1,2,1,1
yolo11x_mit,gray,DT (257).jpg,1,1,1,0
yolo11x_mit,gray,DT (494).jpg,1,1,1,0
yolo11x_mit,gray,DT (183).jpg,1,0,0,0
yolo11x_mit,gray,DT (298).jpg,1,2,1,1
yolo11x_mit,gray,DT (9).jpg,1,1,1,0
yolo11x_mit,gray,DT (89).jpg,1,6,0,6
yolo11x_mit,gray,DT (146).jpg,1,0,0,0
yolo11x_mit,gray,DT (466).jpg,1,4,0,4
yolo11x_mit,gray,DT (108).jpg,1,0,0,0
yolo11x_mit,gray,DT (102).jpg,1,0,0,0
yolo11x_mit,gray,DT (423).jpg,1,1,1,0
yolo11x_mit,gray,DT (134).jpg,1,1,0,1
yolo11x_mit,gray,DT (372).jpg,1,1,1,0
yolo11x_mit,gray,DT (179).jpg,1,0,0,0
yolo11x_mit,gray,DT (248).jpg,1,1,0,1
yolo11x_mit,gray,DT (282).jpg,1,2,1,1
yolo11x_mit,gray,DT (374).jpg,1,1,1,0
yolo11x_mit,gray,DT (250).jpg,1,1,0,1
yolo11x_mit,gray,DT (13).jpg,1,1,1,0
yolo11x_mit,gray,DT (158).jpg,1,0,0,0
yolo11x_mit,gray,DT (369).jpg,1,1,1,0
yolo11x_mit,gray,DT (202).jpg,1,1,0,1
yolo11x_mit,gray,DT (162).jpg,1,1,0,1
yolo11x_mit,gray,DT (103).jpg,1,0,0,0
yolo11x_mit,gray,DT (379).jpg,1,1,1,0
yolo11x_mit,gray,DT (243).jpg,1,1,0,1
yolo11x_mit,gray,DT (190).jpg,1,0,0,0
yolo11x_mit,gray,DT (208).jpg,1,1,1,0
yolo11x_mit,gray,DT (323).jpg,1,1,1,0
yolo11x_mit,gray,DT (403).jpg,1,1,1,0
yolo11x_mit,gray,DT (259).jpg,1,1,0,1
yolo11x_mit,gray,DT (163).jpg,1,1,0,1
yolo11x_mit,gray,DT (169).jpg,1,1,0,1
yolo11x_mit,gray,DT (76).jpg,1,4,1,3
yolo11x_mit,gray,DT (51).jpg,1,3,0,3
yolo11x_mit,gray,DT (239).jpg,1,1,0,1
yolo11x_mit,gray,DT (126).jpg,1,0,0,0
yolo11x_mit,gray,DT (391).jpg,1,1,1,0
yolo11x_mit,gray,DT (121).jpg,1,0,0,0
yolo11x_mit,gray,DT (24).jpg,1,4,1,3
yolo11x_mit,gray,DT (313).jpg,1,2,1,1
yolo11x_mit,gray,BT (112).jpg,0,1,0,1
yolo11x_mit,gray,BT (177).jpg,0,3,0,3
yolo11x_mit,gray,BT (192).jpg,0,1,0,1
yolo11x_mit,gray,BT (21).jpg,0,1,0,1
yolo11x_mit,gray,BT (266).jpg,0,0,0,0
yolo11x_mit,gray,BT (77).jpg,0,1,0,1
yolo11x_mit,gray,BT (222).jpg,0,0,0,0
yolo11x_mit,gray,BT (175).jpg,0,2,0,2
yolo11x_mit,gray,BT (40).jpg,0,0,0,0
yolo11x_mit,gray,BT (308).jpg,0,1,0,1
yolo11x_mit,gray,BT (299).jpg,0,0,0,0
yolo11x_mit,gray,BT (11).jpg,0,0,0,0
yolo11x_mit,gray,BT (102).jpg,0,0,0,0
yolo11x_mit,gray,BT (190).jpg,0,1,0,1
yolo11x_mit,gray,BT (99).jpg,0,0,0,0
yolo11x_mit,gray,BT (53).jpg,0,0,0,0
yolo11x_mit,gray,BT (139).jpg,0,1,0,1
yolo11x_mit,gray,BT (81).jpg,0,0,0,0
yolo11x_mit,gray,BT (101).jpg,0,0,0,0
yolo11x_mit,gray,BT (93).jpg,0,0,0,0
yolo11x_mit,gray,BT (64).jpg,0,0,0,0
yolo11x_mit,gray,BT (82).jpg,0,1,0,1
yolo11x_mit,gray,BT (106).jpg,0,1,0,1
yolo11x_mit,gray,BT (45).jpg,0,0,0,0
yolo11x_mit,gray,BT (20).jpg,0,0,0,0
yolo11x_mit,gray,BT (191).jpg,0,3,0,3
yolo11x_mit,gray,BT (271).jpg,0,1,0,1
yolo11x_mit,gray,BT (144).jpg,0,1,0,1
yolo11x_mit,gray,BT (297).jpg,0,1,0,1
yolo11x_mit,gray,BT (357).jpg,0,0,0,0
yolo11x_mit,gray,BT (160).jpg,0,1,0,1
yolo11x_mit,gray,BT (41).jpg,0,0,0,0
yolo11x_mit,gray,BT (87).jpg,0,1,0,1
yolo11x_mit,gray,BT (290).jpg,0,1,0,1
yolo11x_mit,gray,BT (256).jpg,0,0,0,0
yolo11x_mit,gray,BT (37).jpg,0,0,0,0
yolo11x_mit,gray,BT (165).jpg,0,1,0,1
yolo11x_mit,gray,BT (321).jpg,0,1,0,1
yolo11x_mit,gray,BT (143).jpg,0,1,0,1
yolo11x_mit,gray,BT (294).jpg,0,0,0,0
yolo11x_mit,gray,BT (3).jpg,0,0,0,0
yolo11x_mit,gray,BT (27).jpg,0,0,0,0
yolo11x_mit,gray,BT (137).jpg,0,1,0,1
yolo11x_mit,gray,BT (348).jpg,0,1,0,1
yolo11x_mit,gray,BT (298).jpg,0,0,0,0
yolo11x_mit,gray,BT (72).jpg,0,1,0,1
yolo11x_mit,gray,BT (231).jpg,0,0,0,0
yolo11x_mit,gray,BT (79).jpg,0,0,0,0
yolo11x_mit,gray,BT (293).jpg,0,1,0,1
yolo11x_mit,gray,BT (284).jpg,0,0,0,0
yolo11x_mit,gray,BT (225).jpg,0,0,0,0
yolo11x_mit,gray,BT (334).jpg,0,2,0,2
yolo11x_mit,gray,BT (161).jpg,0,1,0,1
yolo11x_mit,gray,BT (286).jpg,0,1,0,1
yolo11x_mit,gray,BT (170).jpg,0,1,0,1
yolo11x_mit,gray,BT (218).jpg,0,0,0,0
yolo11x_mit,gray,BT (344).jpg,0,0,0,0
yolo11x_mit,gray,BT (282).jpg,0,0,0,0
yolo11x_mit,gray,BT (86).jpg,0,1,0,1
yolo11x_mit,gray,BT (233).jpg,0,1,0,1
yolo11x_mit,gray,BT (107).jpg,0,1,0,1
yolo11x_mit,gray,BT (341).jpg,0,1,0,1
yolo11x_mit,gray,BT (13).jpg,0,2,0,2
yolo11x_mit,gray,BT (322).jpg,0,1,0,1
yolo11x_mit,gray,BT (244).jpg,0,1,0,1
yolo11x_mit,gray,BT (25).jpg,0,0,0,0
yolo11x_mit,gray,BT (123).jpg,0,1,0,1
yolo11x_mit,gray,BT (211).jpg,0,0,0,0
yolo11x_mit,gray,BT (207).jpg,0,0,0,0
yolo11x_mit,gray,BT (178).jpg,0,1,0,1
yolo11x_mit,gray,BT (33).jpg,0,0,0,0
yolo11x_mit,gray,BT (188).jpg,0,1,0,1
yolo11x_mit,gray,BT (217).jpg,0,0,0,0
yolo11x_mit,gray,BT (154).jpg,0,1,0,1
yolo11x_mit,gray,BT (32).jpg,0,0,0,0
yolo11x_mit,gray,BT (260).jpg,0,0,0,0
yolo11x_mit,gray,BT (88).jpg,0,1,0,1
yolo11x_mit,gray,BT (242).jpg,0,1,0,1
yolo11x_mit,gray,BT (350).jpg,0,2,0,2
yolo11x_mit,gray,BT (97).jpg,0,1,0,1
yolo11x_mit,gray,BT (36).jpg,0,0,0,0
yolo11x_mit,gray,BT (52).jpg,0,0,0,0
yolo11x_mit,gray,BT (119).jpg,0,0,0,0
yolo11x_mit,gray,BT (70).jpg,0,0,0,0
yolo11x_mit,gray,BT (193).jpg,0,2,0,2
yolo11x_mit,gray,BT (85).jpg,0,1,0,1
yolo11x_mit,gray,BT (356).jpg,0,1,0,1
yolo11x_mit,gray,BT (228).jpg,0,0,0,0
yolo11x_mit,gray,BT (24).jpg,0,2,0,2
yolo11x_mit,gray,BT (249).jpg,0,1,0,1
yolo11x_mit,gray,BT (354).jpg,0,1,0,1
yolo11x_mit,gray,BT (163).jpg,0,1,0,1
yolo11x_mit,gray,BT (111).jpg,0,1,0,1
yolo11x_mit,gray,BT (130).jpg,0,1,0,1
yolo11x_mit,gray,BT (110).jpg,0,1,0,1
yolo11x_mit,gray,BT (312).jpg,0,0,0,0
yolo11x_mit,gray,BT (304).jpg,0,1,0,1
yolo11x_mit,gray,BT (224).jpg,0,0,0,0
yolo11x_mit,gray,BT (317).jpg,0,2,0,2
yolo11x_mit,gray,BT (2).jpg,0,1,0,1
yolo11x_mit,gray,BT (90).jpg,0,1,0,1
yolo11x_mit,gray,BT (200).jpg,0,1,0,1
yolo11x_mit,gray,BT (39).jpg,0,0,0,0
yolo11x_mit,gray,BT (29).jpg,0,0,0,0
yolo11x_mit,gray,BT (323).jpg,0,2,0,2
yolo11x_mit,gray,BT (274).jpg,0,1,0,1
yolo11x_mit,gray,BT (262).jpg,0,0,0,0
yolo11x_mit,gray,BT (142).jpg,0,1,0,1
yolo11x_mit,gray,BT (246).jpg,0,1,0,1
yolo11x_mit,gray,BT (351).jpg,0,1,0,1
yolo11x_mit,gray,BT (204).jpg,0,0,0,0
yolo11x_mit,gray,BT (223).jpg,0,0,0,0
yolo11x_mit,gray,BT (227).jpg,0,0,0,0
yolo11x_mit,gray,BT (345).jpg,0,1,0,1
yolo11x_mit,gray,BT (89).jpg,0,1,0,1
yolo11x_mit,gray,BT (324).jpg,0,2,0,2
yolo11x_mit,gray,BT (6).jpg,0,0,0,0
yolo11x_mit,gray,BT (172).jpg,0,1,0,1
yolo11x_mit,gray,BT (212).jpg,0,0,0,0
yolo11x_mit,gray,BT (148).jpg,0,1,0,1
yolo11x_mit,gray,BT (240).jpg,0,1,0,1
yolo11x_mit,gray,BT (358).jpg,0,1,0,1
yolo11x_mit,gray,BT (205).jpg,0,1,0,1
yolo11x_mit,gray,BT (285).jpg,0,2,0,2
yolo11x_mit,gray,BT (245).jpg,0,1,0,1
yolo11x_mit,gray,BT (162).jpg,0,1,0,1
yolo11x_mit,gray,BT (329).jpg,0,1,0,1
yolo11x_mit,gray,BT (220).jpg,0,1,0,1
yolo11x_mit,gray,BT (328).jpg,0,1,0,1
yolo11x_mit,gray,BT (267).jpg,0,1,0,1
yolo11x_mit,gray,BT (335).jpg,0,1,0,1
yolo11x_mit,gray,BT (19).jpg,0,0,0,0
yolo11x_mit,gray,BT (103).jpg,0,0,0,0
yolo11x_mit,gray,BT (247).jpg,0,1,0,1
yolo11x_mit,gray,BT (327).jpg,0,2,0,2
yolo11x_mit,gray,BT (8).jpg,0,1,0,1
yolo11x_mit,gray,BT (185).jpg,0,1,0,1
yolo11x_mit,gray,BT (241).jpg,0,1,0,1
yolo11x_mit,gray,BT (255).jpg,0,1,0,1
yolo11x_mit,gray,BT (153).jpg,0,1,0,1
yolo11x_mit,gray,BT (96).jpg,0,0,0,0
yolo11x_mit,gray,BT (58).jpg,0,0,0,0
yolo11x_mit,gray,BT (171).jpg,0,1,0,1
yolo11x_mit,gray,BT (150).jpg,0,1,0,1
yolo11x_mit,gray,BT (128).jpg,0,1,0,1
yolo11x_mit,gray,BT (30).jpg,0,0,0,0
yolo11x_mit,gray,BT (336).jpg,0,1,0,1
yolo11x_mit,gray,BT (135).jpg,0,1,0,1
yolo11x_mit,gray,BT (301).jpg,0,0,0,0
yolo11x_mit,gray,BT (71).jpg,0,1,0,1
flyingobj_mit,color,DT (165).jpg,1,0,0,0
flyingobj_mit,color,DT (19).jpg,1,0,0,0
flyingobj_mit,color,DT (526).jpg,1,0,0,0
flyingobj_mit,color,DT (151).jpg,1,0,0,0
flyingobj_mit,color,DT (276).jpg,1,0,0,0
flyingobj_mit,color,DT (528).jpg,1,0,0,0
flyingobj_mit,color,DT (22).jpg,1,0,0,0
flyingobj_mit,color,DT (56).jpg,1,0,0,0
flyingobj_mit,color,DT (229).jpg,1,0,0,0
flyingobj_mit,color,DT (366).jpg,1,0,0,0
flyingobj_mit,color,DT (387).jpg,1,0,0,0
flyingobj_mit,color,DT (218).jpg,1,0,0,0
flyingobj_mit,color,DT (160).jpg,1,0,0,0
flyingobj_mit,color,DT (295).jpg,1,0,0,0
flyingobj_mit,color,DT (356).jpg,1,0,0,0
flyingobj_mit,color,DT (281).jpg,1,0,0,0
flyingobj_mit,color,DT (180).jpg,1,0,0,0
flyingobj_mit,color,DT (114).jpg,1,0,0,0
flyingobj_mit,color,DT (506).jpg,1,0,0,0
flyingobj_mit,color,DT (459).jpg,1,0,0,0
flyingobj_mit,color,DT (343).jpg,1,0,0,0
flyingobj_mit,color,DT (237).jpg,1,0,0,0
flyingobj_mit,color,DT (122).jpg,1,0,0,0
flyingobj_mit,color,DT (194).jpg,1,0,0,0
flyingobj_mit,color,DT (27).jpg,1,0,0,0
flyingobj_mit,color,DT (351).jpg,1,0,0,0
flyingobj_mit,color,DT (260).jpg,1,0,0,0
flyingobj_mit,color,DT (283).jpg,1,0,0,0
flyingobj_mit,color,DT (234).jpg,1,0,0,0
flyingobj_mit,color,DT (400).jpg,1,0,0,0
flyingobj_mit,color,DT (197).jpg,1,0,0,0
flyingobj_mit,color,DT (401).jpg,1,0,0,0
flyingobj_mit,color,DT (15).jpg,1,0,0,0
flyingobj_mit,color,DT (40).jpg,1,0,0,0
flyingobj_mit,color,DT (26).jpg,1,0,0,0
flyingobj_mit,color,DT (450).jpg,1,0,0,0
flyingobj_mit,color,DT (399).jpg,1,0,0,0
flyingobj_mit,color,DT (215).jpg,1,0,0,0
flyingobj_mit,color,DT (272).jpg,1,0,0,0
flyingobj_mit,color,DT (211).jpg,1,0,0,0
flyingobj_mit,color,DT (240).jpg,1,0,0,0
flyingobj_mit,color,DT (311).jpg,1,0,0,0
flyingobj_mit,color,DT (236).jpg,1,0,0,0
flyingobj_mit,color,DT (53).jpg,1,0,0,0
flyingobj_mit,color,DT (221).jpg,1,0,0,0
flyingobj_mit,color,DT (417).jpg,1,0,0,0
flyingobj_mit,color,DT (318).jpg,1,0,0,0
flyingobj_mit,color,DT (380).jpg,1,0,0,0
flyingobj_mit,color,DT (64).jpg,1,0,0,0
flyingobj_mit,color,DT (203).jpg,1,0,0,0
flyingobj_mit,color,DT (353).jpg,1,0,0,0
flyingobj_mit,color,DT (37).jpg,1,0,0,0
flyingobj_mit,color,DT (376).jpg,1,0,0,0
flyingobj_mit,color,DT (451).jpg,1,0,0,0
flyingobj_mit,color,DT (216).jpg,1,0,0,0
flyingobj_mit,color,DT (302).jpg,1,0,0,0
flyingobj_mit,color,DT (139).jpg,1,0,0,0
flyingobj_mit,color,DT (83).jpg,1,0,0,0
flyingobj_mit,color,DT (157).jpg,1,0,0,0
flyingobj_mit,color,DT (359).jpg,1,0,0,0
flyingobj_mit,color,DT (91).jpg,1,0,0,0
flyingobj_mit,color,DT (460).jpg,1,0,0,0
flyingobj_mit,color,DT (472).jpg,1,0,0,0
flyingobj_mit,color,DT (120).jpg,1,0,0,0
flyingobj_mit,color,DT (493).jpg,1,0,0,0
flyingobj_mit,color,DT (181).jpg,1,0,0,0
flyingobj_mit,color,DT (217).jpg,1,0,0,0
flyingobj_mit,color,DT (444).jpg,1,0,0,0
flyingobj_mit,color,DT (524).jpg,1,0,0,0
flyingobj_mit,color,DT (175).jpg,1,0,0,0
flyingobj_mit,color,DT (336).jpg,1,0,0,0
flyingobj_mit,color,DT (123).jpg,1,0,0,0
flyingobj_mit,color,DT (155).jpg,1,0,0,0
flyingobj_mit,color,DT (150).jpg,1,0,0,0
flyingobj_mit,color,DT (411).jpg,1,0,0,0
flyingobj_mit,color,DT (268).jpg,1,0,0,0
flyingobj_mit,color,DT (448).jpg,1,0,0,0
flyingobj_mit,color,DT (273).jpg,1,0,0,0
flyingobj_mit,color,DT (45).jpg,1,0,0,0
flyingobj_mit,color,DT (10).jpg,1,0,0,0
flyingobj_mit,color,DT (143).jpg,1,0,0,0
flyingobj_mit,color,DT (525).jpg,1,0,0,0
flyingobj_mit,color,DT (124).jpg,1,0,0,0
flyingobj_mit,color,DT (269).jpg,1,0,0,0
flyingobj_mit,color,DT (62).jpg,1,0,0,0
flyingobj_mit,color,DT (329).jpg,1,0,0,0
flyingobj_mit,color,DT (44).jpg,1,0,0,0
flyingobj_mit,color,DT (69).jpg,1,0,0,0
flyingobj_mit,color,DT (277).jpg,1,0,0,0
flyingobj_mit,color,DT (507).jpg,1,0,0,0
flyingobj_mit,color,DT (294).jpg,1,0,0,0
flyingobj_mit,color,DT (301).jpg,1,0,0,0
flyingobj_mit,color,DT (458).jpg,1,0,0,0
flyingobj_mit,color,DT (439).jpg,1,0,0,0
flyingobj_mit,color,DT (496).jpg,1,0,0,0
flyingobj_mit,color,DT (406).jpg,1,0,0,0
flyingobj_mit,color,DT (314).jpg,1,0,0,0
flyingobj_mit,color,DT (251).jpg,1,0,0,0
flyingobj_mit,color,DT (285).jpg,1,0,0,0
flyingobj_mit,color,DT (397).jpg,1,0,0,0
flyingobj_mit,color,DT (504).jpg,1,0,0,0
flyingobj_mit,color,DT (111).jpg,1,0,0,0
flyingobj_mit,color,DT (491).jpg,1,0,0,0
flyingobj_mit,color,DT (112).jpg,1,0,0,0
flyingobj_mit,color,DT (433).jpg,1,1,0,1
flyingobj_mit,color,DT (192).jpg,1,0,0,0
flyingobj_mit,color,DT (299).jpg,1,0,0,0
flyingobj_mit,color,DT (138).jpg,1,0,0,0
flyingobj_mit,color,DT (363).jpg,1,0,0,0
flyingobj_mit,color,DT (213).jpg,1,0,0,0
flyingobj_mit,color,DT (322).jpg,1,0,0,0
flyingobj_mit,color,DT (66).jpg,1,0,0,0
flyingobj_mit,color,DT (410).jpg,1,0,0,0
flyingobj_mit,color,DT (235).jpg,1,0,0,0
flyingobj_mit,color,DT (205).jpg,1,0,0,0
flyingobj_mit,color,DT (59).jpg,1,0,0,0
flyingobj_mit,color,DT (288).jpg,1,0,0,0
flyingobj_mit,color,DT (377).jpg,1,0,0,0
flyingobj_mit,color,DT (28).jpg,1,0,0,0
flyingobj_mit,color,DT (224).jpg,1,0,0,0
flyingobj_mit,color,DT (92).jpg,1,0,0,0
flyingobj_mit,color,DT (247).jpg,1,0,0,0
flyingobj_mit,color,DT (198).jpg,1,0,0,0
flyingobj_mit,color,DT (119).jpg,1,0,0,0
flyingobj_mit,color,DT (421).jpg,1,0,0,0
flyingobj_mit,color,DT (513).jpg,1,0,0,0
flyingobj_mit,color,DT (441).jpg,1,0,0,0
flyingobj_mit,color,DT (405).jpg,1,0,0,0
flyingobj_mit,color,DT (333).jpg,1,0,0,0
flyingobj_mit,color,DT (335).jpg,1,0,0,0
flyingobj_mit,color,DT (78).jpg,1,0,0,0
flyingobj_mit,color,DT (33).jpg,1,0,0,0
flyingobj_mit,color,DT (292).jpg,1,0,0,0
flyingobj_mit,color,DT (435).jpg,1,0,0,0
flyingobj_mit,color,DT (490).jpg,1,0,0,0
flyingobj_mit,color,DT (230).jpg,1,0,0,0
flyingobj_mit,color,DT (338).jpg,1,0,0,0
flyingobj_mit,color,DT (266).jpg,1,0,0,0
flyingobj_mit,color,DT (357).jpg,1,0,0,0
flyingobj_mit,color,DT (305).jpg,1,0,0,0
flyingobj_mit,color,DT (31).jpg,1,0,0,0
flyingobj_mit,color,DT (99).jpg,1,0,0,0
flyingobj_mit,color,DT (398).jpg,1,0,0,0
flyingobj_mit,color,DT (432).jpg,1,0,0,0
flyingobj_mit,color,DT (176).jpg,1,0,0,0
flyingobj_mit,color,DT (347).jpg,1,0,0,0
flyingobj_mit,color,DT (133).jpg,1,0,0,0
flyingobj_mit,color,DT (388).jpg,1,0,0,0
flyingobj_mit,color,DT (100).jpg,1,0,0,0
flyingobj_mit,color,DT (418).jpg,1,0,0,0
flyingobj_mit,color,DT (518).jpg,1,0,0,0
flyingobj_mit,color,DT (147).jpg,1,0,0,0
flyingobj_mit,color,DT (462).jpg,1,0,0,0
flyingobj_mit,color,DT (222).jpg,1,0,0,0
flyingobj_mit,color,DT (483).jpg,1,0,0,0
flyingobj_mit,color,DT (2).jpg,1,0,0,0
flyingobj_mit,color,DT (204).jpg,1,0,0,0
flyingobj_mit,color,DT (479).jpg,1,0,0,0
flyingobj_mit,color,DT (275).jpg,1,0,0,0
flyingobj_mit,color,DT (257).jpg,1,0,0,0
flyingobj_mit,color,DT (494).jpg,1,0,0,0
flyingobj_mit,color,DT (183).jpg,1,0,0,0
flyingobj_mit,color,DT (298).jpg,1,0,0,0
flyingobj_mit,color,DT (9).jpg,1,0,0,0
flyingobj_mit,color,DT (89).jpg,1,0,0,0
flyingobj_mit,color,DT (146).jpg,1,0,0,0
flyingobj_mit,color,DT (466).jpg,1,0,0,0
flyingobj_mit,color,DT (108).jpg,1,0,0,0
flyingobj_mit,color,DT (102).jpg,1,0,0,0
flyingobj_mit,color,DT (423).jpg,1,0,0,0
flyingobj_mit,color,DT (134).jpg,1,0,0,0
flyingobj_mit,color,DT (372).jpg,1,0,0,0
flyingobj_mit,color,DT (179).jpg,1,0,0,0
flyingobj_mit,color,DT (248).jpg,1,0,0,0
flyingobj_mit,color,DT (282).jpg,1,0,0,0
flyingobj_mit,color,DT (374).jpg,1,0,0,0
flyingobj_mit,color,DT (250).jpg,1,0,0,0
flyingobj_mit,color,DT (13).jpg,1,0,0,0
flyingobj_mit,color,DT (158).jpg,1,0,0,0
flyingobj_mit,color,DT (369).jpg,1,0,0,0
flyingobj_mit,color,DT (202).jpg,1,0,0,0
flyingobj_mit,color,DT (162).jpg,1,0,0,0
flyingobj_mit,color,DT (103).jpg,1,0,0,0
flyingobj_mit,color,DT (379).jpg,1,0,0,0
flyingobj_mit,color,DT (243).jpg,1,0,0,0
flyingobj_mit,color,DT (190).jpg,1,0,0,0
flyingobj_mit,color,DT (208).jpg,1,0,0,0
flyingobj_mit,color,DT (323).jpg,1,0,0,0
flyingobj_mit,color,DT (403).jpg,1,0,0,0
flyingobj_mit,color,DT (259).jpg,1,0,0,0
flyingobj_mit,color,DT (163).jpg,1,0,0,0
flyingobj_mit,color,DT (169).jpg,1,0,0,0
flyingobj_mit,color,DT (76).jpg,1,0,0,0
flyingobj_mit,color,DT (51).jpg,1,0,0,0
flyingobj_mit,color,DT (239).jpg,1,0,0,0
flyingobj_mit,color,DT (126).jpg,1,0,0,0
flyingobj_mit,color,DT (391).jpg,1,0,0,0
flyingobj_mit,color,DT (121).jpg,1,0,0,0
flyingobj_mit,color,DT (24).jpg,1,0,0,0
flyingobj_mit,color,DT (313).jpg,1,0,0,0
flyingobj_mit,color,BT (112).jpg,0,0,0,0
flyingobj_mit,color,BT (177).jpg,0,0,0,0
flyingobj_mit,color,BT (192).jpg,0,0,0,0
flyingobj_mit,color,BT (21).jpg,0,0,0,0
flyingobj_mit,color,BT (266).jpg,0,0,0,0
flyingobj_mit,color,BT (77).jpg,0,1,0,1
flyingobj_mit,color,BT (222).jpg,0,0,0,0
flyingobj_mit,color,BT (175).jpg,0,0,0,0
flyingobj_mit,color,BT (40).jpg,0,0,0,0
flyingobj_mit,color,BT (308).jpg,0,0,0,0
flyingobj_mit,color,BT (299).jpg,0,0,0,0
flyingobj_mit,color,BT (11).jpg,0,0,0,0
flyingobj_mit,color,BT (102).jpg,0,0,0,0
flyingobj_mit,color,BT (190).jpg,0,0,0,0
flyingobj_mit,color,BT (99).jpg,0,0,0,0
flyingobj_mit,color,BT (53).jpg,0,0,0,0
flyingobj_mit,color,BT (139).jpg,0,0,0,0
flyingobj_mit,color,BT (81).jpg,0,1,0,1
flyingobj_mit,color,BT (101).jpg,0,0,0,0
flyingobj_mit,color,BT (93).jpg,0,0,0,0
flyingobj_mit,color,BT (64).jpg,0,0,0,0
flyingobj_mit,color,BT (82).jpg,0,0,0,0
flyingobj_mit,color,BT (106).jpg,0,0,0,0
flyingobj_mit,color,BT (45).jpg,0,0,0,0
flyingobj_mit,color,BT (20).jpg,0,0,0,0
flyingobj_mit,color,BT (191).jpg,0,0,0,0
flyingobj_mit,color,BT (271).jpg,0,0,0,0
flyingobj_mit,color,BT (144).jpg,0,0,0,0
flyingobj_mit,color,BT (297).jpg,0,0,0,0
flyingobj_mit,color,BT (357).jpg,0,0,0,0
flyingobj_mit,color,BT (160).jpg,0,0,0,0
flyingobj_mit,color,BT (41).jpg,0,0,0,0
flyingobj_mit,color,BT (87).jpg,0,0,0,0
flyingobj_mit,color,BT (290).jpg,0,0,0,0
flyingobj_mit,color,BT (256).jpg,0,0,0,0
flyingobj_mit,color,BT (37).jpg,0,0,0,0
flyingobj_mit,color,BT (165).jpg,0,0,0,0
flyingobj_mit,color,BT (321).jpg,0,0,0,0
flyingobj_mit,color,BT (143).jpg,0,0,0,0
flyingobj_mit,color,BT (294).jpg,0,0,0,0
flyingobj_mit,color,BT (3).jpg,0,0,0,0
flyingobj_mit,color,BT (27).jpg,0,0,0,0
flyingobj_mit,color,BT (137).jpg,0,0,0,0
flyingobj_mit,color,BT (348).jpg,0,0,0,0
flyingobj_mit,color,BT (298).jpg,0,0,0,0
flyingobj_mit,color,BT (72).jpg,0,0,0,0
flyingobj_mit,color,BT (231).jpg,0,0,0,0
flyingobj_mit,color,BT (79).jpg,0,1,0,1
flyingobj_mit,color,BT (293).jpg,0,0,0,0
flyingobj_mit,color,BT (284).jpg,0,0,0,0
flyingobj_mit,color,BT (225).jpg,0,0,0,0
flyingobj_mit,color,BT (334).jpg,0,0,0,0
flyingobj_mit,color,BT (161).jpg,0,0,0,0
flyingobj_mit,color,BT (286).jpg,0,0,0,0
flyingobj_mit,color,BT (170).jpg,0,0,0,0
flyingobj_mit,color,BT (218).jpg,0,0,0,0
flyingobj_mit,color,BT (344).jpg,0,0,0,0
flyingobj_mit,color,BT (282).jpg,0,0,0,0
flyingobj_mit,color,BT (86).jpg,0,0,0,0
flyingobj_mit,color,BT (233).jpg,0,0,0,0
flyingobj_mit,color,BT (107).jpg,0,0,0,0
flyingobj_mit,color,BT (341).jpg,0,0,0,0
flyingobj_mit,color,BT (13).jpg,0,0,0,0
flyingobj_mit,color,BT (322).jpg,0,0,0,0
flyingobj_mit,color,BT (244).jpg,0,0,0,0
flyingobj_mit,color,BT (25).jpg,0,0,0,0
flyingobj_mit,color,BT (123).jpg,0,0,0,0
flyingobj_mit,color,BT (211).jpg,0,0,0,0
flyingobj_mit,color,BT (207).jpg,0,0,0,0
flyingobj_mit,color,BT (178).jpg,0,0,0,0
flyingobj_mit,color,BT (33).jpg,0,0,0,0
flyingobj_mit,color,BT (188).jpg,0,0,0,0
flyingobj_mit,color,BT (217).jpg,0,0,0,0
flyingobj_mit,color,BT (154).jpg,0,0,0,0
flyingobj_mit,color,BT (32).jpg,0,0,0,0
flyingobj_mit,color,BT (260).jpg,0,0,0,0
flyingobj_mit,color,BT (88).jpg,0,1,0,1
flyingobj_mit,color,BT (242).jpg,0,0,0,0
flyingobj_mit,color,BT (350).jpg,0,0,0,0
flyingobj_mit,color,BT (97).jpg,0,0,0,0
flyingobj_mit,color,BT (36).jpg,0,0,0,0
flyingobj_mit,color,BT (52).jpg,0,0,0,0
flyingobj_mit,color,BT (119).jpg,0,0,0,0
flyingobj_mit,color,BT (70).jpg,0,0,0,0
flyingobj_mit,color,BT (193).jpg,0,0,0,0
flyingobj_mit,color,BT (85).jpg,0,0,0,0
flyingobj_mit,color,BT (356).jpg,0,0,0,0
flyingobj_mit,color,BT (228).jpg,0,0,0,0
flyingobj_mit,color,BT (24).jpg,0,0,0,0
flyingobj_mit,color,BT (249).jpg,0,0,0,0
flyingobj_mit,color,BT (354).jpg,0,0,0,0
flyingobj_mit,color,BT (163).jpg,0,0,0,0
flyingobj_mit,color,BT (111).jpg,0,0,0,0
flyingobj_mit,color,BT (130).jpg,0,0,0,0
flyingobj_mit,color,BT (110).jpg,0,0,0,0
flyingobj_mit,color,BT (312).jpg,0,0,0,0
flyingobj_mit,color,BT (304).jpg,0,0,0,0
flyingobj_mit,color,BT (224).jpg,0,0,0,0
flyingobj_mit,color,BT (317).jpg,0,0,0,0
flyingobj_mit,color,BT (2).jpg,0,0,0,0
flyingobj_mit,color,BT (90).jpg,0,0,0,0
flyingobj_mit,color,BT (200).jpg,0,0,0,0
flyingobj_mit,color,BT (39).jpg,0,1,0,1
flyingobj_mit,color,BT (29).jpg,0,0,0,0
flyingobj_mit,color,BT (323).jpg,0,0,0,0
flyingobj_mit,color,BT (274).jpg,0,0,0,0
flyingobj_mit,color,BT (262).jpg,0,0,0,0
flyingobj_mit,color,BT (142).jpg,0,0,0,0
flyingobj_mit,color,BT (246).jpg,0,0,0,0
flyingobj_mit,color,BT (351).jpg,0,0,0,0
flyingobj_mit,color,BT (204).jpg,0,0,0,0
flyingobj_mit,color,BT (223).jpg,0,0,0,0
flyingobj_mit,color,BT (227).jpg,0,0,0,0
flyingobj_mit,color,BT (345).jpg,0,0,0,0
flyingobj_mit,color,BT (89).jpg,0,0,0,0
flyingobj_mit,color,BT (324).jpg,0,0,0,0
flyingobj_mit,color,BT (6).jpg,0,0,0,0
flyingobj_mit,color,BT (172).jpg,0,0,0,0
flyingobj_mit,color,BT (212).jpg,0,0,0,0
flyingobj_mit,color,BT (148).jpg,0,0,0,0
flyingobj_mit,color,BT (240).jpg,0,0,0,0
flyingobj_mit,color,BT (358).jpg,0,0,0,0
flyingobj_mit,color,BT (205).jpg,0,0,0,0
flyingobj_mit,color,BT (285).jpg,0,0,0,0
flyingobj_mit,color,BT (245).jpg,0,0,0,0
flyingobj_mit,color,BT (162).jpg,0,0,0,0
flyingobj_mit,color,BT (329).jpg,0,0,0,0
flyingobj_mit,color,BT (220).jpg,0,0,0,0
flyingobj_mit,color,BT (328).jpg,0,0,0,0
flyingobj_mit,color,BT (267).jpg,0,0,0,0
flyingobj_mit,color,BT (335).jpg,0,0,0,0
flyingobj_mit,color,BT (19).jpg,0,0,0,0
flyingobj_mit,color,BT (103).jpg,0,0,0,0
flyingobj_mit,color,BT (247).jpg,0,0,0,0
flyingobj_mit,color,BT (327).jpg,0,0,0,0
flyingobj_mit,color,BT (8).jpg,0,0,0,0
flyingobj_mit,color,BT (185).jpg,0,0,0,0
flyingobj_mit,color,BT (241).jpg,0,0,0,0
flyingobj_mit,color,BT (255).jpg,0,0,0,0
flyingobj_mit,color,BT (153).jpg,0,0,0,0
flyingobj_mit,color,BT (96).jpg,0,0,0,0
flyingobj_mit,color,BT (58).jpg,0,0,0,0
flyingobj_mit,color,BT (171).jpg,0,0,0,0
flyingobj_mit,color,BT (150).jpg,0,0,0,0
flyingobj_mit,color,BT (128).jpg,0,0,0,0
flyingobj_mit,color,BT (30).jpg,0,0,0,0
flyingobj_mit,color,BT (336).jpg,0,0,0,0
flyingobj_mit,color,BT (135).jpg,0,0,0,0
flyingobj_mit,color,BT (301).jpg,0,0,0,0
flyingobj_mit,color,BT (71).jpg,0,0,0,0
flyingobj_mit,gray,DT (165).jpg,1,0,0,0
flyingobj_mit,gray,DT (19).jpg,1,0,0,0
flyingobj_mit,gray,DT (526).jpg,1,0,0,0
flyingobj_mit,gray,DT (151).jpg,1,0,0,0
flyingobj_mit,gray,DT (276).jpg,1,0,0,0
flyingobj_mit,gray,DT (528).jpg,1,0,0,0
flyingobj_mit,gray,DT (22).jpg,1,0,0,0
flyingobj_mit,gray,DT (56).jpg,1,0,0,0
flyingobj_mit,gray,DT (229).jpg,1,0,0,0
flyingobj_mit,gray,DT (366).jpg,1,0,0,0
flyingobj_mit,gray,DT (387).jpg,1,0,0,0
flyingobj_mit,gray,DT (218).jpg,1,0,0,0
flyingobj_mit,gray,DT (160).jpg,1,0,0,0
flyingobj_mit,gray,DT (295).jpg,1,0,0,0
flyingobj_mit,gray,DT (356).jpg,1,0,0,0
flyingobj_mit,gray,DT (281).jpg,1,0,0,0
flyingobj_mit,gray,DT (180).jpg,1,0,0,0
flyingobj_mit,gray,DT (114).jpg,1,0,0,0
flyingobj_mit,gray,DT (506).jpg,1,0,0,0
flyingobj_mit,gray,DT (459).jpg,1,0,0,0
flyingobj_mit,gray,DT (343).jpg,1,0,0,0
flyingobj_mit,gray,DT (237).jpg,1,0,0,0
flyingobj_mit,gray,DT (122).jpg,1,0,0,0
flyingobj_mit,gray,DT (194).jpg,1,0,0,0
flyingobj_mit,gray,DT (27).jpg,1,0,0,0
flyingobj_mit,gray,DT (351).jpg,1,0,0,0
flyingobj_mit,gray,DT (260).jpg,1,0,0,0
flyingobj_mit,gray,DT (283).jpg,1,0,0,0
flyingobj_mit,gray,DT (234).jpg,1,0,0,0
flyingobj_mit,gray,DT (400).jpg,1,0,0,0
flyingobj_mit,gray,DT (197).jpg,1,0,0,0
flyingobj_mit,gray,DT (401).jpg,1,0,0,0
flyingobj_mit,gray,DT (15).jpg,1,0,0,0
flyingobj_mit,gray,DT (40).jpg,1,0,0,0
flyingobj_mit,gray,DT (26).jpg,1,0,0,0
flyingobj_mit,gray,DT (450).jpg,1,0,0,0
flyingobj_mit,gray,DT (399).jpg,1,0,0,0
flyingobj_mit,gray,DT (215).jpg,1,0,0,0
flyingobj_mit,gray,DT (272).jpg,1,0,0,0
flyingobj_mit,gray,DT (211).jpg,1,0,0,0
flyingobj_mit,gray,DT (240).jpg,1,0,0,0
flyingobj_mit,gray,DT (311).jpg,1,0,0,0
flyingobj_mit,gray,DT (236).jpg,1,0,0,0
flyingobj_mit,gray,DT (53).jpg,1,0,0,0
flyingobj_mit,gray,DT (221).jpg,1,0,0,0
flyingobj_mit,gray,DT (417).jpg,1,0,0,0
flyingobj_mit,gray,DT (318).jpg,1,0,0,0
flyingobj_mit,gray,DT (380).jpg,1,0,0,0
flyingobj_mit,gray,DT (64).jpg,1,0,0,0
flyingobj_mit,gray,DT (203).jpg,1,0,0,0
flyingobj_mit,gray,DT (353).jpg,1,0,0,0
flyingobj_mit,gray,DT (37).jpg,1,0,0,0
flyingobj_mit,gray,DT (376).jpg,1,0,0,0
flyingobj_mit,gray,DT (451).jpg,1,0,0,0
flyingobj_mit,gray,DT (216).jpg,1,0,0,0
flyingobj_mit,gray,DT (302).jpg,1,0,0,0
flyingobj_mit,gray,DT (139).jpg,1,0,0,0
flyingobj_mit,gray,DT (83).jpg,1,0,0,0
flyingobj_mit,gray,DT (157).jpg,1,0,0,0
flyingobj_mit,gray,DT (359).jpg,1,0,0,0
flyingobj_mit,gray,DT (91).jpg,1,0,0,0
flyingobj_mit,gray,DT (460).jpg,1,0,0,0
flyingobj_mit,gray,DT (472).jpg,1,0,0,0
flyingobj_mit,gray,DT (120).jpg,1,0,0,0
flyingobj_mit,gray,DT (493).jpg,1,0,0,0
flyingobj_mit,gray,DT (181).jpg,1,0,0,0
flyingobj_mit,gray,DT (217).jpg,1,0,0,0
flyingobj_mit,gray,DT (444).jpg,1,0,0,0
flyingobj_mit,gray,DT (524).jpg,1,0,0,0
flyingobj_mit,gray,DT (175).jpg,1,0,0,0
flyingobj_mit,gray,DT (336).jpg,1,0,0,0
flyingobj_mit,gray,DT (123).jpg,1,0,0,0
flyingobj_mit,gray,DT (155).jpg,1,0,0,0
flyingobj_mit,gray,DT (150).jpg,1,0,0,0
flyingobj_mit,gray,DT (411).jpg,1,0,0,0
flyingobj_mit,gray,DT (268).jpg,1,0,0,0
flyingobj_mit,gray,DT (448).jpg,1,0,0,0
flyingobj_mit,gray,DT (273).jpg,1,1,0,1
flyingobj_mit,gray,DT (45).jpg,1,0,0,0
flyingobj_mit,gray,DT (10).jpg,1,0,0,0
flyingobj_mit,gray,DT (143).jpg,1,0,0,0
flyingobj_mit,gray,DT (525).jpg,1,0,0,0
flyingobj_mit,gray,DT (124).jpg,1,0,0,0
flyingobj_mit,gray,DT (269).jpg,1,0,0,0
flyingobj_mit,gray,DT (62).jpg,1,0,0,0
flyingobj_mit,gray,DT (329).jpg,1,0,0,0
flyingobj_mit,gray,DT (44).jpg,1,0,0,0
flyingobj_mit,gray,DT (69).jpg,1,0,0,0
flyingobj_mit,gray,DT (277).jpg,1,0,0,0
flyingobj_mit,gray,DT (507).jpg,1,0,0,0
flyingobj_mit,gray,DT (294).jpg,1,0,0,0
flyingobj_mit,gray,DT (301).jpg,1,0,0,0
flyingobj_mit,gray,DT (458).jpg,1,0,0,0
flyingobj_mit,gray,DT (439).jpg,1,0,0,0
flyingobj_mit,gray,DT (496).jpg,1,0,0,0
flyingobj_mit,gray,DT (406).jpg,1,0,0,0
flyingobj_mit,gray,DT (314).jpg,1,0,0,0
flyingobj_mit,gray,DT (251).jpg,1,0,0,0
flyingobj_mit,gray,DT (285).jpg,1,0,0,0
flyingobj_mit,gray,DT (397).jpg,1,0,0,0
flyingobj_mit,gray,DT (504).jpg,1,0,0,0
flyingobj_mit,gray,DT (111).jpg,1,0,0,0
flyingobj_mit,gray,DT (491).jpg,1,0,0,0
flyingobj_mit,gray,DT (112).jpg,1,0,0,0
flyingobj_mit,gray,DT (433).jpg,1,0,0,0
flyingobj_mit,gray,DT (192).jpg,1,0,0,0
flyingobj_mit,gray,DT (299).jpg,1,0,0,0
flyingobj_mit,gray,DT (138).jpg,1,0,0,0
flyingobj_mit,gray,DT (363).jpg,1,0,0,0
flyingobj_mit,gray,DT (213).jpg,1,0,0,0
flyingobj_mit,gray,DT (322).jpg,1,0,0,0
flyingobj_mit,gray,DT (66).jpg,1,0,0,0
flyingobj_mit,gray,DT (410).jpg,1,0,0,0
flyingobj_mit,gray,DT (235).jpg,1,0,0,0
flyingobj_mit,gray,DT (205).jpg,1,0,0,0
flyingobj_mit,gray,DT (59).jpg,1,0,0,0
flyingobj_mit,gray,DT (288).jpg,1,0,0,0
flyingobj_mit,gray,DT (377).jpg,1,0,0,0
flyingobj_mit,gray,DT (28).jpg,1,0,0,0
flyingobj_mit,gray,DT (224).jpg,1,0,0,0
flyingobj_mit,gray,DT (92).jpg,1,0,0,0
flyingobj_mit,gray,DT (247).jpg,1,0,0,0
flyingobj_mit,gray,DT (198).jpg,1,0,0,0
flyingobj_mit,gray,DT (119).jpg,1,0,0,0
flyingobj_mit,gray,DT (421).jpg,1,0,0,0
flyingobj_mit,gray,DT (513).jpg,1,0,0,0
flyingobj_mit,gray,DT (441).jpg,1,0,0,0
flyingobj_mit,gray,DT (405).jpg,1,0,0,0
flyingobj_mit,gray,DT (333).jpg,1,0,0,0
flyingobj_mit,gray,DT (335).jpg,1,0,0,0
flyingobj_mit,gray,DT (78).jpg,1,0,0,0
flyingobj_mit,gray,DT (33).jpg,1,0,0,0
flyingobj_mit,gray,DT (292).jpg,1,0,0,0
flyingobj_mit,gray,DT (435).jpg,1,0,0,0
flyingobj_mit,gray,DT (490).jpg,1,0,0,0
flyingobj_mit,gray,DT (230).jpg,1,0,0,0
flyingobj_mit,gray,DT (338).jpg,1,0,0,0
flyingobj_mit,gray,DT (266).jpg,1,0,0,0
flyingobj_mit,gray,DT (357).jpg,1,0,0,0
flyingobj_mit,gray,DT (305).jpg,1,0,0,0
flyingobj_mit,gray,DT (31).jpg,1,0,0,0
flyingobj_mit,gray,DT (99).jpg,1,0,0,0
flyingobj_mit,gray,DT (398).jpg,1,0,0,0
flyingobj_mit,gray,DT (432).jpg,1,0,0,0
flyingobj_mit,gray,DT (176).jpg,1,0,0,0
flyingobj_mit,gray,DT (347).jpg,1,0,0,0
flyingobj_mit,gray,DT (133).jpg,1,0,0,0
flyingobj_mit,gray,DT (388).jpg,1,0,0,0
flyingobj_mit,gray,DT (100).jpg,1,0,0,0
flyingobj_mit,gray,DT (418).jpg,1,0,0,0
flyingobj_mit,gray,DT (518).jpg,1,0,0,0
flyingobj_mit,gray,DT (147).jpg,1,0,0,0
flyingobj_mit,gray,DT (462).jpg,1,0,0,0
flyingobj_mit,gray,DT (222).jpg,1,0,0,0
flyingobj_mit,gray,DT (483).jpg,1,0,0,0
flyingobj_mit,gray,DT (2).jpg,1,0,0,0
flyingobj_mit,gray,DT (204).jpg,1,0,0,0
flyingobj_mit,gray,DT (479).jpg,1,0,0,0
flyingobj_mit,gray,DT (275).jpg,1,0,0,0
flyingobj_mit,gray,DT (257).jpg,1,0,0,0
flyingobj_mit,gray,DT (494).jpg,1,0,0,0
flyingobj_mit,gray,DT (183).jpg,1,0,0,0
flyingobj_mit,gray,DT (298).jpg,1,0,0,0
flyingobj_mit,gray,DT (9).jpg,1,0,0,0
flyingobj_mit,gray,DT (89).jpg,1,0,0,0
flyingobj_mit,gray,DT (146).jpg,1,0,0,0
flyingobj_mit,gray,DT (466).jpg,1,0,0,0
flyingobj_mit,gray,DT (108).jpg,1,0,0,0
flyingobj_mit,gray,DT (102).jpg,1,0,0,0
flyingobj_mit,gray,DT (423).jpg,1,0,0,0
flyingobj_mit,gray,DT (134).jpg,1,0,0,0
flyingobj_mit,gray,DT (372).jpg,1,0,0,0
flyingobj_mit,gray,DT (179).jpg,1,0,0,0
flyingobj_mit,gray,DT (248).jpg,1,0,0,0
flyingobj_mit,gray,DT (282).jpg,1,0,0,0
flyingobj_mit,gray,DT (374).jpg,1,0,0,0
flyingobj_mit,gray,DT (250).jpg,1,0,0,0
flyingobj_mit,gray,DT (13).jpg,1,0,0,0
flyingobj_mit,gray,DT (158).jpg,1,0,0,0
flyingobj_mit,gray,DT (369).jpg,1,0,0,0
flyingobj_mit,gray,DT (202).jpg,1,0,0,0
flyingobj_mit,gray,DT (162).jpg,1,0,0,0
flyingobj_mit,gray,DT (103).jpg,1,0,0,0
flyingobj_mit,gray,DT (379).jpg,1,0,0,0
flyingobj_mit,gray,DT (243).jpg,1,0,0,0
flyingobj_mit,gray,DT (190).jpg,1,0,0,0
flyingobj_mit,gray,DT (208).jpg,1,0,0,0
flyingobj_mit,gray,DT (323).jpg,1,0,0,0
flyingobj_mit,gray,DT (403).jpg,1,0,0,0
flyingobj_mit,gray,DT (259).jpg,1,0,0,0
flyingobj_mit,gray,DT (163).jpg,1,0,0,0
flyingobj_mit,gray,DT (169).jpg,1,0,0,0
flyingobj_mit,gray,DT (76).jpg,1,0,0,0
flyingobj_mit,gray,DT (51).jpg,1,0,0,0
flyingobj_mit,gray,DT (239).jpg,1,0,0,0
flyingobj_mit,gray,DT (126).jpg,1,0,0,0
flyingobj_mit,gray,DT (391).jpg,1,0,0,0
flyingobj_mit,gray,DT (121).jpg,1,0,0,0
flyingobj_mit,gray,DT (24).jpg,1,0,0,0
flyingobj_mit,gray,DT (313).jpg,1,0,0,0
flyingobj_mit,gray,BT (112).jpg,0,0,0,0
flyingobj_mit,gray,BT (177).jpg,0,0,0,0
flyingobj_mit,gray,BT (192).jpg,0,0,0,0
flyingobj_mit,gray,BT (21).jpg,0,0,0,0
flyingobj_mit,gray,BT (266).jpg,0,0,0,0
flyingobj_mit,gray,BT (77).jpg,0,0,0,0
flyingobj_mit,gray,BT (222).jpg,0,0,0,0
flyingobj_mit,gray,BT (175).jpg,0,0,0,0
flyingobj_mit,gray,BT (40).jpg,0,0,0,0
flyingobj_mit,gray,BT (308).jpg,0,0,0,0
flyingobj_mit,gray,BT (299).jpg,0,0,0,0
flyingobj_mit,gray,BT (11).jpg,0,0,0,0
flyingobj_mit,gray,BT (102).jpg,0,0,0,0
flyingobj_mit,gray,BT (190).jpg,0,0,0,0
flyingobj_mit,gray,BT (99).jpg,0,0,0,0
flyingobj_mit,gray,BT (53).jpg,0,0,0,0
flyingobj_mit,gray,BT (139).jpg,0,0,0,0
flyingobj_mit,gray,BT (81).jpg,0,0,0,0
flyingobj_mit,gray,BT (101).jpg,0,0,0,0
flyingobj_mit,gray,BT (93).jpg,0,0,0,0
flyingobj_mit,gray,BT (64).jpg,0,0,0,0
flyingobj_mit,gray,BT (82).jpg,0,0,0,0
flyingobj_mit,gray,BT (106).jpg,0,0,0,0
flyingobj_mit,gray,BT (45).jpg,0,0,0,0
flyingobj_mit,gray,BT (20).jpg,0,0,0,0
flyingobj_mit,gray,BT (191).jpg,0,0,0,0
flyingobj_mit,gray,BT (271).jpg,0,0,0,0
flyingobj_mit,gray,BT (144).jpg,0,0,0,0
flyingobj_mit,gray,BT (297).jpg,0,0,0,0
flyingobj_mit,gray,BT (357).jpg,0,0,0,0
flyingobj_mit,gray,BT (160).jpg,0,0,0,0
flyingobj_mit,gray,BT (41).jpg,0,0,0,0
flyingobj_mit,gray,BT (87).jpg,0,0,0,0
flyingobj_mit,gray,BT (290).jpg,0,0,0,0
flyingobj_mit,gray,BT (256).jpg,0,0,0,0
flyingobj_mit,gray,BT (37).jpg,0,0,0,0
flyingobj_mit,gray,BT (165).jpg,0,0,0,0
flyingobj_mit,gray,BT (321).jpg,0,0,0,0
flyingobj_mit,gray,BT (143).jpg,0,0,0,0
flyingobj_mit,gray,BT (294).jpg,0,0,0,0
flyingobj_mit,gray,BT (3).jpg,0,0,0,0
flyingobj_mit,gray,BT (27).jpg,0,0,0,0
flyingobj_mit,gray,BT (137).jpg,0,0,0,0
flyingobj_mit,gray,BT (348).jpg,0,0,0,0
flyingobj_mit,gray,BT (298).jpg,0,0,0,0
flyingobj_mit,gray,BT (72).jpg,0,0,0,0
flyingobj_mit,gray,BT (231).jpg,0,0,0,0
flyingobj_mit,gray,BT (79).jpg,0,0,0,0
flyingobj_mit,gray,BT (293).jpg,0,0,0,0
flyingobj_mit,gray,BT (284).jpg,0,1,0,1
flyingobj_mit,gray,BT (225).jpg,0,0,0,0
flyingobj_mit,gray,BT (334).jpg,0,0,0,0
flyingobj_mit,gray,BT (161).jpg,0,0,0,0
flyingobj_mit,gray,BT (286).jpg,0,1,0,1
flyingobj_mit,gray,BT (170).jpg,0,0,0,0
flyingobj_mit,gray,BT (218).jpg,0,0,0,0
flyingobj_mit,gray,BT (344).jpg,0,0,0,0
flyingobj_mit,gray,BT (282).jpg,0,0,0,0
flyingobj_mit,gray,BT (86).jpg,0,0,0,0
flyingobj_mit,gray,BT (233).jpg,0,0,0,0
flyingobj_mit,gray,BT (107).jpg,0,0,0,0
flyingobj_mit,gray,BT (341).jpg,0,0,0,0
flyingobj_mit,gray,BT (13).jpg,0,0,0,0
flyingobj_mit,gray,BT (322).jpg,0,0,0,0
flyingobj_mit,gray,BT (244).jpg,0,0,0,0
flyingobj_mit,gray,BT (25).jpg,0,0,0,0
flyingobj_mit,gray,BT (123).jpg,0,0,0,0
flyingobj_mit,gray,BT (211).jpg,0,0,0,0
flyingobj_mit,gray,BT (207).jpg,0,0,0,0
flyingobj_mit,gray,BT (178).jpg,0,0,0,0
flyingobj_mit,gray,BT (33).jpg,0,0,0,0
flyingobj_mit,gray,BT (188).jpg,0,0,0,0
flyingobj_mit,gray,BT (217).jpg,0,0,0,0
flyingobj_mit,gray,BT (154).jpg,0,0,0,0
flyingobj_mit,gray,BT (32).jpg,0,0,0,0
flyingobj_mit,gray,BT (260).jpg,0,0,0,0
flyingobj_mit,gray,BT (88).jpg,0,0,0,0
flyingobj_mit,gray,BT (242).jpg,0,0,0,0
flyingobj_mit,gray,BT (350).jpg,0,0,0,0
flyingobj_mit,gray,BT (97).jpg,0,0,0,0
flyingobj_mit,gray,BT (36).jpg,0,0,0,0
flyingobj_mit,gray,BT (52).jpg,0,0,0,0
flyingobj_mit,gray,BT (119).jpg,0,0,0,0
flyingobj_mit,gray,BT (70).jpg,0,0,0,0
flyingobj_mit,gray,BT (193).jpg,0,0,0,0
flyingobj_mit,gray,BT (85).jpg,0,0,0,0
flyingobj_mit,gray,BT (356).jpg,0,0,0,0
flyingobj_mit,gray,BT (228).jpg,0,0,0,0
flyingobj_mit,gray,BT (24).jpg,0,0,0,0
flyingobj_mit,gray,BT (249).jpg,0,0,0,0
flyingobj_mit,gray,BT (354).jpg,0,0,0,0
flyingobj_mit,gray,BT (163).jpg,0,0,0,0
flyingobj_mit,gray,BT (111).jpg,0,0,0,0
flyingobj_mit,gray,BT (130).jpg,0,1,0,1
flyingobj_mit,gray,BT (110).jpg,0,0,0,0
flyingobj_mit,gray,BT (312).jpg,0,0,0,0
flyingobj_mit,gray,BT (304).jpg,0,0,0,0
flyingobj_mit,gray,BT (224).jpg,0,0,0,0
flyingobj_mit,gray,BT (317).jpg,0,0,0,0
flyingobj_mit,gray,BT (2).jpg,0,0,0,0
flyingobj_mit,gray,BT (90).jpg,0,0,0,0
flyingobj_mit,gray,BT (200).jpg,0,0,0,0
flyingobj_mit,gray,BT (39).jpg,0,0,0,0
flyingobj_mit,gray,BT (29).jpg,0,0,0,0
flyingobj_mit,gray,BT (323).jpg,0,0,0,0
flyingobj_mit,gray,BT (274).jpg,0,0,0,0
flyingobj_mit,gray,BT (262).jpg,0,1,0,1
flyingobj_mit,gray,BT (142).jpg,0,0,0,0
flyingobj_mit,gray,BT (246).jpg,0,0,0,0
flyingobj_mit,gray,BT (351).jpg,0,0,0,0
flyingobj_mit,gray,BT (204).jpg,0,0,0,0
flyingobj_mit,gray,BT (223).jpg,0,0,0,0
flyingobj_mit,gray,BT (227).jpg,0,0,0,0
flyingobj_mit,gray,BT (345).jpg,0,0,0,0
flyingobj_mit,gray,BT (89).jpg,0,0,0,0
flyingobj_mit,gray,BT (324).jpg,0,0,0,0
flyingobj_mit,gray,BT (6).jpg,0,0,0,0
flyingobj_mit,gray,BT (172).jpg,0,0,0,0
flyingobj_mit,gray,BT (212).jpg,0,0,0,0
flyingobj_mit,gray,BT (148).jpg,0,0,0,0
flyingobj_mit,gray,BT (240).jpg,0,0,0,0
flyingobj_mit,gray,BT (358).jpg,0,0,0,0
flyingobj_mit,gray,BT (205).jpg,0,0,0,0
flyingobj_mit,gray,BT (285).jpg,0,0,0,0
flyingobj_mit,gray,BT (245).jpg,0,0,0,0
flyingobj_mit,gray,BT (162).jpg,0,0,0,0
flyingobj_mit,gray,BT (329).jpg,0,0,0,0
flyingobj_mit,gray,BT (220).jpg,0,0,0,0
flyingobj_mit,gray,BT (328).jpg,0,0,0,0
flyingobj_mit,gray,BT (267).jpg,0,0,0,0
flyingobj_mit,gray,BT (335).jpg,0,0,0,0
flyingobj_mit,gray,BT (19).jpg,0,0,0,0
flyingobj_mit,gray,BT (103).jpg,0,0,0,0
flyingobj_mit,gray,BT (247).jpg,0,0,0,0
flyingobj_mit,gray,BT (327).jpg,0,0,0,0
flyingobj_mit,gray,BT (8).jpg,0,0,0,0
flyingobj_mit,gray,BT (185).jpg,0,0,0,0
flyingobj_mit,gray,BT (241).jpg,0,0,0,0
flyingobj_mit,gray,BT (255).jpg,0,0,0,0
flyingobj_mit,gray,BT (153).jpg,0,0,0,0
flyingobj_mit,gray,BT (96).jpg,0,0,0,0
flyingobj_mit,gray,BT (58).jpg,0,0,0,0
flyingobj_mit,gray,BT (171).jpg,0,0,0,0
flyingobj_mit,gray,BT (150).jpg,0,0,0,0
flyingobj_mit,gray,BT (128).jpg,0,0,0,0
flyingobj_mit,gray,BT (30).jpg,0,0,0,0
flyingobj_mit,gray,BT (336).jpg,0,0,0,0
flyingobj_mit,gray,BT (135).jpg,0,0,0,0
flyingobj_mit,gray,BT (301).jpg,0,0,0,0
flyingobj_mit,gray,BT (71).jpg,0,0,0,0
